ISO-10303-21;
HEADER;
FILE_DESCRIPTION(('KiCad electronic assembly'),'2;1');
FILE_NAME('absolute_encoder_breakout.step','2025-11-15T08:52:53',(
    'Pcbnew'),('Kicad'),'Open CASCADE STEP processor 7.8',
  'KiCad to STEP converter','Unknown');
FILE_SCHEMA(('AUTOMOTIVE_DESIGN { 1 0 10303 214 1 1 1 1 }'));
ENDSEC;
DATA;
#1 = APPLICATION_PROTOCOL_DEFINITION('international standard',
  'automotive_design',2000,#2);
#2 = APPLICATION_CONTEXT(
  'core data for automotive mechanical design processes');
#3 = SHAPE_DEFINITION_REPRESENTATION(#4,#10);
#4 = PRODUCT_DEFINITION_SHAPE('','',#5);
#5 = PRODUCT_DEFINITION('design','',#6,#9);
#6 = PRODUCT_DEFINITION_FORMATION('','',#7);
#7 = PRODUCT('absolute_encoder_breakout 1','absolute_encoder_breakout 1'
  ,'',(#8));
#8 = PRODUCT_CONTEXT('',#2,'mechanical');
#9 = PRODUCT_DEFINITION_CONTEXT('part definition',#2,'design');
#10 = SHAPE_REPRESENTATION('',(#11,#15,#19,#23,#27,#31),#35);
#11 = AXIS2_PLACEMENT_3D('',#12,#13,#14);
#12 = CARTESIAN_POINT('',(0.,0.,0.));
#13 = DIRECTION('',(0.,0.,1.));
#14 = DIRECTION('',(1.,0.,-0.));
#15 = AXIS2_PLACEMENT_3D('',#16,#17,#18);
#16 = CARTESIAN_POINT('',(139.319,-74.611,1.595));
#17 = DIRECTION('',(0.,-0.,1.));
#18 = DIRECTION('',(1.110223024625E-16,1.,0.));
#19 = AXIS2_PLACEMENT_3D('',#20,#21,#22);
#20 = CARTESIAN_POINT('',(143.854,-72.676,-8.5E-02));
#21 = DIRECTION('',(-1.224646799147E-16,-1.359631073447E-32,-1.));
#22 = DIRECTION('',(1.110223024625E-16,-1.,0.));
#23 = AXIS2_PLACEMENT_3D('',#24,#25,#26);
#24 = CARTESIAN_POINT('',(140.208,-73.152,-8.5E-02));
#25 = DIRECTION('',(1.499759782662E-32,1.224646799147E-16,-1.));
#26 = DIRECTION('',(-1.,1.224646799147E-16,0.));
#27 = AXIS2_PLACEMENT_3D('',#28,#29,#30);
#28 = CARTESIAN_POINT('',(140.208,-74.803,-8.5E-02));
#29 = DIRECTION('',(1.499759782662E-32,1.224646799147E-16,-1.));
#30 = DIRECTION('',(-1.,1.224646799147E-16,0.));
#31 = AXIS2_PLACEMENT_3D('',#32,#33,#34);
#32 = CARTESIAN_POINT('',(0.,0.,0.));
#33 = DIRECTION('',(0.,0.,1.));
#34 = DIRECTION('',(1.,0.,-0.));
#35 = ( GEOMETRIC_REPRESENTATION_CONTEXT(3) 
GLOBAL_UNCERTAINTY_ASSIGNED_CONTEXT((#39)) GLOBAL_UNIT_ASSIGNED_CONTEXT(
(#36,#37,#38)) REPRESENTATION_CONTEXT('Context #1',
  '3D Context with UNIT and UNCERTAINTY') );
#36 = ( LENGTH_UNIT() NAMED_UNIT(*) SI_UNIT(.MILLI.,.METRE.) );
#37 = ( NAMED_UNIT(*) PLANE_ANGLE_UNIT() SI_UNIT($,.RADIAN.) );
#38 = ( NAMED_UNIT(*) SI_UNIT($,.STERADIAN.) SOLID_ANGLE_UNIT() );
#39 = UNCERTAINTY_MEASURE_WITH_UNIT(LENGTH_MEASURE(1.E-07),#36,
  'distance_accuracy_value','confusion accuracy');
#40 = PRODUCT_RELATED_PRODUCT_CATEGORY('part',$,(#7));
#41 = SHAPE_DEFINITION_REPRESENTATION(#42,#48);
#42 = PRODUCT_DEFINITION_SHAPE('','',#43);
#43 = PRODUCT_DEFINITION('design','',#44,#47);
#44 = PRODUCT_DEFINITION_FORMATION('','',#45);
#45 = PRODUCT('SOIC-8_3.9x4.9mm_P1.27mm','SOIC-8_3.9x4.9mm_P1.27mm','',(
    #46));
#46 = PRODUCT_CONTEXT('',#2,'mechanical');
#47 = PRODUCT_DEFINITION_CONTEXT('part definition',#2,'design');
#48 = ADVANCED_BREP_SHAPE_REPRESENTATION('',(#11,#49),#4517);
#49 = MANIFOLD_SOLID_BREP('',#50);
#50 = CLOSED_SHELL('',(#51,#89,#152,#175,#204,#227,#314,#401,#424,#447,
    #464,#487,#575,#591,#621,#652,#683,#714,#745,#776,#807,#838,#855,
    #872,#903,#934,#965,#996,#1027,#1058,#1089,#1119,#1142,#1165,#1182,
    #1227,#1313,#1336,#1359,#1382,#1469,#1507,#1556,#1648,#1673,#1757,
    #1779,#1871,#1896,#1980,#2002,#2094,#2119,#2203,#2220,#2305,#2330,
    #2407,#2492,#2517,#2594,#2611,#2703,#2728,#2812,#2834,#2926,#2951,
    #3035,#3057,#3149,#3174,#3258,#3275,#3294,#3313,#3332,#3378,#3394,
    #3413,#3432,#3451,#3467,#3484,#3496,#3513,#3530,#3547,#3564,#3581,
    #3598,#3615,#3627,#3644,#3661,#3678,#3695,#3712,#3729,#3746,#3758,
    #3775,#3792,#3809,#3826,#3843,#3860,#3877,#3889,#3906,#3923,#3940,
    #3957,#3974,#3991,#4003,#4020,#4037,#4054,#4071,#4088,#4105,#4117,
    #4134,#4151,#4168,#4185,#4202,#4219,#4236,#4248,#4265,#4282,#4299,
    #4316,#4333,#4350,#4367,#4379,#4396,#4413,#4430,#4447,#4464,#4481,
    #4498,#4510));
#51 = ADVANCED_FACE('',(#52),#84,.F.);
#52 = FACE_BOUND('',#53,.F.);
#53 = EDGE_LOOP('',(#54,#64,#71,#79));
#54 = ORIENTED_EDGE('',*,*,#55,.T.);
#55 = EDGE_CURVE('',#56,#58,#60,.T.);
#56 = VERTEX_POINT('',#57);
#57 = CARTESIAN_POINT('',(-1.717585640382,2.335171280765,0.1));
#58 = VERTEX_POINT('',#59);
#59 = CARTESIAN_POINT('',(1.717585640382,2.335171280765,0.1));
#60 = LINE('',#61,#62);
#61 = CARTESIAN_POINT('',(-1.717585640382,2.335171280765,0.1));
#62 = VECTOR('',#63,1.);
#63 = DIRECTION('',(1.,1.110223024625E-16,0.));
#64 = ORIENTED_EDGE('',*,*,#65,.T.);
#65 = EDGE_CURVE('',#58,#66,#68,.T.);
#66 = VERTEX_POINT('',#67);
#67 = CARTESIAN_POINT('',(1.775,2.45,0.825));
#68 = B_SPLINE_CURVE_WITH_KNOTS('',1,(#69,#70),.UNSPECIFIED.,.F.,.F.,(2,
    2),(0.,1.),.PIECEWISE_BEZIER_KNOTS.);
#69 = CARTESIAN_POINT('',(1.717585640382,2.335171280765,0.1));
#70 = CARTESIAN_POINT('',(1.775,2.45,0.825));
#71 = ORIENTED_EDGE('',*,*,#72,.F.);
#72 = EDGE_CURVE('',#73,#66,#75,.T.);
#73 = VERTEX_POINT('',#74);
#74 = CARTESIAN_POINT('',(-1.775,2.45,0.825));
#75 = LINE('',#76,#77);
#76 = CARTESIAN_POINT('',(-1.775,2.45,0.825));
#77 = VECTOR('',#78,1.);
#78 = DIRECTION('',(1.,1.110223024625E-16,0.));
#79 = ORIENTED_EDGE('',*,*,#80,.F.);
#80 = EDGE_CURVE('',#56,#73,#81,.T.);
#81 = B_SPLINE_CURVE_WITH_KNOTS('',1,(#82,#83),.UNSPECIFIED.,.F.,.F.,(2,
    2),(0.,1.),.PIECEWISE_BEZIER_KNOTS.);
#82 = CARTESIAN_POINT('',(-1.717585640382,2.335171280765,0.1));
#83 = CARTESIAN_POINT('',(-1.775,2.45,0.825));
#84 = B_SPLINE_SURFACE_WITH_KNOTS('',1,1,(
    (#85,#86)
    ,(#87,#88)),.UNSPECIFIED.,.F.,.F.,.F.,(2,2),(2,2),(0.,3.55),(0.,1.),
  .PIECEWISE_BEZIER_KNOTS.);
#85 = CARTESIAN_POINT('',(-1.717585640382,2.335171280765,0.1));
#86 = CARTESIAN_POINT('',(-1.775,2.45,0.825));
#87 = CARTESIAN_POINT('',(1.717585640382,2.335171280765,0.1));
#88 = CARTESIAN_POINT('',(1.775,2.45,0.825));
#89 = ADVANCED_FACE('',(#90),#147,.F.);
#90 = FACE_BOUND('',#91,.T.);
#91 = EDGE_LOOP('',(#92,#93,#101,#109,#117,#125,#133,#141));
#92 = ORIENTED_EDGE('',*,*,#55,.T.);
#93 = ORIENTED_EDGE('',*,*,#94,.T.);
#94 = EDGE_CURVE('',#58,#95,#97,.T.);
#95 = VERTEX_POINT('',#96);
#96 = CARTESIAN_POINT('',(1.835171280765,2.217585640382,0.1));
#97 = LINE('',#98,#99);
#98 = CARTESIAN_POINT('',(1.717585640382,2.335171280765,0.1));
#99 = VECTOR('',#100,1.);
#100 = DIRECTION('',(0.707106781187,-0.707106781187,0.));
#101 = ORIENTED_EDGE('',*,*,#102,.T.);
#102 = EDGE_CURVE('',#95,#103,#105,.T.);
#103 = VERTEX_POINT('',#104);
#104 = CARTESIAN_POINT('',(1.835171280765,-2.217585640382,0.1));
#105 = LINE('',#106,#107);
#106 = CARTESIAN_POINT('',(1.835171280765,2.217585640382,0.1));
#107 = VECTOR('',#108,1.);
#108 = DIRECTION('',(1.110223024625E-16,-1.,0.));
#109 = ORIENTED_EDGE('',*,*,#110,.T.);
#110 = EDGE_CURVE('',#103,#111,#113,.T.);
#111 = VERTEX_POINT('',#112);
#112 = CARTESIAN_POINT('',(1.717585640382,-2.335171280765,0.1));
#113 = LINE('',#114,#115);
#114 = CARTESIAN_POINT('',(1.835171280765,-2.217585640382,0.1));
#115 = VECTOR('',#116,1.);
#116 = DIRECTION('',(-0.707106781187,-0.707106781187,0.));
#117 = ORIENTED_EDGE('',*,*,#118,.T.);
#118 = EDGE_CURVE('',#111,#119,#121,.T.);
#119 = VERTEX_POINT('',#120);
#120 = CARTESIAN_POINT('',(-1.717585640382,-2.335171280765,0.1));
#121 = LINE('',#122,#123);
#122 = CARTESIAN_POINT('',(1.717585640382,-2.335171280765,0.1));
#123 = VECTOR('',#124,1.);
#124 = DIRECTION('',(-1.,-1.110223024625E-16,0.));
#125 = ORIENTED_EDGE('',*,*,#126,.T.);
#126 = EDGE_CURVE('',#119,#127,#129,.T.);
#127 = VERTEX_POINT('',#128);
#128 = CARTESIAN_POINT('',(-1.835171280765,-2.217585640382,0.1));
#129 = LINE('',#130,#131);
#130 = CARTESIAN_POINT('',(-1.717585640382,-2.335171280765,0.1));
#131 = VECTOR('',#132,1.);
#132 = DIRECTION('',(-0.707106781187,0.707106781187,0.));
#133 = ORIENTED_EDGE('',*,*,#134,.T.);
#134 = EDGE_CURVE('',#127,#135,#137,.T.);
#135 = VERTEX_POINT('',#136);
#136 = CARTESIAN_POINT('',(-1.835171280765,2.217585640382,0.1));
#137 = LINE('',#138,#139);
#138 = CARTESIAN_POINT('',(-1.835171280765,-2.217585640382,0.1));
#139 = VECTOR('',#140,1.);
#140 = DIRECTION('',(-1.110223024625E-16,1.,0.));
#141 = ORIENTED_EDGE('',*,*,#142,.T.);
#142 = EDGE_CURVE('',#135,#56,#143,.T.);
#143 = LINE('',#144,#145);
#144 = CARTESIAN_POINT('',(-1.835171280765,2.217585640382,0.1));
#145 = VECTOR('',#146,1.);
#146 = DIRECTION('',(0.707106781187,0.707106781187,0.));
#147 = PLANE('',#148);
#148 = AXIS2_PLACEMENT_3D('',#149,#150,#151);
#149 = CARTESIAN_POINT('',(-1.717585640382,2.335171280765,0.1));
#150 = DIRECTION('',(0.,0.,1.));
#151 = DIRECTION('',(0.592513131498,-0.805560791625,0.));
#152 = ADVANCED_FACE('',(#153),#170,.F.);
#153 = FACE_BOUND('',#154,.F.);
#154 = EDGE_LOOP('',(#155,#156,#163,#169));
#155 = ORIENTED_EDGE('',*,*,#94,.T.);
#156 = ORIENTED_EDGE('',*,*,#157,.T.);
#157 = EDGE_CURVE('',#95,#158,#160,.T.);
#158 = VERTEX_POINT('',#159);
#159 = CARTESIAN_POINT('',(1.95,2.275,0.825));
#160 = B_SPLINE_CURVE_WITH_KNOTS('',1,(#161,#162),.UNSPECIFIED.,.F.,.F.,
  (2,2),(0.,1.),.PIECEWISE_BEZIER_KNOTS.);
#161 = CARTESIAN_POINT('',(1.835171280765,2.217585640382,0.1));
#162 = CARTESIAN_POINT('',(1.95,2.275,0.825));
#163 = ORIENTED_EDGE('',*,*,#164,.F.);
#164 = EDGE_CURVE('',#66,#158,#165,.T.);
#165 = LINE('',#166,#167);
#166 = CARTESIAN_POINT('',(1.775,2.45,0.825));
#167 = VECTOR('',#168,1.);
#168 = DIRECTION('',(0.707106781187,-0.707106781187,0.));
#169 = ORIENTED_EDGE('',*,*,#65,.F.);
#170 = B_SPLINE_SURFACE_WITH_KNOTS('',1,1,(
    (#171,#172)
    ,(#173,#174
    )),.UNSPECIFIED.,.F.,.F.,.F.,(2,2),(2,2),(0.,0.247487373415),(0.,1.)
  ,.PIECEWISE_BEZIER_KNOTS.);
#171 = CARTESIAN_POINT('',(1.717585640382,2.335171280765,0.1));
#172 = CARTESIAN_POINT('',(1.775,2.45,0.825));
#173 = CARTESIAN_POINT('',(1.835171280765,2.217585640382,0.1));
#174 = CARTESIAN_POINT('',(1.95,2.275,0.825));
#175 = ADVANCED_FACE('',(#176),#199,.F.);
#176 = FACE_BOUND('',#177,.F.);
#177 = EDGE_LOOP('',(#178,#179,#186,#194));
#178 = ORIENTED_EDGE('',*,*,#72,.T.);
#179 = ORIENTED_EDGE('',*,*,#180,.T.);
#180 = EDGE_CURVE('',#66,#181,#183,.T.);
#181 = VERTEX_POINT('',#182);
#182 = CARTESIAN_POINT('',(1.775,2.45,1.025));
#183 = B_SPLINE_CURVE_WITH_KNOTS('',1,(#184,#185),.UNSPECIFIED.,.F.,.F.,
  (2,2),(0.,1.),.PIECEWISE_BEZIER_KNOTS.);
#184 = CARTESIAN_POINT('',(1.775,2.45,0.825));
#185 = CARTESIAN_POINT('',(1.775,2.45,1.025));
#186 = ORIENTED_EDGE('',*,*,#187,.F.);
#187 = EDGE_CURVE('',#188,#181,#190,.T.);
#188 = VERTEX_POINT('',#189);
#189 = CARTESIAN_POINT('',(-1.775,2.45,1.025));
#190 = LINE('',#191,#192);
#191 = CARTESIAN_POINT('',(-1.775,2.45,1.025));
#192 = VECTOR('',#193,1.);
#193 = DIRECTION('',(1.,1.110223024625E-16,0.));
#194 = ORIENTED_EDGE('',*,*,#195,.F.);
#195 = EDGE_CURVE('',#73,#188,#196,.T.);
#196 = B_SPLINE_CURVE_WITH_KNOTS('',1,(#197,#198),.UNSPECIFIED.,.F.,.F.,
  (2,2),(0.,1.),.PIECEWISE_BEZIER_KNOTS.);
#197 = CARTESIAN_POINT('',(-1.775,2.45,0.825));
#198 = CARTESIAN_POINT('',(-1.775,2.45,1.025));
#199 = PLANE('',#200);
#200 = AXIS2_PLACEMENT_3D('',#201,#202,#203);
#201 = CARTESIAN_POINT('',(-1.775,2.45,1.025));
#202 = DIRECTION('',(1.110223024625E-16,-1.,0.));
#203 = DIRECTION('',(1.,1.110223024625E-16,0.));
#204 = ADVANCED_FACE('',(#205),#222,.F.);
#205 = FACE_BOUND('',#206,.F.);
#206 = EDGE_LOOP('',(#207,#208,#209,#217));
#207 = ORIENTED_EDGE('',*,*,#142,.T.);
#208 = ORIENTED_EDGE('',*,*,#80,.T.);
#209 = ORIENTED_EDGE('',*,*,#210,.F.);
#210 = EDGE_CURVE('',#211,#73,#213,.T.);
#211 = VERTEX_POINT('',#212);
#212 = CARTESIAN_POINT('',(-1.95,2.275,0.825));
#213 = LINE('',#214,#215);
#214 = CARTESIAN_POINT('',(-1.95,2.275,0.825));
#215 = VECTOR('',#216,1.);
#216 = DIRECTION('',(0.707106781187,0.707106781187,0.));
#217 = ORIENTED_EDGE('',*,*,#218,.F.);
#218 = EDGE_CURVE('',#135,#211,#219,.T.);
#219 = B_SPLINE_CURVE_WITH_KNOTS('',1,(#220,#221),.UNSPECIFIED.,.F.,.F.,
  (2,2),(0.,1.),.PIECEWISE_BEZIER_KNOTS.);
#220 = CARTESIAN_POINT('',(-1.835171280765,2.217585640382,0.1));
#221 = CARTESIAN_POINT('',(-1.95,2.275,0.825));
#222 = B_SPLINE_SURFACE_WITH_KNOTS('',1,1,(
    (#223,#224)
    ,(#225,#226
    )),.UNSPECIFIED.,.F.,.F.,.F.,(2,2),(2,2),(0.,0.247487373415),(0.,1.)
  ,.PIECEWISE_BEZIER_KNOTS.);
#223 = CARTESIAN_POINT('',(-1.835171280765,2.217585640382,0.1));
#224 = CARTESIAN_POINT('',(-1.95,2.275,0.825));
#225 = CARTESIAN_POINT('',(-1.717585640382,2.335171280765,0.1));
#226 = CARTESIAN_POINT('',(-1.775,2.45,0.825));
#227 = ADVANCED_FACE('',(#228),#309,.F.);
#228 = FACE_BOUND('',#229,.F.);
#229 = EDGE_LOOP('',(#230,#231,#232,#240,#248,#256,#264,#272,#280,#288,
    #296,#304));
#230 = ORIENTED_EDGE('',*,*,#134,.T.);
#231 = ORIENTED_EDGE('',*,*,#218,.T.);
#232 = ORIENTED_EDGE('',*,*,#233,.F.);
#233 = EDGE_CURVE('',#234,#211,#236,.T.);
#234 = VERTEX_POINT('',#235);
#235 = CARTESIAN_POINT('',(-1.95,2.11,0.825));
#236 = LINE('',#237,#238);
#237 = CARTESIAN_POINT('',(-1.95,-2.275,0.825));
#238 = VECTOR('',#239,1.);
#239 = DIRECTION('',(-1.110223024625E-16,1.,0.));
#240 = ORIENTED_EDGE('',*,*,#241,.F.);
#241 = EDGE_CURVE('',#242,#234,#244,.T.);
#242 = VERTEX_POINT('',#243);
#243 = CARTESIAN_POINT('',(-1.95,1.7,0.825));
#244 = LINE('',#245,#246);
#245 = CARTESIAN_POINT('',(-1.95,-2.275,0.825));
#246 = VECTOR('',#247,1.);
#247 = DIRECTION('',(-1.110223024625E-16,1.,0.));
#248 = ORIENTED_EDGE('',*,*,#249,.F.);
#249 = EDGE_CURVE('',#250,#242,#252,.T.);
#250 = VERTEX_POINT('',#251);
#251 = CARTESIAN_POINT('',(-1.95,0.84,0.825));
#252 = LINE('',#253,#254);
#253 = CARTESIAN_POINT('',(-1.95,-2.275,0.825));
#254 = VECTOR('',#255,1.);
#255 = DIRECTION('',(-1.110223024625E-16,1.,0.));
#256 = ORIENTED_EDGE('',*,*,#257,.F.);
#257 = EDGE_CURVE('',#258,#250,#260,.T.);
#258 = VERTEX_POINT('',#259);
#259 = CARTESIAN_POINT('',(-1.95,0.43,0.825));
#260 = LINE('',#261,#262);
#261 = CARTESIAN_POINT('',(-1.95,-2.275,0.825));
#262 = VECTOR('',#263,1.);
#263 = DIRECTION('',(-1.110223024625E-16,1.,0.));
#264 = ORIENTED_EDGE('',*,*,#265,.F.);
#265 = EDGE_CURVE('',#266,#258,#268,.T.);
#266 = VERTEX_POINT('',#267);
#267 = CARTESIAN_POINT('',(-1.95,-0.43,0.825));
#268 = LINE('',#269,#270);
#269 = CARTESIAN_POINT('',(-1.95,-2.275,0.825));
#270 = VECTOR('',#271,1.);
#271 = DIRECTION('',(-1.110223024625E-16,1.,0.));
#272 = ORIENTED_EDGE('',*,*,#273,.F.);
#273 = EDGE_CURVE('',#274,#266,#276,.T.);
#274 = VERTEX_POINT('',#275);
#275 = CARTESIAN_POINT('',(-1.95,-0.84,0.825));
#276 = LINE('',#277,#278);
#277 = CARTESIAN_POINT('',(-1.95,-2.275,0.825));
#278 = VECTOR('',#279,1.);
#279 = DIRECTION('',(-1.110223024625E-16,1.,0.));
#280 = ORIENTED_EDGE('',*,*,#281,.F.);
#281 = EDGE_CURVE('',#282,#274,#284,.T.);
#282 = VERTEX_POINT('',#283);
#283 = CARTESIAN_POINT('',(-1.95,-1.7,0.825));
#284 = LINE('',#285,#286);
#285 = CARTESIAN_POINT('',(-1.95,-2.275,0.825));
#286 = VECTOR('',#287,1.);
#287 = DIRECTION('',(-1.110223024625E-16,1.,0.));
#288 = ORIENTED_EDGE('',*,*,#289,.F.);
#289 = EDGE_CURVE('',#290,#282,#292,.T.);
#290 = VERTEX_POINT('',#291);
#291 = CARTESIAN_POINT('',(-1.95,-2.11,0.825));
#292 = LINE('',#293,#294);
#293 = CARTESIAN_POINT('',(-1.95,-2.275,0.825));
#294 = VECTOR('',#295,1.);
#295 = DIRECTION('',(-1.110223024625E-16,1.,0.));
#296 = ORIENTED_EDGE('',*,*,#297,.F.);
#297 = EDGE_CURVE('',#298,#290,#300,.T.);
#298 = VERTEX_POINT('',#299);
#299 = CARTESIAN_POINT('',(-1.95,-2.275,0.825));
#300 = LINE('',#301,#302);
#301 = CARTESIAN_POINT('',(-1.95,-2.275,0.825));
#302 = VECTOR('',#303,1.);
#303 = DIRECTION('',(-1.110223024625E-16,1.,0.));
#304 = ORIENTED_EDGE('',*,*,#305,.F.);
#305 = EDGE_CURVE('',#127,#298,#306,.T.);
#306 = B_SPLINE_CURVE_WITH_KNOTS('',1,(#307,#308),.UNSPECIFIED.,.F.,.F.,
  (2,2),(0.,1.),.PIECEWISE_BEZIER_KNOTS.);
#307 = CARTESIAN_POINT('',(-1.835171280765,-2.217585640382,0.1));
#308 = CARTESIAN_POINT('',(-1.95,-2.275,0.825));
#309 = B_SPLINE_SURFACE_WITH_KNOTS('',1,1,(
    (#310,#311)
    ,(#312,#313
    )),.UNSPECIFIED.,.F.,.F.,.F.,(2,2),(2,2),(0.,4.55),(0.,1.),
  .PIECEWISE_BEZIER_KNOTS.);
#310 = CARTESIAN_POINT('',(-1.835171280765,-2.217585640382,0.1));
#311 = CARTESIAN_POINT('',(-1.95,-2.275,0.825));
#312 = CARTESIAN_POINT('',(-1.835171280765,2.217585640382,0.1));
#313 = CARTESIAN_POINT('',(-1.95,2.275,0.825));
#314 = ADVANCED_FACE('',(#315),#396,.F.);
#315 = FACE_BOUND('',#316,.F.);
#316 = EDGE_LOOP('',(#317,#318,#325,#333,#341,#349,#357,#365,#373,#381,
    #389,#395));
#317 = ORIENTED_EDGE('',*,*,#102,.T.);
#318 = ORIENTED_EDGE('',*,*,#319,.T.);
#319 = EDGE_CURVE('',#103,#320,#322,.T.);
#320 = VERTEX_POINT('',#321);
#321 = CARTESIAN_POINT('',(1.95,-2.275,0.825));
#322 = B_SPLINE_CURVE_WITH_KNOTS('',1,(#323,#324),.UNSPECIFIED.,.F.,.F.,
  (2,2),(0.,1.),.PIECEWISE_BEZIER_KNOTS.);
#323 = CARTESIAN_POINT('',(1.835171280765,-2.217585640382,0.1));
#324 = CARTESIAN_POINT('',(1.95,-2.275,0.825));
#325 = ORIENTED_EDGE('',*,*,#326,.F.);
#326 = EDGE_CURVE('',#327,#320,#329,.T.);
#327 = VERTEX_POINT('',#328);
#328 = CARTESIAN_POINT('',(1.95,-2.11,0.825));
#329 = LINE('',#330,#331);
#330 = CARTESIAN_POINT('',(1.95,2.275,0.825));
#331 = VECTOR('',#332,1.);
#332 = DIRECTION('',(1.110223024625E-16,-1.,0.));
#333 = ORIENTED_EDGE('',*,*,#334,.F.);
#334 = EDGE_CURVE('',#335,#327,#337,.T.);
#335 = VERTEX_POINT('',#336);
#336 = CARTESIAN_POINT('',(1.95,-1.7,0.825));
#337 = LINE('',#338,#339);
#338 = CARTESIAN_POINT('',(1.95,2.275,0.825));
#339 = VECTOR('',#340,1.);
#340 = DIRECTION('',(1.110223024625E-16,-1.,0.));
#341 = ORIENTED_EDGE('',*,*,#342,.F.);
#342 = EDGE_CURVE('',#343,#335,#345,.T.);
#343 = VERTEX_POINT('',#344);
#344 = CARTESIAN_POINT('',(1.95,-0.84,0.825));
#345 = LINE('',#346,#347);
#346 = CARTESIAN_POINT('',(1.95,2.275,0.825));
#347 = VECTOR('',#348,1.);
#348 = DIRECTION('',(1.110223024625E-16,-1.,0.));
#349 = ORIENTED_EDGE('',*,*,#350,.F.);
#350 = EDGE_CURVE('',#351,#343,#353,.T.);
#351 = VERTEX_POINT('',#352);
#352 = CARTESIAN_POINT('',(1.95,-0.43,0.825));
#353 = LINE('',#354,#355);
#354 = CARTESIAN_POINT('',(1.95,2.275,0.825));
#355 = VECTOR('',#356,1.);
#356 = DIRECTION('',(1.110223024625E-16,-1.,0.));
#357 = ORIENTED_EDGE('',*,*,#358,.F.);
#358 = EDGE_CURVE('',#359,#351,#361,.T.);
#359 = VERTEX_POINT('',#360);
#360 = CARTESIAN_POINT('',(1.95,0.43,0.825));
#361 = LINE('',#362,#363);
#362 = CARTESIAN_POINT('',(1.95,2.275,0.825));
#363 = VECTOR('',#364,1.);
#364 = DIRECTION('',(1.110223024625E-16,-1.,0.));
#365 = ORIENTED_EDGE('',*,*,#366,.F.);
#366 = EDGE_CURVE('',#367,#359,#369,.T.);
#367 = VERTEX_POINT('',#368);
#368 = CARTESIAN_POINT('',(1.95,0.84,0.825));
#369 = LINE('',#370,#371);
#370 = CARTESIAN_POINT('',(1.95,2.275,0.825));
#371 = VECTOR('',#372,1.);
#372 = DIRECTION('',(1.110223024625E-16,-1.,0.));
#373 = ORIENTED_EDGE('',*,*,#374,.F.);
#374 = EDGE_CURVE('',#375,#367,#377,.T.);
#375 = VERTEX_POINT('',#376);
#376 = CARTESIAN_POINT('',(1.95,1.7,0.825));
#377 = LINE('',#378,#379);
#378 = CARTESIAN_POINT('',(1.95,2.275,0.825));
#379 = VECTOR('',#380,1.);
#380 = DIRECTION('',(1.110223024625E-16,-1.,0.));
#381 = ORIENTED_EDGE('',*,*,#382,.F.);
#382 = EDGE_CURVE('',#383,#375,#385,.T.);
#383 = VERTEX_POINT('',#384);
#384 = CARTESIAN_POINT('',(1.95,2.11,0.825));
#385 = LINE('',#386,#387);
#386 = CARTESIAN_POINT('',(1.95,2.275,0.825));
#387 = VECTOR('',#388,1.);
#388 = DIRECTION('',(1.110223024625E-16,-1.,0.));
#389 = ORIENTED_EDGE('',*,*,#390,.F.);
#390 = EDGE_CURVE('',#158,#383,#391,.T.);
#391 = LINE('',#392,#393);
#392 = CARTESIAN_POINT('',(1.95,2.275,0.825));
#393 = VECTOR('',#394,1.);
#394 = DIRECTION('',(1.110223024625E-16,-1.,0.));
#395 = ORIENTED_EDGE('',*,*,#157,.F.);
#396 = B_SPLINE_SURFACE_WITH_KNOTS('',1,1,(
    (#397,#398)
    ,(#399,#400
    )),.UNSPECIFIED.,.F.,.F.,.F.,(2,2),(2,2),(0.,4.55),(0.,1.),
  .PIECEWISE_BEZIER_KNOTS.);
#397 = CARTESIAN_POINT('',(1.835171280765,2.217585640382,0.1));
#398 = CARTESIAN_POINT('',(1.95,2.275,0.825));
#399 = CARTESIAN_POINT('',(1.835171280765,-2.217585640382,0.1));
#400 = CARTESIAN_POINT('',(1.95,-2.275,0.825));
#401 = ADVANCED_FACE('',(#402),#419,.F.);
#402 = FACE_BOUND('',#403,.F.);
#403 = EDGE_LOOP('',(#404,#405,#406,#414));
#404 = ORIENTED_EDGE('',*,*,#126,.T.);
#405 = ORIENTED_EDGE('',*,*,#305,.T.);
#406 = ORIENTED_EDGE('',*,*,#407,.F.);
#407 = EDGE_CURVE('',#408,#298,#410,.T.);
#408 = VERTEX_POINT('',#409);
#409 = CARTESIAN_POINT('',(-1.775,-2.45,0.825));
#410 = LINE('',#411,#412);
#411 = CARTESIAN_POINT('',(-1.775,-2.45,0.825));
#412 = VECTOR('',#413,1.);
#413 = DIRECTION('',(-0.707106781187,0.707106781187,0.));
#414 = ORIENTED_EDGE('',*,*,#415,.F.);
#415 = EDGE_CURVE('',#119,#408,#416,.T.);
#416 = B_SPLINE_CURVE_WITH_KNOTS('',1,(#417,#418),.UNSPECIFIED.,.F.,.F.,
  (2,2),(0.,1.),.PIECEWISE_BEZIER_KNOTS.);
#417 = CARTESIAN_POINT('',(-1.717585640382,-2.335171280765,0.1));
#418 = CARTESIAN_POINT('',(-1.775,-2.45,0.825));
#419 = B_SPLINE_SURFACE_WITH_KNOTS('',1,1,(
    (#420,#421)
    ,(#422,#423
    )),.UNSPECIFIED.,.F.,.F.,.F.,(2,2),(2,2),(0.,0.247487373415),(0.,1.)
  ,.PIECEWISE_BEZIER_KNOTS.);
#420 = CARTESIAN_POINT('',(-1.717585640382,-2.335171280765,0.1));
#421 = CARTESIAN_POINT('',(-1.775,-2.45,0.825));
#422 = CARTESIAN_POINT('',(-1.835171280765,-2.217585640382,0.1));
#423 = CARTESIAN_POINT('',(-1.95,-2.275,0.825));
#424 = ADVANCED_FACE('',(#425),#442,.F.);
#425 = FACE_BOUND('',#426,.F.);
#426 = EDGE_LOOP('',(#427,#428,#435,#441));
#427 = ORIENTED_EDGE('',*,*,#110,.T.);
#428 = ORIENTED_EDGE('',*,*,#429,.T.);
#429 = EDGE_CURVE('',#111,#430,#432,.T.);
#430 = VERTEX_POINT('',#431);
#431 = CARTESIAN_POINT('',(1.775,-2.45,0.825));
#432 = B_SPLINE_CURVE_WITH_KNOTS('',1,(#433,#434),.UNSPECIFIED.,.F.,.F.,
  (2,2),(0.,1.),.PIECEWISE_BEZIER_KNOTS.);
#433 = CARTESIAN_POINT('',(1.717585640382,-2.335171280765,0.1));
#434 = CARTESIAN_POINT('',(1.775,-2.45,0.825));
#435 = ORIENTED_EDGE('',*,*,#436,.F.);
#436 = EDGE_CURVE('',#320,#430,#437,.T.);
#437 = LINE('',#438,#439);
#438 = CARTESIAN_POINT('',(1.95,-2.275,0.825));
#439 = VECTOR('',#440,1.);
#440 = DIRECTION('',(-0.707106781187,-0.707106781187,0.));
#441 = ORIENTED_EDGE('',*,*,#319,.F.);
#442 = B_SPLINE_SURFACE_WITH_KNOTS('',1,1,(
    (#443,#444)
    ,(#445,#446
    )),.UNSPECIFIED.,.F.,.F.,.F.,(2,2),(2,2),(0.,0.247487373415),(0.,1.)
  ,.PIECEWISE_BEZIER_KNOTS.);
#443 = CARTESIAN_POINT('',(1.835171280765,-2.217585640382,0.1));
#444 = CARTESIAN_POINT('',(1.95,-2.275,0.825));
#445 = CARTESIAN_POINT('',(1.717585640382,-2.335171280765,0.1));
#446 = CARTESIAN_POINT('',(1.775,-2.45,0.825));
#447 = ADVANCED_FACE('',(#448),#459,.F.);
#448 = FACE_BOUND('',#449,.F.);
#449 = EDGE_LOOP('',(#450,#451,#452,#458));
#450 = ORIENTED_EDGE('',*,*,#118,.T.);
#451 = ORIENTED_EDGE('',*,*,#415,.T.);
#452 = ORIENTED_EDGE('',*,*,#453,.F.);
#453 = EDGE_CURVE('',#430,#408,#454,.T.);
#454 = LINE('',#455,#456);
#455 = CARTESIAN_POINT('',(1.775,-2.45,0.825));
#456 = VECTOR('',#457,1.);
#457 = DIRECTION('',(-1.,-1.110223024625E-16,0.));
#458 = ORIENTED_EDGE('',*,*,#429,.F.);
#459 = B_SPLINE_SURFACE_WITH_KNOTS('',1,1,(
    (#460,#461)
    ,(#462,#463
    )),.UNSPECIFIED.,.F.,.F.,.F.,(2,2),(2,2),(0.,3.55),(0.,1.),
  .PIECEWISE_BEZIER_KNOTS.);
#460 = CARTESIAN_POINT('',(1.717585640382,-2.335171280765,0.1));
#461 = CARTESIAN_POINT('',(1.775,-2.45,0.825));
#462 = CARTESIAN_POINT('',(-1.717585640382,-2.335171280765,0.1));
#463 = CARTESIAN_POINT('',(-1.775,-2.45,0.825));
#464 = ADVANCED_FACE('',(#465),#482,.F.);
#465 = FACE_BOUND('',#466,.F.);
#466 = EDGE_LOOP('',(#467,#468,#475,#481));
#467 = ORIENTED_EDGE('',*,*,#164,.T.);
#468 = ORIENTED_EDGE('',*,*,#469,.T.);
#469 = EDGE_CURVE('',#158,#470,#472,.T.);
#470 = VERTEX_POINT('',#471);
#471 = CARTESIAN_POINT('',(1.95,2.275,1.025));
#472 = B_SPLINE_CURVE_WITH_KNOTS('',1,(#473,#474),.UNSPECIFIED.,.F.,.F.,
  (2,2),(0.,1.),.PIECEWISE_BEZIER_KNOTS.);
#473 = CARTESIAN_POINT('',(1.95,2.275,0.825));
#474 = CARTESIAN_POINT('',(1.95,2.275,1.025));
#475 = ORIENTED_EDGE('',*,*,#476,.F.);
#476 = EDGE_CURVE('',#181,#470,#477,.T.);
#477 = LINE('',#478,#479);
#478 = CARTESIAN_POINT('',(1.775,2.45,1.025));
#479 = VECTOR('',#480,1.);
#480 = DIRECTION('',(0.707106781187,-0.707106781187,0.));
#481 = ORIENTED_EDGE('',*,*,#180,.F.);
#482 = PLANE('',#483);
#483 = AXIS2_PLACEMENT_3D('',#484,#485,#486);
#484 = CARTESIAN_POINT('',(1.775,2.45,1.025));
#485 = DIRECTION('',(-0.707106781187,-0.707106781187,0.));
#486 = DIRECTION('',(0.707106781187,-0.707106781187,0.));
#487 = ADVANCED_FACE('',(#488),#570,.F.);
#488 = FACE_BOUND('',#489,.F.);
#489 = EDGE_LOOP('',(#490,#498,#499,#500,#508,#516,#524,#532,#540,#548,
    #556,#564));
#490 = ORIENTED_EDGE('',*,*,#491,.T.);
#491 = EDGE_CURVE('',#492,#188,#494,.T.);
#492 = VERTEX_POINT('',#493);
#493 = CARTESIAN_POINT('',(-1.95,2.275,1.025));
#494 = LINE('',#495,#496);
#495 = CARTESIAN_POINT('',(-1.95,2.275,1.025));
#496 = VECTOR('',#497,1.);
#497 = DIRECTION('',(0.707106781187,0.707106781187,0.));
#498 = ORIENTED_EDGE('',*,*,#187,.T.);
#499 = ORIENTED_EDGE('',*,*,#476,.T.);
#500 = ORIENTED_EDGE('',*,*,#501,.T.);
#501 = EDGE_CURVE('',#470,#502,#504,.T.);
#502 = VERTEX_POINT('',#503);
#503 = CARTESIAN_POINT('',(1.95,2.11,1.025));
#504 = LINE('',#505,#506);
#505 = CARTESIAN_POINT('',(1.95,2.275,1.025));
#506 = VECTOR('',#507,1.);
#507 = DIRECTION('',(1.110223024625E-16,-1.,0.));
#508 = ORIENTED_EDGE('',*,*,#509,.T.);
#509 = EDGE_CURVE('',#502,#510,#512,.T.);
#510 = VERTEX_POINT('',#511);
#511 = CARTESIAN_POINT('',(1.875,2.11,1.025));
#512 = LINE('',#513,#514);
#513 = CARTESIAN_POINT('',(2.25,2.11,1.025));
#514 = VECTOR('',#515,1.);
#515 = DIRECTION('',(-1.,-1.110223024625E-16,0.));
#516 = ORIENTED_EDGE('',*,*,#517,.F.);
#517 = EDGE_CURVE('',#518,#510,#520,.T.);
#518 = VERTEX_POINT('',#519);
#519 = CARTESIAN_POINT('',(1.875,2.2375,1.025));
#520 = LINE('',#521,#522);
#521 = CARTESIAN_POINT('',(1.875,2.2375,1.025));
#522 = VECTOR('',#523,1.);
#523 = DIRECTION('',(1.110223024625E-16,-1.,0.));
#524 = ORIENTED_EDGE('',*,*,#525,.F.);
#525 = EDGE_CURVE('',#526,#518,#528,.T.);
#526 = VERTEX_POINT('',#527);
#527 = CARTESIAN_POINT('',(1.7375,2.375,1.025));
#528 = LINE('',#529,#530);
#529 = CARTESIAN_POINT('',(1.7375,2.375,1.025));
#530 = VECTOR('',#531,1.);
#531 = DIRECTION('',(0.707106781187,-0.707106781187,0.));
#532 = ORIENTED_EDGE('',*,*,#533,.F.);
#533 = EDGE_CURVE('',#534,#526,#536,.T.);
#534 = VERTEX_POINT('',#535);
#535 = CARTESIAN_POINT('',(-1.7375,2.375,1.025));
#536 = LINE('',#537,#538);
#537 = CARTESIAN_POINT('',(-1.7375,2.375,1.025));
#538 = VECTOR('',#539,1.);
#539 = DIRECTION('',(1.,1.110223024625E-16,0.));
#540 = ORIENTED_EDGE('',*,*,#541,.F.);
#541 = EDGE_CURVE('',#542,#534,#544,.T.);
#542 = VERTEX_POINT('',#543);
#543 = CARTESIAN_POINT('',(-1.875,2.2375,1.025));
#544 = LINE('',#545,#546);
#545 = CARTESIAN_POINT('',(-1.875,2.2375,1.025));
#546 = VECTOR('',#547,1.);
#547 = DIRECTION('',(0.707106781187,0.707106781187,0.));
#548 = ORIENTED_EDGE('',*,*,#549,.F.);
#549 = EDGE_CURVE('',#550,#542,#552,.T.);
#550 = VERTEX_POINT('',#551);
#551 = CARTESIAN_POINT('',(-1.875,2.11,1.025));
#552 = LINE('',#553,#554);
#553 = CARTESIAN_POINT('',(-1.875,-2.2375,1.025));
#554 = VECTOR('',#555,1.);
#555 = DIRECTION('',(-1.110223024625E-16,1.,0.));
#556 = ORIENTED_EDGE('',*,*,#557,.F.);
#557 = EDGE_CURVE('',#558,#550,#560,.T.);
#558 = VERTEX_POINT('',#559);
#559 = CARTESIAN_POINT('',(-1.95,2.11,1.025));
#560 = LINE('',#561,#562);
#561 = CARTESIAN_POINT('',(-2.25,2.11,1.025));
#562 = VECTOR('',#563,1.);
#563 = DIRECTION('',(1.,-1.144237745222E-17,0.));
#564 = ORIENTED_EDGE('',*,*,#565,.T.);
#565 = EDGE_CURVE('',#558,#492,#566,.T.);
#566 = LINE('',#567,#568);
#567 = CARTESIAN_POINT('',(-1.95,-2.275,1.025));
#568 = VECTOR('',#569,1.);
#569 = DIRECTION('',(-1.110223024625E-16,1.,0.));
#570 = PLANE('',#571);
#571 = AXIS2_PLACEMENT_3D('',#572,#573,#574);
#572 = CARTESIAN_POINT('',(-3.027078129022E-16,2.4125,1.025));
#573 = DIRECTION('',(2.007919022429E-31,-7.713306628828E-27,-1.));
#574 = DIRECTION('',(1.,1.112083013911E-16,2.00791902242E-31));
#575 = ADVANCED_FACE('',(#576),#586,.F.);
#576 = FACE_BOUND('',#577,.F.);
#577 = EDGE_LOOP('',(#578,#579,#580,#581));
#578 = ORIENTED_EDGE('',*,*,#210,.T.);
#579 = ORIENTED_EDGE('',*,*,#195,.T.);
#580 = ORIENTED_EDGE('',*,*,#491,.F.);
#581 = ORIENTED_EDGE('',*,*,#582,.F.);
#582 = EDGE_CURVE('',#211,#492,#583,.T.);
#583 = B_SPLINE_CURVE_WITH_KNOTS('',1,(#584,#585),.UNSPECIFIED.,.F.,.F.,
  (2,2),(0.,1.),.PIECEWISE_BEZIER_KNOTS.);
#584 = CARTESIAN_POINT('',(-1.95,2.275,0.825));
#585 = CARTESIAN_POINT('',(-1.95,2.275,1.025));
#586 = PLANE('',#587);
#587 = AXIS2_PLACEMENT_3D('',#588,#589,#590);
#588 = CARTESIAN_POINT('',(-1.95,2.275,1.025));
#589 = DIRECTION('',(0.707106781187,-0.707106781187,0.));
#590 = DIRECTION('',(0.707106781187,0.707106781187,0.));
#591 = ADVANCED_FACE('',(#592),#616,.F.);
#592 = FACE_BOUND('',#593,.F.);
#593 = EDGE_LOOP('',(#594,#601,#602,#610));
#594 = ORIENTED_EDGE('',*,*,#595,.F.);
#595 = EDGE_CURVE('',#298,#596,#598,.T.);
#596 = VERTEX_POINT('',#597);
#597 = CARTESIAN_POINT('',(-1.95,-2.275,1.025));
#598 = B_SPLINE_CURVE_WITH_KNOTS('',1,(#599,#600),.UNSPECIFIED.,.F.,.F.,
  (2,2),(0.,1.),.PIECEWISE_BEZIER_KNOTS.);
#599 = CARTESIAN_POINT('',(-1.95,-2.275,0.825));
#600 = CARTESIAN_POINT('',(-1.95,-2.275,1.025));
#601 = ORIENTED_EDGE('',*,*,#297,.T.);
#602 = ORIENTED_EDGE('',*,*,#603,.T.);
#603 = EDGE_CURVE('',#290,#604,#606,.T.);
#604 = VERTEX_POINT('',#605);
#605 = CARTESIAN_POINT('',(-1.95,-2.11,1.025));
#606 = LINE('',#607,#608);
#607 = CARTESIAN_POINT('',(-1.95,-2.11,0.786976568901));
#608 = VECTOR('',#609,1.);
#609 = DIRECTION('',(0.,0.,1.));
#610 = ORIENTED_EDGE('',*,*,#611,.F.);
#611 = EDGE_CURVE('',#596,#604,#612,.T.);
#612 = LINE('',#613,#614);
#613 = CARTESIAN_POINT('',(-1.95,-2.275,1.025));
#614 = VECTOR('',#615,1.);
#615 = DIRECTION('',(-1.110223024625E-16,1.,0.));
#616 = PLANE('',#617);
#617 = AXIS2_PLACEMENT_3D('',#618,#619,#620);
#618 = CARTESIAN_POINT('',(-1.95,-2.275,1.025));
#619 = DIRECTION('',(1.,1.110223024625E-16,0.));
#620 = DIRECTION('',(-1.110223024625E-16,1.,0.));
#621 = ADVANCED_FACE('',(#622),#647,.F.);
#622 = FACE_BOUND('',#623,.F.);
#623 = EDGE_LOOP('',(#624,#632,#633,#641));
#624 = ORIENTED_EDGE('',*,*,#625,.F.);
#625 = EDGE_CURVE('',#290,#626,#628,.T.);
#626 = VERTEX_POINT('',#627);
#627 = CARTESIAN_POINT('',(-2.25,-2.11,0.825));
#628 = LINE('',#629,#630);
#629 = CARTESIAN_POINT('',(-1.8,-2.11,0.825));
#630 = VECTOR('',#631,1.);
#631 = DIRECTION('',(-1.,1.144237745222E-17,0.));
#632 = ORIENTED_EDGE('',*,*,#289,.T.);
#633 = ORIENTED_EDGE('',*,*,#634,.T.);
#634 = EDGE_CURVE('',#282,#635,#637,.T.);
#635 = VERTEX_POINT('',#636);
#636 = CARTESIAN_POINT('',(-2.25,-1.7,0.825));
#637 = LINE('',#638,#639);
#638 = CARTESIAN_POINT('',(-1.8,-1.7,0.825));
#639 = VECTOR('',#640,1.);
#640 = DIRECTION('',(-1.,1.144237745222E-17,0.));
#641 = ORIENTED_EDGE('',*,*,#642,.F.);
#642 = EDGE_CURVE('',#626,#635,#643,.T.);
#643 = LINE('',#644,#645);
#644 = CARTESIAN_POINT('',(-2.25,-2.11,0.825));
#645 = VECTOR('',#646,1.);
#646 = DIRECTION('',(1.144237745222E-17,1.,0.));
#647 = PLANE('',#648);
#648 = AXIS2_PLACEMENT_3D('',#649,#650,#651);
#649 = CARTESIAN_POINT('',(-1.8,-2.11,0.825));
#650 = DIRECTION('',(0.,0.,1.));
#651 = DIRECTION('',(-1.,1.144237745222E-17,0.));
#652 = ADVANCED_FACE('',(#653),#678,.F.);
#653 = FACE_BOUND('',#654,.F.);
#654 = EDGE_LOOP('',(#655,#663,#664,#672));
#655 = ORIENTED_EDGE('',*,*,#656,.F.);
#656 = EDGE_CURVE('',#282,#657,#659,.T.);
#657 = VERTEX_POINT('',#658);
#658 = CARTESIAN_POINT('',(-1.95,-1.7,1.025));
#659 = LINE('',#660,#661);
#660 = CARTESIAN_POINT('',(-1.95,-1.7,0.786976568901));
#661 = VECTOR('',#662,1.);
#662 = DIRECTION('',(0.,0.,1.));
#663 = ORIENTED_EDGE('',*,*,#281,.T.);
#664 = ORIENTED_EDGE('',*,*,#665,.T.);
#665 = EDGE_CURVE('',#274,#666,#668,.T.);
#666 = VERTEX_POINT('',#667);
#667 = CARTESIAN_POINT('',(-1.95,-0.84,1.025));
#668 = LINE('',#669,#670);
#669 = CARTESIAN_POINT('',(-1.95,-0.84,0.786976568901));
#670 = VECTOR('',#671,1.);
#671 = DIRECTION('',(0.,0.,1.));
#672 = ORIENTED_EDGE('',*,*,#673,.F.);
#673 = EDGE_CURVE('',#657,#666,#674,.T.);
#674 = LINE('',#675,#676);
#675 = CARTESIAN_POINT('',(-1.95,-2.275,1.025));
#676 = VECTOR('',#677,1.);
#677 = DIRECTION('',(-1.110223024625E-16,1.,0.));
#678 = PLANE('',#679);
#679 = AXIS2_PLACEMENT_3D('',#680,#681,#682);
#680 = CARTESIAN_POINT('',(-1.95,-2.275,1.025));
#681 = DIRECTION('',(1.,1.110223024625E-16,0.));
#682 = DIRECTION('',(-1.110223024625E-16,1.,0.));
#683 = ADVANCED_FACE('',(#684),#709,.F.);
#684 = FACE_BOUND('',#685,.F.);
#685 = EDGE_LOOP('',(#686,#694,#695,#703));
#686 = ORIENTED_EDGE('',*,*,#687,.F.);
#687 = EDGE_CURVE('',#274,#688,#690,.T.);
#688 = VERTEX_POINT('',#689);
#689 = CARTESIAN_POINT('',(-2.25,-0.84,0.825));
#690 = LINE('',#691,#692);
#691 = CARTESIAN_POINT('',(-1.8,-0.84,0.825));
#692 = VECTOR('',#693,1.);
#693 = DIRECTION('',(-1.,1.144237745222E-17,0.));
#694 = ORIENTED_EDGE('',*,*,#273,.T.);
#695 = ORIENTED_EDGE('',*,*,#696,.T.);
#696 = EDGE_CURVE('',#266,#697,#699,.T.);
#697 = VERTEX_POINT('',#698);
#698 = CARTESIAN_POINT('',(-2.25,-0.43,0.825));
#699 = LINE('',#700,#701);
#700 = CARTESIAN_POINT('',(-1.8,-0.43,0.825));
#701 = VECTOR('',#702,1.);
#702 = DIRECTION('',(-1.,1.144237745222E-17,0.));
#703 = ORIENTED_EDGE('',*,*,#704,.F.);
#704 = EDGE_CURVE('',#688,#697,#705,.T.);
#705 = LINE('',#706,#707);
#706 = CARTESIAN_POINT('',(-2.25,-0.84,0.825));
#707 = VECTOR('',#708,1.);
#708 = DIRECTION('',(1.144237745222E-17,1.,0.));
#709 = PLANE('',#710);
#710 = AXIS2_PLACEMENT_3D('',#711,#712,#713);
#711 = CARTESIAN_POINT('',(-1.8,-0.84,0.825));
#712 = DIRECTION('',(0.,0.,1.));
#713 = DIRECTION('',(-1.,1.144237745222E-17,0.));
#714 = ADVANCED_FACE('',(#715),#740,.F.);
#715 = FACE_BOUND('',#716,.F.);
#716 = EDGE_LOOP('',(#717,#725,#726,#734));
#717 = ORIENTED_EDGE('',*,*,#718,.F.);
#718 = EDGE_CURVE('',#266,#719,#721,.T.);
#719 = VERTEX_POINT('',#720);
#720 = CARTESIAN_POINT('',(-1.95,-0.43,1.025));
#721 = LINE('',#722,#723);
#722 = CARTESIAN_POINT('',(-1.95,-0.43,0.786976568901));
#723 = VECTOR('',#724,1.);
#724 = DIRECTION('',(0.,0.,1.));
#725 = ORIENTED_EDGE('',*,*,#265,.T.);
#726 = ORIENTED_EDGE('',*,*,#727,.T.);
#727 = EDGE_CURVE('',#258,#728,#730,.T.);
#728 = VERTEX_POINT('',#729);
#729 = CARTESIAN_POINT('',(-1.95,0.43,1.025));
#730 = LINE('',#731,#732);
#731 = CARTESIAN_POINT('',(-1.95,0.43,0.786976568901));
#732 = VECTOR('',#733,1.);
#733 = DIRECTION('',(0.,0.,1.));
#734 = ORIENTED_EDGE('',*,*,#735,.F.);
#735 = EDGE_CURVE('',#719,#728,#736,.T.);
#736 = LINE('',#737,#738);
#737 = CARTESIAN_POINT('',(-1.95,-2.275,1.025));
#738 = VECTOR('',#739,1.);
#739 = DIRECTION('',(-1.110223024625E-16,1.,0.));
#740 = PLANE('',#741);
#741 = AXIS2_PLACEMENT_3D('',#742,#743,#744);
#742 = CARTESIAN_POINT('',(-1.95,-2.275,1.025));
#743 = DIRECTION('',(1.,1.110223024625E-16,0.));
#744 = DIRECTION('',(-1.110223024625E-16,1.,0.));
#745 = ADVANCED_FACE('',(#746),#771,.F.);
#746 = FACE_BOUND('',#747,.F.);
#747 = EDGE_LOOP('',(#748,#756,#757,#765));
#748 = ORIENTED_EDGE('',*,*,#749,.F.);
#749 = EDGE_CURVE('',#258,#750,#752,.T.);
#750 = VERTEX_POINT('',#751);
#751 = CARTESIAN_POINT('',(-2.25,0.43,0.825));
#752 = LINE('',#753,#754);
#753 = CARTESIAN_POINT('',(-1.8,0.43,0.825));
#754 = VECTOR('',#755,1.);
#755 = DIRECTION('',(-1.,1.144237745222E-17,0.));
#756 = ORIENTED_EDGE('',*,*,#257,.T.);
#757 = ORIENTED_EDGE('',*,*,#758,.T.);
#758 = EDGE_CURVE('',#250,#759,#761,.T.);
#759 = VERTEX_POINT('',#760);
#760 = CARTESIAN_POINT('',(-2.25,0.84,0.825));
#761 = LINE('',#762,#763);
#762 = CARTESIAN_POINT('',(-1.8,0.84,0.825));
#763 = VECTOR('',#764,1.);
#764 = DIRECTION('',(-1.,1.144237745222E-17,0.));
#765 = ORIENTED_EDGE('',*,*,#766,.F.);
#766 = EDGE_CURVE('',#750,#759,#767,.T.);
#767 = LINE('',#768,#769);
#768 = CARTESIAN_POINT('',(-2.25,0.43,0.825));
#769 = VECTOR('',#770,1.);
#770 = DIRECTION('',(1.144237745222E-17,1.,0.));
#771 = PLANE('',#772);
#772 = AXIS2_PLACEMENT_3D('',#773,#774,#775);
#773 = CARTESIAN_POINT('',(-1.8,0.43,0.825));
#774 = DIRECTION('',(0.,0.,1.));
#775 = DIRECTION('',(-1.,1.144237745222E-17,0.));
#776 = ADVANCED_FACE('',(#777),#802,.F.);
#777 = FACE_BOUND('',#778,.F.);
#778 = EDGE_LOOP('',(#779,#787,#788,#796));
#779 = ORIENTED_EDGE('',*,*,#780,.F.);
#780 = EDGE_CURVE('',#250,#781,#783,.T.);
#781 = VERTEX_POINT('',#782);
#782 = CARTESIAN_POINT('',(-1.95,0.84,1.025));
#783 = LINE('',#784,#785);
#784 = CARTESIAN_POINT('',(-1.95,0.84,0.786976568901));
#785 = VECTOR('',#786,1.);
#786 = DIRECTION('',(0.,0.,1.));
#787 = ORIENTED_EDGE('',*,*,#249,.T.);
#788 = ORIENTED_EDGE('',*,*,#789,.T.);
#789 = EDGE_CURVE('',#242,#790,#792,.T.);
#790 = VERTEX_POINT('',#791);
#791 = CARTESIAN_POINT('',(-1.95,1.7,1.025));
#792 = LINE('',#793,#794);
#793 = CARTESIAN_POINT('',(-1.95,1.7,0.786976568901));
#794 = VECTOR('',#795,1.);
#795 = DIRECTION('',(0.,0.,1.));
#796 = ORIENTED_EDGE('',*,*,#797,.F.);
#797 = EDGE_CURVE('',#781,#790,#798,.T.);
#798 = LINE('',#799,#800);
#799 = CARTESIAN_POINT('',(-1.95,-2.275,1.025));
#800 = VECTOR('',#801,1.);
#801 = DIRECTION('',(-1.110223024625E-16,1.,0.));
#802 = PLANE('',#803);
#803 = AXIS2_PLACEMENT_3D('',#804,#805,#806);
#804 = CARTESIAN_POINT('',(-1.95,-2.275,1.025));
#805 = DIRECTION('',(1.,1.110223024625E-16,0.));
#806 = DIRECTION('',(-1.110223024625E-16,1.,0.));
#807 = ADVANCED_FACE('',(#808),#833,.F.);
#808 = FACE_BOUND('',#809,.F.);
#809 = EDGE_LOOP('',(#810,#818,#819,#827));
#810 = ORIENTED_EDGE('',*,*,#811,.F.);
#811 = EDGE_CURVE('',#242,#812,#814,.T.);
#812 = VERTEX_POINT('',#813);
#813 = CARTESIAN_POINT('',(-2.25,1.7,0.825));
#814 = LINE('',#815,#816);
#815 = CARTESIAN_POINT('',(-1.8,1.7,0.825));
#816 = VECTOR('',#817,1.);
#817 = DIRECTION('',(-1.,1.144237745222E-17,0.));
#818 = ORIENTED_EDGE('',*,*,#241,.T.);
#819 = ORIENTED_EDGE('',*,*,#820,.T.);
#820 = EDGE_CURVE('',#234,#821,#823,.T.);
#821 = VERTEX_POINT('',#822);
#822 = CARTESIAN_POINT('',(-2.25,2.11,0.825));
#823 = LINE('',#824,#825);
#824 = CARTESIAN_POINT('',(-1.8,2.11,0.825));
#825 = VECTOR('',#826,1.);
#826 = DIRECTION('',(-1.,1.144237745222E-17,0.));
#827 = ORIENTED_EDGE('',*,*,#828,.F.);
#828 = EDGE_CURVE('',#812,#821,#829,.T.);
#829 = LINE('',#830,#831);
#830 = CARTESIAN_POINT('',(-2.25,1.7,0.825));
#831 = VECTOR('',#832,1.);
#832 = DIRECTION('',(1.144237745222E-17,1.,0.));
#833 = PLANE('',#834);
#834 = AXIS2_PLACEMENT_3D('',#835,#836,#837);
#835 = CARTESIAN_POINT('',(-1.8,1.7,0.825));
#836 = DIRECTION('',(0.,0.,1.));
#837 = DIRECTION('',(-1.,1.144237745222E-17,0.));
#838 = ADVANCED_FACE('',(#839),#850,.F.);
#839 = FACE_BOUND('',#840,.F.);
#840 = EDGE_LOOP('',(#841,#847,#848,#849));
#841 = ORIENTED_EDGE('',*,*,#842,.F.);
#842 = EDGE_CURVE('',#234,#558,#843,.T.);
#843 = LINE('',#844,#845);
#844 = CARTESIAN_POINT('',(-1.95,2.11,0.786976568901));
#845 = VECTOR('',#846,1.);
#846 = DIRECTION('',(0.,0.,1.));
#847 = ORIENTED_EDGE('',*,*,#233,.T.);
#848 = ORIENTED_EDGE('',*,*,#582,.T.);
#849 = ORIENTED_EDGE('',*,*,#565,.F.);
#850 = PLANE('',#851);
#851 = AXIS2_PLACEMENT_3D('',#852,#853,#854);
#852 = CARTESIAN_POINT('',(-1.95,-2.275,1.025));
#853 = DIRECTION('',(1.,1.110223024625E-16,0.));
#854 = DIRECTION('',(-1.110223024625E-16,1.,0.));
#855 = ADVANCED_FACE('',(#856),#867,.F.);
#856 = FACE_BOUND('',#857,.F.);
#857 = EDGE_LOOP('',(#858,#859,#860,#866));
#858 = ORIENTED_EDGE('',*,*,#469,.F.);
#859 = ORIENTED_EDGE('',*,*,#390,.T.);
#860 = ORIENTED_EDGE('',*,*,#861,.T.);
#861 = EDGE_CURVE('',#383,#502,#862,.T.);
#862 = LINE('',#863,#864);
#863 = CARTESIAN_POINT('',(1.95,2.11,0.786976568901));
#864 = VECTOR('',#865,1.);
#865 = DIRECTION('',(0.,0.,1.));
#866 = ORIENTED_EDGE('',*,*,#501,.F.);
#867 = PLANE('',#868);
#868 = AXIS2_PLACEMENT_3D('',#869,#870,#871);
#869 = CARTESIAN_POINT('',(1.95,2.275,1.025));
#870 = DIRECTION('',(-1.,-1.110223024625E-16,0.));
#871 = DIRECTION('',(1.110223024625E-16,-1.,0.));
#872 = ADVANCED_FACE('',(#873),#898,.F.);
#873 = FACE_BOUND('',#874,.F.);
#874 = EDGE_LOOP('',(#875,#883,#884,#892));
#875 = ORIENTED_EDGE('',*,*,#876,.F.);
#876 = EDGE_CURVE('',#383,#877,#879,.T.);
#877 = VERTEX_POINT('',#878);
#878 = CARTESIAN_POINT('',(2.25,2.11,0.825));
#879 = LINE('',#880,#881);
#880 = CARTESIAN_POINT('',(1.8,2.11,0.825));
#881 = VECTOR('',#882,1.);
#882 = DIRECTION('',(1.,1.110223024625E-16,0.));
#883 = ORIENTED_EDGE('',*,*,#382,.T.);
#884 = ORIENTED_EDGE('',*,*,#885,.T.);
#885 = EDGE_CURVE('',#375,#886,#888,.T.);
#886 = VERTEX_POINT('',#887);
#887 = CARTESIAN_POINT('',(2.25,1.7,0.825));
#888 = LINE('',#889,#890);
#889 = CARTESIAN_POINT('',(1.8,1.7,0.825));
#890 = VECTOR('',#891,1.);
#891 = DIRECTION('',(1.,1.110223024625E-16,0.));
#892 = ORIENTED_EDGE('',*,*,#893,.F.);
#893 = EDGE_CURVE('',#877,#886,#894,.T.);
#894 = LINE('',#895,#896);
#895 = CARTESIAN_POINT('',(2.25,2.11,0.825));
#896 = VECTOR('',#897,1.);
#897 = DIRECTION('',(1.110223024625E-16,-1.,0.));
#898 = PLANE('',#899);
#899 = AXIS2_PLACEMENT_3D('',#900,#901,#902);
#900 = CARTESIAN_POINT('',(1.8,2.11,0.825));
#901 = DIRECTION('',(0.,0.,1.));
#902 = DIRECTION('',(1.,1.110223024625E-16,-0.));
#903 = ADVANCED_FACE('',(#904),#929,.F.);
#904 = FACE_BOUND('',#905,.F.);
#905 = EDGE_LOOP('',(#906,#914,#915,#923));
#906 = ORIENTED_EDGE('',*,*,#907,.F.);
#907 = EDGE_CURVE('',#375,#908,#910,.T.);
#908 = VERTEX_POINT('',#909);
#909 = CARTESIAN_POINT('',(1.95,1.7,1.025));
#910 = LINE('',#911,#912);
#911 = CARTESIAN_POINT('',(1.95,1.7,0.786976568901));
#912 = VECTOR('',#913,1.);
#913 = DIRECTION('',(0.,0.,1.));
#914 = ORIENTED_EDGE('',*,*,#374,.T.);
#915 = ORIENTED_EDGE('',*,*,#916,.T.);
#916 = EDGE_CURVE('',#367,#917,#919,.T.);
#917 = VERTEX_POINT('',#918);
#918 = CARTESIAN_POINT('',(1.95,0.84,1.025));
#919 = LINE('',#920,#921);
#920 = CARTESIAN_POINT('',(1.95,0.84,0.786976568901));
#921 = VECTOR('',#922,1.);
#922 = DIRECTION('',(0.,0.,1.));
#923 = ORIENTED_EDGE('',*,*,#924,.F.);
#924 = EDGE_CURVE('',#908,#917,#925,.T.);
#925 = LINE('',#926,#927);
#926 = CARTESIAN_POINT('',(1.95,2.275,1.025));
#927 = VECTOR('',#928,1.);
#928 = DIRECTION('',(1.110223024625E-16,-1.,0.));
#929 = PLANE('',#930);
#930 = AXIS2_PLACEMENT_3D('',#931,#932,#933);
#931 = CARTESIAN_POINT('',(1.95,2.275,1.025));
#932 = DIRECTION('',(-1.,-1.110223024625E-16,0.));
#933 = DIRECTION('',(1.110223024625E-16,-1.,0.));
#934 = ADVANCED_FACE('',(#935),#960,.F.);
#935 = FACE_BOUND('',#936,.F.);
#936 = EDGE_LOOP('',(#937,#945,#946,#954));
#937 = ORIENTED_EDGE('',*,*,#938,.F.);
#938 = EDGE_CURVE('',#367,#939,#941,.T.);
#939 = VERTEX_POINT('',#940);
#940 = CARTESIAN_POINT('',(2.25,0.84,0.825));
#941 = LINE('',#942,#943);
#942 = CARTESIAN_POINT('',(1.8,0.84,0.825));
#943 = VECTOR('',#944,1.);
#944 = DIRECTION('',(1.,1.110223024625E-16,0.));
#945 = ORIENTED_EDGE('',*,*,#366,.T.);
#946 = ORIENTED_EDGE('',*,*,#947,.T.);
#947 = EDGE_CURVE('',#359,#948,#950,.T.);
#948 = VERTEX_POINT('',#949);
#949 = CARTESIAN_POINT('',(2.25,0.43,0.825));
#950 = LINE('',#951,#952);
#951 = CARTESIAN_POINT('',(1.8,0.43,0.825));
#952 = VECTOR('',#953,1.);
#953 = DIRECTION('',(1.,1.110223024625E-16,0.));
#954 = ORIENTED_EDGE('',*,*,#955,.F.);
#955 = EDGE_CURVE('',#939,#948,#956,.T.);
#956 = LINE('',#957,#958);
#957 = CARTESIAN_POINT('',(2.25,0.84,0.825));
#958 = VECTOR('',#959,1.);
#959 = DIRECTION('',(1.110223024625E-16,-1.,0.));
#960 = PLANE('',#961);
#961 = AXIS2_PLACEMENT_3D('',#962,#963,#964);
#962 = CARTESIAN_POINT('',(1.8,0.84,0.825));
#963 = DIRECTION('',(0.,0.,1.));
#964 = DIRECTION('',(1.,1.110223024625E-16,-0.));
#965 = ADVANCED_FACE('',(#966),#991,.F.);
#966 = FACE_BOUND('',#967,.F.);
#967 = EDGE_LOOP('',(#968,#976,#977,#985));
#968 = ORIENTED_EDGE('',*,*,#969,.F.);
#969 = EDGE_CURVE('',#359,#970,#972,.T.);
#970 = VERTEX_POINT('',#971);
#971 = CARTESIAN_POINT('',(1.95,0.43,1.025));
#972 = LINE('',#973,#974);
#973 = CARTESIAN_POINT('',(1.95,0.43,0.786976568901));
#974 = VECTOR('',#975,1.);
#975 = DIRECTION('',(0.,0.,1.));
#976 = ORIENTED_EDGE('',*,*,#358,.T.);
#977 = ORIENTED_EDGE('',*,*,#978,.T.);
#978 = EDGE_CURVE('',#351,#979,#981,.T.);
#979 = VERTEX_POINT('',#980);
#980 = CARTESIAN_POINT('',(1.95,-0.43,1.025));
#981 = LINE('',#982,#983);
#982 = CARTESIAN_POINT('',(1.95,-0.43,0.786976568901));
#983 = VECTOR('',#984,1.);
#984 = DIRECTION('',(0.,0.,1.));
#985 = ORIENTED_EDGE('',*,*,#986,.F.);
#986 = EDGE_CURVE('',#970,#979,#987,.T.);
#987 = LINE('',#988,#989);
#988 = CARTESIAN_POINT('',(1.95,2.275,1.025));
#989 = VECTOR('',#990,1.);
#990 = DIRECTION('',(1.110223024625E-16,-1.,0.));
#991 = PLANE('',#992);
#992 = AXIS2_PLACEMENT_3D('',#993,#994,#995);
#993 = CARTESIAN_POINT('',(1.95,2.275,1.025));
#994 = DIRECTION('',(-1.,-1.110223024625E-16,0.));
#995 = DIRECTION('',(1.110223024625E-16,-1.,0.));
#996 = ADVANCED_FACE('',(#997),#1022,.F.);
#997 = FACE_BOUND('',#998,.F.);
#998 = EDGE_LOOP('',(#999,#1007,#1008,#1016));
#999 = ORIENTED_EDGE('',*,*,#1000,.F.);
#1000 = EDGE_CURVE('',#351,#1001,#1003,.T.);
#1001 = VERTEX_POINT('',#1002);
#1002 = CARTESIAN_POINT('',(2.25,-0.43,0.825));
#1003 = LINE('',#1004,#1005);
#1004 = CARTESIAN_POINT('',(1.8,-0.43,0.825));
#1005 = VECTOR('',#1006,1.);
#1006 = DIRECTION('',(1.,1.110223024625E-16,0.));
#1007 = ORIENTED_EDGE('',*,*,#350,.T.);
#1008 = ORIENTED_EDGE('',*,*,#1009,.T.);
#1009 = EDGE_CURVE('',#343,#1010,#1012,.T.);
#1010 = VERTEX_POINT('',#1011);
#1011 = CARTESIAN_POINT('',(2.25,-0.84,0.825));
#1012 = LINE('',#1013,#1014);
#1013 = CARTESIAN_POINT('',(1.8,-0.84,0.825));
#1014 = VECTOR('',#1015,1.);
#1015 = DIRECTION('',(1.,1.110223024625E-16,0.));
#1016 = ORIENTED_EDGE('',*,*,#1017,.F.);
#1017 = EDGE_CURVE('',#1001,#1010,#1018,.T.);
#1018 = LINE('',#1019,#1020);
#1019 = CARTESIAN_POINT('',(2.25,-0.43,0.825));
#1020 = VECTOR('',#1021,1.);
#1021 = DIRECTION('',(1.110223024625E-16,-1.,0.));
#1022 = PLANE('',#1023);
#1023 = AXIS2_PLACEMENT_3D('',#1024,#1025,#1026);
#1024 = CARTESIAN_POINT('',(1.8,-0.43,0.825));
#1025 = DIRECTION('',(0.,0.,1.));
#1026 = DIRECTION('',(1.,1.110223024625E-16,-0.));
#1027 = ADVANCED_FACE('',(#1028),#1053,.F.);
#1028 = FACE_BOUND('',#1029,.F.);
#1029 = EDGE_LOOP('',(#1030,#1038,#1039,#1047));
#1030 = ORIENTED_EDGE('',*,*,#1031,.F.);
#1031 = EDGE_CURVE('',#343,#1032,#1034,.T.);
#1032 = VERTEX_POINT('',#1033);
#1033 = CARTESIAN_POINT('',(1.95,-0.84,1.025));
#1034 = LINE('',#1035,#1036);
#1035 = CARTESIAN_POINT('',(1.95,-0.84,0.786976568901));
#1036 = VECTOR('',#1037,1.);
#1037 = DIRECTION('',(0.,0.,1.));
#1038 = ORIENTED_EDGE('',*,*,#342,.T.);
#1039 = ORIENTED_EDGE('',*,*,#1040,.T.);
#1040 = EDGE_CURVE('',#335,#1041,#1043,.T.);
#1041 = VERTEX_POINT('',#1042);
#1042 = CARTESIAN_POINT('',(1.95,-1.7,1.025));
#1043 = LINE('',#1044,#1045);
#1044 = CARTESIAN_POINT('',(1.95,-1.7,0.786976568901));
#1045 = VECTOR('',#1046,1.);
#1046 = DIRECTION('',(0.,0.,1.));
#1047 = ORIENTED_EDGE('',*,*,#1048,.F.);
#1048 = EDGE_CURVE('',#1032,#1041,#1049,.T.);
#1049 = LINE('',#1050,#1051);
#1050 = CARTESIAN_POINT('',(1.95,2.275,1.025));
#1051 = VECTOR('',#1052,1.);
#1052 = DIRECTION('',(1.110223024625E-16,-1.,0.));
#1053 = PLANE('',#1054);
#1054 = AXIS2_PLACEMENT_3D('',#1055,#1056,#1057);
#1055 = CARTESIAN_POINT('',(1.95,2.275,1.025));
#1056 = DIRECTION('',(-1.,-1.110223024625E-16,0.));
#1057 = DIRECTION('',(1.110223024625E-16,-1.,0.));
#1058 = ADVANCED_FACE('',(#1059),#1084,.F.);
#1059 = FACE_BOUND('',#1060,.F.);
#1060 = EDGE_LOOP('',(#1061,#1069,#1070,#1078));
#1061 = ORIENTED_EDGE('',*,*,#1062,.F.);
#1062 = EDGE_CURVE('',#335,#1063,#1065,.T.);
#1063 = VERTEX_POINT('',#1064);
#1064 = CARTESIAN_POINT('',(2.25,-1.7,0.825));
#1065 = LINE('',#1066,#1067);
#1066 = CARTESIAN_POINT('',(1.8,-1.7,0.825));
#1067 = VECTOR('',#1068,1.);
#1068 = DIRECTION('',(1.,1.110223024625E-16,0.));
#1069 = ORIENTED_EDGE('',*,*,#334,.T.);
#1070 = ORIENTED_EDGE('',*,*,#1071,.T.);
#1071 = EDGE_CURVE('',#327,#1072,#1074,.T.);
#1072 = VERTEX_POINT('',#1073);
#1073 = CARTESIAN_POINT('',(2.25,-2.11,0.825));
#1074 = LINE('',#1075,#1076);
#1075 = CARTESIAN_POINT('',(1.8,-2.11,0.825));
#1076 = VECTOR('',#1077,1.);
#1077 = DIRECTION('',(1.,1.110223024625E-16,0.));
#1078 = ORIENTED_EDGE('',*,*,#1079,.F.);
#1079 = EDGE_CURVE('',#1063,#1072,#1080,.T.);
#1080 = LINE('',#1081,#1082);
#1081 = CARTESIAN_POINT('',(2.25,-1.7,0.825));
#1082 = VECTOR('',#1083,1.);
#1083 = DIRECTION('',(1.110223024625E-16,-1.,0.));
#1084 = PLANE('',#1085);
#1085 = AXIS2_PLACEMENT_3D('',#1086,#1087,#1088);
#1086 = CARTESIAN_POINT('',(1.8,-1.7,0.825));
#1087 = DIRECTION('',(0.,0.,1.));
#1088 = DIRECTION('',(1.,1.110223024625E-16,-0.));
#1089 = ADVANCED_FACE('',(#1090),#1114,.F.);
#1090 = FACE_BOUND('',#1091,.F.);
#1091 = EDGE_LOOP('',(#1092,#1100,#1101,#1108));
#1092 = ORIENTED_EDGE('',*,*,#1093,.F.);
#1093 = EDGE_CURVE('',#327,#1094,#1096,.T.);
#1094 = VERTEX_POINT('',#1095);
#1095 = CARTESIAN_POINT('',(1.95,-2.11,1.025));
#1096 = LINE('',#1097,#1098);
#1097 = CARTESIAN_POINT('',(1.95,-2.11,0.786976568901));
#1098 = VECTOR('',#1099,1.);
#1099 = DIRECTION('',(0.,0.,1.));
#1100 = ORIENTED_EDGE('',*,*,#326,.T.);
#1101 = ORIENTED_EDGE('',*,*,#1102,.T.);
#1102 = EDGE_CURVE('',#320,#1103,#1105,.T.);
#1103 = VERTEX_POINT('',#1104);
#1104 = CARTESIAN_POINT('',(1.95,-2.275,1.025));
#1105 = B_SPLINE_CURVE_WITH_KNOTS('',1,(#1106,#1107),.UNSPECIFIED.,.F.,
  .F.,(2,2),(0.,1.),.PIECEWISE_BEZIER_KNOTS.);
#1106 = CARTESIAN_POINT('',(1.95,-2.275,0.825));
#1107 = CARTESIAN_POINT('',(1.95,-2.275,1.025));
#1108 = ORIENTED_EDGE('',*,*,#1109,.F.);
#1109 = EDGE_CURVE('',#1094,#1103,#1110,.T.);
#1110 = LINE('',#1111,#1112);
#1111 = CARTESIAN_POINT('',(1.95,2.275,1.025));
#1112 = VECTOR('',#1113,1.);
#1113 = DIRECTION('',(1.110223024625E-16,-1.,0.));
#1114 = PLANE('',#1115);
#1115 = AXIS2_PLACEMENT_3D('',#1116,#1117,#1118);
#1116 = CARTESIAN_POINT('',(1.95,2.275,1.025));
#1117 = DIRECTION('',(-1.,-1.110223024625E-16,0.));
#1118 = DIRECTION('',(1.110223024625E-16,-1.,0.));
#1119 = ADVANCED_FACE('',(#1120),#1137,.F.);
#1120 = FACE_BOUND('',#1121,.F.);
#1121 = EDGE_LOOP('',(#1122,#1123,#1124,#1132));
#1122 = ORIENTED_EDGE('',*,*,#407,.T.);
#1123 = ORIENTED_EDGE('',*,*,#595,.T.);
#1124 = ORIENTED_EDGE('',*,*,#1125,.F.);
#1125 = EDGE_CURVE('',#1126,#596,#1128,.T.);
#1126 = VERTEX_POINT('',#1127);
#1127 = CARTESIAN_POINT('',(-1.775,-2.45,1.025));
#1128 = LINE('',#1129,#1130);
#1129 = CARTESIAN_POINT('',(-1.775,-2.45,1.025));
#1130 = VECTOR('',#1131,1.);
#1131 = DIRECTION('',(-0.707106781187,0.707106781187,0.));
#1132 = ORIENTED_EDGE('',*,*,#1133,.F.);
#1133 = EDGE_CURVE('',#408,#1126,#1134,.T.);
#1134 = B_SPLINE_CURVE_WITH_KNOTS('',1,(#1135,#1136),.UNSPECIFIED.,.F.,
  .F.,(2,2),(0.,1.),.PIECEWISE_BEZIER_KNOTS.);
#1135 = CARTESIAN_POINT('',(-1.775,-2.45,0.825));
#1136 = CARTESIAN_POINT('',(-1.775,-2.45,1.025));
#1137 = PLANE('',#1138);
#1138 = AXIS2_PLACEMENT_3D('',#1139,#1140,#1141);
#1139 = CARTESIAN_POINT('',(-1.775,-2.45,1.025));
#1140 = DIRECTION('',(0.707106781187,0.707106781187,0.));
#1141 = DIRECTION('',(-0.707106781187,0.707106781187,0.));
#1142 = ADVANCED_FACE('',(#1143),#1160,.F.);
#1143 = FACE_BOUND('',#1144,.F.);
#1144 = EDGE_LOOP('',(#1145,#1146,#1153,#1159));
#1145 = ORIENTED_EDGE('',*,*,#436,.T.);
#1146 = ORIENTED_EDGE('',*,*,#1147,.T.);
#1147 = EDGE_CURVE('',#430,#1148,#1150,.T.);
#1148 = VERTEX_POINT('',#1149);
#1149 = CARTESIAN_POINT('',(1.775,-2.45,1.025));
#1150 = B_SPLINE_CURVE_WITH_KNOTS('',1,(#1151,#1152),.UNSPECIFIED.,.F.,
  .F.,(2,2),(0.,1.),.PIECEWISE_BEZIER_KNOTS.);
#1151 = CARTESIAN_POINT('',(1.775,-2.45,0.825));
#1152 = CARTESIAN_POINT('',(1.775,-2.45,1.025));
#1153 = ORIENTED_EDGE('',*,*,#1154,.F.);
#1154 = EDGE_CURVE('',#1103,#1148,#1155,.T.);
#1155 = LINE('',#1156,#1157);
#1156 = CARTESIAN_POINT('',(1.95,-2.275,1.025));
#1157 = VECTOR('',#1158,1.);
#1158 = DIRECTION('',(-0.707106781187,-0.707106781187,0.));
#1159 = ORIENTED_EDGE('',*,*,#1102,.F.);
#1160 = PLANE('',#1161);
#1161 = AXIS2_PLACEMENT_3D('',#1162,#1163,#1164);
#1162 = CARTESIAN_POINT('',(1.95,-2.275,1.025));
#1163 = DIRECTION('',(-0.707106781187,0.707106781187,0.));
#1164 = DIRECTION('',(-0.707106781187,-0.707106781187,0.));
#1165 = ADVANCED_FACE('',(#1166),#1177,.F.);
#1166 = FACE_BOUND('',#1167,.F.);
#1167 = EDGE_LOOP('',(#1168,#1169,#1170,#1176));
#1168 = ORIENTED_EDGE('',*,*,#453,.T.);
#1169 = ORIENTED_EDGE('',*,*,#1133,.T.);
#1170 = ORIENTED_EDGE('',*,*,#1171,.F.);
#1171 = EDGE_CURVE('',#1148,#1126,#1172,.T.);
#1172 = LINE('',#1173,#1174);
#1173 = CARTESIAN_POINT('',(1.775,-2.45,1.025));
#1174 = VECTOR('',#1175,1.);
#1175 = DIRECTION('',(-1.,-1.110223024625E-16,0.));
#1176 = ORIENTED_EDGE('',*,*,#1147,.F.);
#1177 = PLANE('',#1178);
#1178 = AXIS2_PLACEMENT_3D('',#1179,#1180,#1181);
#1179 = CARTESIAN_POINT('',(1.775,-2.45,1.025));
#1180 = DIRECTION('',(-1.110223024625E-16,1.,0.));
#1181 = DIRECTION('',(-1.,-1.110223024625E-16,0.));
#1182 = ADVANCED_FACE('',(#1183),#1222,.F.);
#1183 = FACE_BOUND('',#1184,.F.);
#1184 = EDGE_LOOP('',(#1185,#1193,#1201,#1207,#1208,#1216));
#1185 = ORIENTED_EDGE('',*,*,#1186,.F.);
#1186 = EDGE_CURVE('',#1187,#790,#1189,.T.);
#1187 = VERTEX_POINT('',#1188);
#1188 = CARTESIAN_POINT('',(-2.25,1.7,1.025));
#1189 = LINE('',#1190,#1191);
#1190 = CARTESIAN_POINT('',(-2.25,1.7,1.025));
#1191 = VECTOR('',#1192,1.);
#1192 = DIRECTION('',(1.,-1.144237745222E-17,0.));
#1193 = ORIENTED_EDGE('',*,*,#1194,.T.);
#1194 = EDGE_CURVE('',#1187,#1195,#1197,.T.);
#1195 = VERTEX_POINT('',#1196);
#1196 = CARTESIAN_POINT('',(-2.25,2.11,1.025));
#1197 = LINE('',#1198,#1199);
#1198 = CARTESIAN_POINT('',(-2.25,1.7,1.025));
#1199 = VECTOR('',#1200,1.);
#1200 = DIRECTION('',(1.144237745222E-17,1.,0.));
#1201 = ORIENTED_EDGE('',*,*,#1202,.T.);
#1202 = EDGE_CURVE('',#1195,#558,#1203,.T.);
#1203 = LINE('',#1204,#1205);
#1204 = CARTESIAN_POINT('',(-2.25,2.11,1.025));
#1205 = VECTOR('',#1206,1.);
#1206 = DIRECTION('',(1.,-1.144237745222E-17,0.));
#1207 = ORIENTED_EDGE('',*,*,#557,.T.);
#1208 = ORIENTED_EDGE('',*,*,#1209,.F.);
#1209 = EDGE_CURVE('',#1210,#550,#1212,.T.);
#1210 = VERTEX_POINT('',#1211);
#1211 = CARTESIAN_POINT('',(-1.875,1.7,1.025));
#1212 = LINE('',#1213,#1214);
#1213 = CARTESIAN_POINT('',(-1.875,-2.2375,1.025));
#1214 = VECTOR('',#1215,1.);
#1215 = DIRECTION('',(-1.110223024625E-16,1.,0.));
#1216 = ORIENTED_EDGE('',*,*,#1217,.F.);
#1217 = EDGE_CURVE('',#790,#1210,#1218,.T.);
#1218 = LINE('',#1219,#1220);
#1219 = CARTESIAN_POINT('',(-2.25,1.7,1.025));
#1220 = VECTOR('',#1221,1.);
#1221 = DIRECTION('',(1.,-1.144237745222E-17,0.));
#1222 = PLANE('',#1223);
#1223 = AXIS2_PLACEMENT_3D('',#1224,#1225,#1226);
#1224 = CARTESIAN_POINT('',(-2.25,1.7,1.025));
#1225 = DIRECTION('',(0.,0.,-1.));
#1226 = DIRECTION('',(1.,-1.144237745222E-17,0.));
#1227 = ADVANCED_FACE('',(#1228),#1308,.F.);
#1228 = FACE_BOUND('',#1229,.F.);
#1229 = EDGE_LOOP('',(#1230,#1240,#1248,#1256,#1264,#1272,#1280,#1286,
    #1287,#1288,#1295,#1303));
#1230 = ORIENTED_EDGE('',*,*,#1231,.T.);
#1231 = EDGE_CURVE('',#1232,#1234,#1236,.T.);
#1232 = VERTEX_POINT('',#1233);
#1233 = CARTESIAN_POINT('',(-1.875,-2.2375,1.025));
#1234 = VERTEX_POINT('',#1235);
#1235 = CARTESIAN_POINT('',(-1.875,-2.11,1.025));
#1236 = LINE('',#1237,#1238);
#1237 = CARTESIAN_POINT('',(-1.875,-2.2375,1.025));
#1238 = VECTOR('',#1239,1.);
#1239 = DIRECTION('',(-1.110223024625E-16,1.,0.));
#1240 = ORIENTED_EDGE('',*,*,#1241,.T.);
#1241 = EDGE_CURVE('',#1234,#1242,#1244,.T.);
#1242 = VERTEX_POINT('',#1243);
#1243 = CARTESIAN_POINT('',(-1.875,-1.7,1.025));
#1244 = LINE('',#1245,#1246);
#1245 = CARTESIAN_POINT('',(-1.875,-2.2375,1.025));
#1246 = VECTOR('',#1247,1.);
#1247 = DIRECTION('',(-1.110223024625E-16,1.,0.));
#1248 = ORIENTED_EDGE('',*,*,#1249,.T.);
#1249 = EDGE_CURVE('',#1242,#1250,#1252,.T.);
#1250 = VERTEX_POINT('',#1251);
#1251 = CARTESIAN_POINT('',(-1.875,-0.84,1.025));
#1252 = LINE('',#1253,#1254);
#1253 = CARTESIAN_POINT('',(-1.875,-2.2375,1.025));
#1254 = VECTOR('',#1255,1.);
#1255 = DIRECTION('',(-1.110223024625E-16,1.,0.));
#1256 = ORIENTED_EDGE('',*,*,#1257,.T.);
#1257 = EDGE_CURVE('',#1250,#1258,#1260,.T.);
#1258 = VERTEX_POINT('',#1259);
#1259 = CARTESIAN_POINT('',(-1.875,-0.43,1.025));
#1260 = LINE('',#1261,#1262);
#1261 = CARTESIAN_POINT('',(-1.875,-2.2375,1.025));
#1262 = VECTOR('',#1263,1.);
#1263 = DIRECTION('',(-1.110223024625E-16,1.,0.));
#1264 = ORIENTED_EDGE('',*,*,#1265,.T.);
#1265 = EDGE_CURVE('',#1258,#1266,#1268,.T.);
#1266 = VERTEX_POINT('',#1267);
#1267 = CARTESIAN_POINT('',(-1.875,0.43,1.025));
#1268 = LINE('',#1269,#1270);
#1269 = CARTESIAN_POINT('',(-1.875,-2.2375,1.025));
#1270 = VECTOR('',#1271,1.);
#1271 = DIRECTION('',(-1.110223024625E-16,1.,0.));
#1272 = ORIENTED_EDGE('',*,*,#1273,.T.);
#1273 = EDGE_CURVE('',#1266,#1274,#1276,.T.);
#1274 = VERTEX_POINT('',#1275);
#1275 = CARTESIAN_POINT('',(-1.875,0.84,1.025));
#1276 = LINE('',#1277,#1278);
#1277 = CARTESIAN_POINT('',(-1.875,-2.2375,1.025));
#1278 = VECTOR('',#1279,1.);
#1279 = DIRECTION('',(-1.110223024625E-16,1.,0.));
#1280 = ORIENTED_EDGE('',*,*,#1281,.T.);
#1281 = EDGE_CURVE('',#1274,#1210,#1282,.T.);
#1282 = LINE('',#1283,#1284);
#1283 = CARTESIAN_POINT('',(-1.875,-2.2375,1.025));
#1284 = VECTOR('',#1285,1.);
#1285 = DIRECTION('',(-1.110223024625E-16,1.,0.));
#1286 = ORIENTED_EDGE('',*,*,#1209,.T.);
#1287 = ORIENTED_EDGE('',*,*,#549,.T.);
#1288 = ORIENTED_EDGE('',*,*,#1289,.T.);
#1289 = EDGE_CURVE('',#542,#1290,#1292,.T.);
#1290 = VERTEX_POINT('',#1291);
#1291 = CARTESIAN_POINT('',(-1.760171280765,2.180085640382,1.75));
#1292 = B_SPLINE_CURVE_WITH_KNOTS('',1,(#1293,#1294),.UNSPECIFIED.,.F.,
  .F.,(2,2),(0.,1.),.PIECEWISE_BEZIER_KNOTS.);
#1293 = CARTESIAN_POINT('',(-1.875,2.2375,1.025));
#1294 = CARTESIAN_POINT('',(-1.760171280765,2.180085640382,1.75));
#1295 = ORIENTED_EDGE('',*,*,#1296,.F.);
#1296 = EDGE_CURVE('',#1297,#1290,#1299,.T.);
#1297 = VERTEX_POINT('',#1298);
#1298 = CARTESIAN_POINT('',(-1.760171280765,-2.180085640382,1.75));
#1299 = LINE('',#1300,#1301);
#1300 = CARTESIAN_POINT('',(-1.760171280765,-2.180085640382,1.75));
#1301 = VECTOR('',#1302,1.);
#1302 = DIRECTION('',(-1.110223024625E-16,1.,0.));
#1303 = ORIENTED_EDGE('',*,*,#1304,.F.);
#1304 = EDGE_CURVE('',#1232,#1297,#1305,.T.);
#1305 = B_SPLINE_CURVE_WITH_KNOTS('',1,(#1306,#1307),.UNSPECIFIED.,.F.,
  .F.,(2,2),(0.,1.),.PIECEWISE_BEZIER_KNOTS.);
#1306 = CARTESIAN_POINT('',(-1.875,-2.2375,1.025));
#1307 = CARTESIAN_POINT('',(-1.760171280765,-2.180085640382,1.75));
#1308 = B_SPLINE_SURFACE_WITH_KNOTS('',1,1,(
    (#1309,#1310)
    ,(#1311,#1312
    )),.UNSPECIFIED.,.F.,.F.,.F.,(2,2),(2,2),(0.,4.475),(0.,1.),
  .PIECEWISE_BEZIER_KNOTS.);
#1309 = CARTESIAN_POINT('',(-1.875,-2.2375,1.025));
#1310 = CARTESIAN_POINT('',(-1.760171280765,-2.180085640382,1.75));
#1311 = CARTESIAN_POINT('',(-1.875,2.2375,1.025));
#1312 = CARTESIAN_POINT('',(-1.760171280765,2.180085640382,1.75));
#1313 = ADVANCED_FACE('',(#1314),#1331,.F.);
#1314 = FACE_BOUND('',#1315,.F.);
#1315 = EDGE_LOOP('',(#1316,#1317,#1324,#1330));
#1316 = ORIENTED_EDGE('',*,*,#541,.T.);
#1317 = ORIENTED_EDGE('',*,*,#1318,.T.);
#1318 = EDGE_CURVE('',#534,#1319,#1321,.T.);
#1319 = VERTEX_POINT('',#1320);
#1320 = CARTESIAN_POINT('',(-1.680085640382,2.260171280765,1.75));
#1321 = B_SPLINE_CURVE_WITH_KNOTS('',1,(#1322,#1323),.UNSPECIFIED.,.F.,
  .F.,(2,2),(0.,1.),.PIECEWISE_BEZIER_KNOTS.);
#1322 = CARTESIAN_POINT('',(-1.7375,2.375,1.025));
#1323 = CARTESIAN_POINT('',(-1.680085640382,2.260171280765,1.75));
#1324 = ORIENTED_EDGE('',*,*,#1325,.F.);
#1325 = EDGE_CURVE('',#1290,#1319,#1326,.T.);
#1326 = LINE('',#1327,#1328);
#1327 = CARTESIAN_POINT('',(-1.760171280765,2.180085640382,1.75));
#1328 = VECTOR('',#1329,1.);
#1329 = DIRECTION('',(0.707106781187,0.707106781187,0.));
#1330 = ORIENTED_EDGE('',*,*,#1289,.F.);
#1331 = B_SPLINE_SURFACE_WITH_KNOTS('',1,1,(
    (#1332,#1333)
    ,(#1334,#1335
    )),.UNSPECIFIED.,.F.,.F.,.F.,(2,2),(2,2),(0.,0.194454364826),(0.,1.)
  ,.PIECEWISE_BEZIER_KNOTS.);
#1332 = CARTESIAN_POINT('',(-1.875,2.2375,1.025));
#1333 = CARTESIAN_POINT('',(-1.760171280765,2.180085640382,1.75));
#1334 = CARTESIAN_POINT('',(-1.7375,2.375,1.025));
#1335 = CARTESIAN_POINT('',(-1.680085640382,2.260171280765,1.75));
#1336 = ADVANCED_FACE('',(#1337),#1354,.F.);
#1337 = FACE_BOUND('',#1338,.F.);
#1338 = EDGE_LOOP('',(#1339,#1340,#1347,#1353));
#1339 = ORIENTED_EDGE('',*,*,#533,.T.);
#1340 = ORIENTED_EDGE('',*,*,#1341,.T.);
#1341 = EDGE_CURVE('',#526,#1342,#1344,.T.);
#1342 = VERTEX_POINT('',#1343);
#1343 = CARTESIAN_POINT('',(1.680085640382,2.260171280765,1.75));
#1344 = B_SPLINE_CURVE_WITH_KNOTS('',1,(#1345,#1346),.UNSPECIFIED.,.F.,
  .F.,(2,2),(0.,1.),.PIECEWISE_BEZIER_KNOTS.);
#1345 = CARTESIAN_POINT('',(1.7375,2.375,1.025));
#1346 = CARTESIAN_POINT('',(1.680085640382,2.260171280765,1.75));
#1347 = ORIENTED_EDGE('',*,*,#1348,.F.);
#1348 = EDGE_CURVE('',#1319,#1342,#1349,.T.);
#1349 = LINE('',#1350,#1351);
#1350 = CARTESIAN_POINT('',(-1.680085640382,2.260171280765,1.75));
#1351 = VECTOR('',#1352,1.);
#1352 = DIRECTION('',(1.,1.110223024625E-16,0.));
#1353 = ORIENTED_EDGE('',*,*,#1318,.F.);
#1354 = B_SPLINE_SURFACE_WITH_KNOTS('',1,1,(
    (#1355,#1356)
    ,(#1357,#1358
    )),.UNSPECIFIED.,.F.,.F.,.F.,(2,2),(2,2),(0.,3.475),(0.,1.),
  .PIECEWISE_BEZIER_KNOTS.);
#1355 = CARTESIAN_POINT('',(-1.7375,2.375,1.025));
#1356 = CARTESIAN_POINT('',(-1.680085640382,2.260171280765,1.75));
#1357 = CARTESIAN_POINT('',(1.7375,2.375,1.025));
#1358 = CARTESIAN_POINT('',(1.680085640382,2.260171280765,1.75));
#1359 = ADVANCED_FACE('',(#1360),#1377,.F.);
#1360 = FACE_BOUND('',#1361,.F.);
#1361 = EDGE_LOOP('',(#1362,#1363,#1370,#1376));
#1362 = ORIENTED_EDGE('',*,*,#525,.T.);
#1363 = ORIENTED_EDGE('',*,*,#1364,.T.);
#1364 = EDGE_CURVE('',#518,#1365,#1367,.T.);
#1365 = VERTEX_POINT('',#1366);
#1366 = CARTESIAN_POINT('',(1.760171280765,2.180085640382,1.75));
#1367 = B_SPLINE_CURVE_WITH_KNOTS('',1,(#1368,#1369),.UNSPECIFIED.,.F.,
  .F.,(2,2),(0.,1.),.PIECEWISE_BEZIER_KNOTS.);
#1368 = CARTESIAN_POINT('',(1.875,2.2375,1.025));
#1369 = CARTESIAN_POINT('',(1.760171280765,2.180085640382,1.75));
#1370 = ORIENTED_EDGE('',*,*,#1371,.F.);
#1371 = EDGE_CURVE('',#1342,#1365,#1372,.T.);
#1372 = LINE('',#1373,#1374);
#1373 = CARTESIAN_POINT('',(1.680085640382,2.260171280765,1.75));
#1374 = VECTOR('',#1375,1.);
#1375 = DIRECTION('',(0.707106781187,-0.707106781187,0.));
#1376 = ORIENTED_EDGE('',*,*,#1341,.F.);
#1377 = B_SPLINE_SURFACE_WITH_KNOTS('',1,1,(
    (#1378,#1379)
    ,(#1380,#1381
    )),.UNSPECIFIED.,.F.,.F.,.F.,(2,2),(2,2),(0.,0.194454364826),(0.,1.)
  ,.PIECEWISE_BEZIER_KNOTS.);
#1378 = CARTESIAN_POINT('',(1.7375,2.375,1.025));
#1379 = CARTESIAN_POINT('',(1.680085640382,2.260171280765,1.75));
#1380 = CARTESIAN_POINT('',(1.875,2.2375,1.025));
#1381 = CARTESIAN_POINT('',(1.760171280765,2.180085640382,1.75));
#1382 = ADVANCED_FACE('',(#1383),#1464,.F.);
#1383 = FACE_BOUND('',#1384,.F.);
#1384 = EDGE_LOOP('',(#1385,#1386,#1394,#1402,#1410,#1418,#1426,#1434,
    #1442,#1450,#1457,#1463));
#1385 = ORIENTED_EDGE('',*,*,#517,.T.);
#1386 = ORIENTED_EDGE('',*,*,#1387,.T.);
#1387 = EDGE_CURVE('',#510,#1388,#1390,.T.);
#1388 = VERTEX_POINT('',#1389);
#1389 = CARTESIAN_POINT('',(1.875,1.7,1.025));
#1390 = LINE('',#1391,#1392);
#1391 = CARTESIAN_POINT('',(1.875,2.2375,1.025));
#1392 = VECTOR('',#1393,1.);
#1393 = DIRECTION('',(1.110223024625E-16,-1.,0.));
#1394 = ORIENTED_EDGE('',*,*,#1395,.T.);
#1395 = EDGE_CURVE('',#1388,#1396,#1398,.T.);
#1396 = VERTEX_POINT('',#1397);
#1397 = CARTESIAN_POINT('',(1.875,0.84,1.025));
#1398 = LINE('',#1399,#1400);
#1399 = CARTESIAN_POINT('',(1.875,2.2375,1.025));
#1400 = VECTOR('',#1401,1.);
#1401 = DIRECTION('',(1.110223024625E-16,-1.,0.));
#1402 = ORIENTED_EDGE('',*,*,#1403,.T.);
#1403 = EDGE_CURVE('',#1396,#1404,#1406,.T.);
#1404 = VERTEX_POINT('',#1405);
#1405 = CARTESIAN_POINT('',(1.875,0.43,1.025));
#1406 = LINE('',#1407,#1408);
#1407 = CARTESIAN_POINT('',(1.875,2.2375,1.025));
#1408 = VECTOR('',#1409,1.);
#1409 = DIRECTION('',(1.110223024625E-16,-1.,0.));
#1410 = ORIENTED_EDGE('',*,*,#1411,.T.);
#1411 = EDGE_CURVE('',#1404,#1412,#1414,.T.);
#1412 = VERTEX_POINT('',#1413);
#1413 = CARTESIAN_POINT('',(1.875,-0.43,1.025));
#1414 = LINE('',#1415,#1416);
#1415 = CARTESIAN_POINT('',(1.875,2.2375,1.025));
#1416 = VECTOR('',#1417,1.);
#1417 = DIRECTION('',(1.110223024625E-16,-1.,0.));
#1418 = ORIENTED_EDGE('',*,*,#1419,.T.);
#1419 = EDGE_CURVE('',#1412,#1420,#1422,.T.);
#1420 = VERTEX_POINT('',#1421);
#1421 = CARTESIAN_POINT('',(1.875,-0.84,1.025));
#1422 = LINE('',#1423,#1424);
#1423 = CARTESIAN_POINT('',(1.875,2.2375,1.025));
#1424 = VECTOR('',#1425,1.);
#1425 = DIRECTION('',(1.110223024625E-16,-1.,0.));
#1426 = ORIENTED_EDGE('',*,*,#1427,.T.);
#1427 = EDGE_CURVE('',#1420,#1428,#1430,.T.);
#1428 = VERTEX_POINT('',#1429);
#1429 = CARTESIAN_POINT('',(1.875,-1.7,1.025));
#1430 = LINE('',#1431,#1432);
#1431 = CARTESIAN_POINT('',(1.875,2.2375,1.025));
#1432 = VECTOR('',#1433,1.);
#1433 = DIRECTION('',(1.110223024625E-16,-1.,0.));
#1434 = ORIENTED_EDGE('',*,*,#1435,.T.);
#1435 = EDGE_CURVE('',#1428,#1436,#1438,.T.);
#1436 = VERTEX_POINT('',#1437);
#1437 = CARTESIAN_POINT('',(1.875,-2.11,1.025));
#1438 = LINE('',#1439,#1440);
#1439 = CARTESIAN_POINT('',(1.875,2.2375,1.025));
#1440 = VECTOR('',#1441,1.);
#1441 = DIRECTION('',(1.110223024625E-16,-1.,0.));
#1442 = ORIENTED_EDGE('',*,*,#1443,.T.);
#1443 = EDGE_CURVE('',#1436,#1444,#1446,.T.);
#1444 = VERTEX_POINT('',#1445);
#1445 = CARTESIAN_POINT('',(1.875,-2.2375,1.025));
#1446 = LINE('',#1447,#1448);
#1447 = CARTESIAN_POINT('',(1.875,2.2375,1.025));
#1448 = VECTOR('',#1449,1.);
#1449 = DIRECTION('',(1.110223024625E-16,-1.,0.));
#1450 = ORIENTED_EDGE('',*,*,#1451,.T.);
#1451 = EDGE_CURVE('',#1444,#1452,#1454,.T.);
#1452 = VERTEX_POINT('',#1453);
#1453 = CARTESIAN_POINT('',(1.760171280765,-2.180085640382,1.75));
#1454 = B_SPLINE_CURVE_WITH_KNOTS('',1,(#1455,#1456),.UNSPECIFIED.,.F.,
  .F.,(2,2),(0.,1.),.PIECEWISE_BEZIER_KNOTS.);
#1455 = CARTESIAN_POINT('',(1.875,-2.2375,1.025));
#1456 = CARTESIAN_POINT('',(1.760171280765,-2.180085640382,1.75));
#1457 = ORIENTED_EDGE('',*,*,#1458,.F.);
#1458 = EDGE_CURVE('',#1365,#1452,#1459,.T.);
#1459 = LINE('',#1460,#1461);
#1460 = CARTESIAN_POINT('',(1.760171280765,2.180085640382,1.75));
#1461 = VECTOR('',#1462,1.);
#1462 = DIRECTION('',(1.110223024625E-16,-1.,0.));
#1463 = ORIENTED_EDGE('',*,*,#1364,.F.);
#1464 = B_SPLINE_SURFACE_WITH_KNOTS('',1,1,(
    (#1465,#1466)
    ,(#1467,#1468
    )),.UNSPECIFIED.,.F.,.F.,.F.,(2,2),(2,2),(0.,4.475),(0.,1.),
  .PIECEWISE_BEZIER_KNOTS.);
#1465 = CARTESIAN_POINT('',(1.875,2.2375,1.025));
#1466 = CARTESIAN_POINT('',(1.760171280765,2.180085640382,1.75));
#1467 = CARTESIAN_POINT('',(1.875,-2.2375,1.025));
#1468 = CARTESIAN_POINT('',(1.760171280765,-2.180085640382,1.75));
#1469 = ADVANCED_FACE('',(#1470),#1502,.F.);
#1470 = FACE_BOUND('',#1471,.F.);
#1471 = EDGE_LOOP('',(#1472,#1480,#1488,#1494,#1500,#1501));
#1472 = ORIENTED_EDGE('',*,*,#1473,.F.);
#1473 = EDGE_CURVE('',#1474,#502,#1476,.T.);
#1474 = VERTEX_POINT('',#1475);
#1475 = CARTESIAN_POINT('',(2.25,2.11,1.025));
#1476 = LINE('',#1477,#1478);
#1477 = CARTESIAN_POINT('',(2.25,2.11,1.025));
#1478 = VECTOR('',#1479,1.);
#1479 = DIRECTION('',(-1.,-1.110223024625E-16,0.));
#1480 = ORIENTED_EDGE('',*,*,#1481,.T.);
#1481 = EDGE_CURVE('',#1474,#1482,#1484,.T.);
#1482 = VERTEX_POINT('',#1483);
#1483 = CARTESIAN_POINT('',(2.25,1.7,1.025));
#1484 = LINE('',#1485,#1486);
#1485 = CARTESIAN_POINT('',(2.25,2.11,1.025));
#1486 = VECTOR('',#1487,1.);
#1487 = DIRECTION('',(1.110223024625E-16,-1.,0.));
#1488 = ORIENTED_EDGE('',*,*,#1489,.T.);
#1489 = EDGE_CURVE('',#1482,#908,#1490,.T.);
#1490 = LINE('',#1491,#1492);
#1491 = CARTESIAN_POINT('',(2.25,1.7,1.025));
#1492 = VECTOR('',#1493,1.);
#1493 = DIRECTION('',(-1.,-1.110223024625E-16,0.));
#1494 = ORIENTED_EDGE('',*,*,#1495,.T.);
#1495 = EDGE_CURVE('',#908,#1388,#1496,.T.);
#1496 = LINE('',#1497,#1498);
#1497 = CARTESIAN_POINT('',(2.25,1.7,1.025));
#1498 = VECTOR('',#1499,1.);
#1499 = DIRECTION('',(-1.,-1.110223024625E-16,0.));
#1500 = ORIENTED_EDGE('',*,*,#1387,.F.);
#1501 = ORIENTED_EDGE('',*,*,#509,.F.);
#1502 = PLANE('',#1503);
#1503 = AXIS2_PLACEMENT_3D('',#1504,#1505,#1506);
#1504 = CARTESIAN_POINT('',(2.25,2.11,1.025));
#1505 = DIRECTION('',(0.,0.,-1.));
#1506 = DIRECTION('',(-1.,-1.110223024625E-16,-0.));
#1507 = ADVANCED_FACE('',(#1508),#1551,.F.);
#1508 = FACE_BOUND('',#1509,.F.);
#1509 = EDGE_LOOP('',(#1510,#1511,#1517,#1518,#1526,#1534,#1540,#1541,
    #1547,#1548,#1549,#1550));
#1510 = ORIENTED_EDGE('',*,*,#611,.T.);
#1511 = ORIENTED_EDGE('',*,*,#1512,.T.);
#1512 = EDGE_CURVE('',#604,#1234,#1513,.T.);
#1513 = LINE('',#1514,#1515);
#1514 = CARTESIAN_POINT('',(-2.25,-2.11,1.025));
#1515 = VECTOR('',#1516,1.);
#1516 = DIRECTION('',(1.,-1.144237745222E-17,0.));
#1517 = ORIENTED_EDGE('',*,*,#1231,.F.);
#1518 = ORIENTED_EDGE('',*,*,#1519,.F.);
#1519 = EDGE_CURVE('',#1520,#1232,#1522,.T.);
#1520 = VERTEX_POINT('',#1521);
#1521 = CARTESIAN_POINT('',(-1.7375,-2.375,1.025));
#1522 = LINE('',#1523,#1524);
#1523 = CARTESIAN_POINT('',(-1.7375,-2.375,1.025));
#1524 = VECTOR('',#1525,1.);
#1525 = DIRECTION('',(-0.707106781187,0.707106781187,0.));
#1526 = ORIENTED_EDGE('',*,*,#1527,.F.);
#1527 = EDGE_CURVE('',#1528,#1520,#1530,.T.);
#1528 = VERTEX_POINT('',#1529);
#1529 = CARTESIAN_POINT('',(1.7375,-2.375,1.025));
#1530 = LINE('',#1531,#1532);
#1531 = CARTESIAN_POINT('',(1.7375,-2.375,1.025));
#1532 = VECTOR('',#1533,1.);
#1533 = DIRECTION('',(-1.,-1.110223024625E-16,0.));
#1534 = ORIENTED_EDGE('',*,*,#1535,.F.);
#1535 = EDGE_CURVE('',#1444,#1528,#1536,.T.);
#1536 = LINE('',#1537,#1538);
#1537 = CARTESIAN_POINT('',(1.875,-2.2375,1.025));
#1538 = VECTOR('',#1539,1.);
#1539 = DIRECTION('',(-0.707106781187,-0.707106781187,0.));
#1540 = ORIENTED_EDGE('',*,*,#1443,.F.);
#1541 = ORIENTED_EDGE('',*,*,#1542,.F.);
#1542 = EDGE_CURVE('',#1094,#1436,#1543,.T.);
#1543 = LINE('',#1544,#1545);
#1544 = CARTESIAN_POINT('',(2.25,-2.11,1.025));
#1545 = VECTOR('',#1546,1.);
#1546 = DIRECTION('',(-1.,-1.110223024625E-16,0.));
#1547 = ORIENTED_EDGE('',*,*,#1109,.T.);
#1548 = ORIENTED_EDGE('',*,*,#1154,.T.);
#1549 = ORIENTED_EDGE('',*,*,#1171,.T.);
#1550 = ORIENTED_EDGE('',*,*,#1125,.T.);
#1551 = PLANE('',#1552);
#1552 = AXIS2_PLACEMENT_3D('',#1553,#1554,#1555);
#1553 = CARTESIAN_POINT('',(-3.027078129022E-16,2.4125,1.025));
#1554 = DIRECTION('',(2.007919022429E-31,-7.713306628828E-27,-1.));
#1555 = DIRECTION('',(1.,1.112083013911E-16,2.00791902242E-31));
#1556 = ADVANCED_FACE('',(#1557),#1643,.F.);
#1557 = FACE_BOUND('',#1558,.F.);
#1558 = EDGE_LOOP('',(#1559,#1560,#1561,#1570,#1578,#1587,#1595,#1603,
    #1611,#1620,#1628,#1637));
#1559 = ORIENTED_EDGE('',*,*,#603,.F.);
#1560 = ORIENTED_EDGE('',*,*,#625,.T.);
#1561 = ORIENTED_EDGE('',*,*,#1562,.T.);
#1562 = EDGE_CURVE('',#626,#1563,#1565,.T.);
#1563 = VERTEX_POINT('',#1564);
#1564 = CARTESIAN_POINT('',(-2.348480775301,-2.11,0.742364817767));
#1565 = CIRCLE('',#1566,0.1);
#1566 = AXIS2_PLACEMENT_3D('',#1567,#1568,#1569);
#1567 = CARTESIAN_POINT('',(-2.25,-2.11,0.725));
#1568 = DIRECTION('',(-1.144237745222E-17,-1.,3.483726818625E-47));
#1569 = DIRECTION('',(-4.440892098501E-15,5.081436361563E-32,1.));
#1570 = ORIENTED_EDGE('',*,*,#1571,.T.);
#1571 = EDGE_CURVE('',#1563,#1572,#1574,.T.);
#1572 = VERTEX_POINT('',#1573);
#1573 = CARTESIAN_POINT('',(-2.429496640897,-2.11,0.2479055467));
#1574 = LINE('',#1575,#1576);
#1575 = CARTESIAN_POINT('',(-2.348480775301,-2.11,0.742364817767));
#1576 = VECTOR('',#1577,1.);
#1577 = DIRECTION('',(-0.161691392282,1.85013394127E-18,-0.986841372087)
  );
#1578 = ORIENTED_EDGE('',*,*,#1579,.T.);
#1579 = EDGE_CURVE('',#1572,#1580,#1582,.T.);
#1580 = VERTEX_POINT('',#1581);
#1581 = CARTESIAN_POINT('',(-2.724938966801,-2.11,-1.665334536938E-16));
#1582 = CIRCLE('',#1583,0.3);
#1583 = AXIS2_PLACEMENT_3D('',#1584,#1585,#1586);
#1584 = CARTESIAN_POINT('',(-2.724938966801,-2.11,0.3));
#1585 = DIRECTION('',(1.144237745222E-17,1.,8.679168028915E-34));
#1586 = DIRECTION('',(0.984807753012,-1.126854202784E-17,-0.173648177667
    ));
#1587 = ORIENTED_EDGE('',*,*,#1588,.T.);
#1588 = EDGE_CURVE('',#1580,#1589,#1591,.T.);
#1589 = VERTEX_POINT('',#1590);
#1590 = CARTESIAN_POINT('',(-3.,-2.11,-1.665334536938E-16));
#1591 = LINE('',#1592,#1593);
#1592 = CARTESIAN_POINT('',(-2.724938966801,-2.11,-1.665334536938E-16));
#1593 = VECTOR('',#1594,1.);
#1594 = DIRECTION('',(-1.,1.144237745222E-17,0.));
#1595 = ORIENTED_EDGE('',*,*,#1596,.T.);
#1596 = EDGE_CURVE('',#1589,#1597,#1599,.T.);
#1597 = VERTEX_POINT('',#1598);
#1598 = CARTESIAN_POINT('',(-3.,-2.11,0.2));
#1599 = LINE('',#1600,#1601);
#1600 = CARTESIAN_POINT('',(-3.,-2.11,-1.665334536938E-16));
#1601 = VECTOR('',#1602,1.);
#1602 = DIRECTION('',(0.,0.,1.));
#1603 = ORIENTED_EDGE('',*,*,#1604,.T.);
#1604 = EDGE_CURVE('',#1597,#1605,#1607,.T.);
#1605 = VERTEX_POINT('',#1606);
#1606 = CARTESIAN_POINT('',(-2.724938966801,-2.11,0.2));
#1607 = LINE('',#1608,#1609);
#1608 = CARTESIAN_POINT('',(-3.,-2.11,0.2));
#1609 = VECTOR('',#1610,1.);
#1610 = DIRECTION('',(1.,-1.144237745222E-17,0.));
#1611 = ORIENTED_EDGE('',*,*,#1612,.T.);
#1612 = EDGE_CURVE('',#1605,#1613,#1615,.T.);
#1613 = VERTEX_POINT('',#1614);
#1614 = CARTESIAN_POINT('',(-2.6264581915,-2.11,0.282635182233));
#1615 = CIRCLE('',#1616,0.1);
#1616 = AXIS2_PLACEMENT_3D('',#1617,#1618,#1619);
#1617 = CARTESIAN_POINT('',(-2.724938966801,-2.11,0.3));
#1618 = DIRECTION('',(-1.144237745222E-17,-1.,-0.));
#1619 = DIRECTION('',(0.,0.,-1.));
#1620 = ORIENTED_EDGE('',*,*,#1621,.T.);
#1621 = EDGE_CURVE('',#1613,#1622,#1624,.T.);
#1622 = VERTEX_POINT('',#1623);
#1623 = CARTESIAN_POINT('',(-2.545442325904,-2.11,0.7770944533));
#1624 = LINE('',#1625,#1626);
#1625 = CARTESIAN_POINT('',(-2.6264581915,-2.11,0.282635182233));
#1626 = VECTOR('',#1627,1.);
#1627 = DIRECTION('',(0.161691392282,-1.85013394127E-18,0.986841372087)
  );
#1628 = ORIENTED_EDGE('',*,*,#1629,.T.);
#1629 = EDGE_CURVE('',#1622,#1630,#1632,.T.);
#1630 = VERTEX_POINT('',#1631);
#1631 = CARTESIAN_POINT('',(-2.25,-2.11,1.025));
#1632 = CIRCLE('',#1633,0.3);
#1633 = AXIS2_PLACEMENT_3D('',#1634,#1635,#1636);
#1634 = CARTESIAN_POINT('',(-2.25,-2.11,0.725));
#1635 = DIRECTION('',(1.144237745222E-17,1.,8.679168028915E-34));
#1636 = DIRECTION('',(-0.984807753012,1.126854202784E-17,0.173648177667)
  );
#1637 = ORIENTED_EDGE('',*,*,#1638,.T.);
#1638 = EDGE_CURVE('',#1630,#604,#1639,.T.);
#1639 = LINE('',#1640,#1641);
#1640 = CARTESIAN_POINT('',(-2.25,-2.11,1.025));
#1641 = VECTOR('',#1642,1.);
#1642 = DIRECTION('',(1.,-1.144237745222E-17,0.));
#1643 = PLANE('',#1644);
#1644 = AXIS2_PLACEMENT_3D('',#1645,#1646,#1647);
#1645 = CARTESIAN_POINT('',(-2.42560961319,-2.11,0.548953137803));
#1646 = DIRECTION('',(1.144237745222E-17,1.,0.));
#1647 = DIRECTION('',(0.,-0.,1.));
#1648 = ADVANCED_FACE('',(#1649),#1668,.F.);
#1649 = FACE_BOUND('',#1650,.F.);
#1650 = EDGE_LOOP('',(#1651,#1652,#1661,#1667));
#1651 = ORIENTED_EDGE('',*,*,#642,.T.);
#1652 = ORIENTED_EDGE('',*,*,#1653,.T.);
#1653 = EDGE_CURVE('',#635,#1654,#1656,.T.);
#1654 = VERTEX_POINT('',#1655);
#1655 = CARTESIAN_POINT('',(-2.348480775301,-1.7,0.742364817767));
#1656 = CIRCLE('',#1657,0.1);
#1657 = AXIS2_PLACEMENT_3D('',#1658,#1659,#1660);
#1658 = CARTESIAN_POINT('',(-2.25,-1.7,0.725));
#1659 = DIRECTION('',(-1.144237745222E-17,-1.,3.483726818625E-47));
#1660 = DIRECTION('',(-4.440892098501E-15,5.081436361563E-32,1.));
#1661 = ORIENTED_EDGE('',*,*,#1662,.F.);
#1662 = EDGE_CURVE('',#1563,#1654,#1663,.T.);
#1663 = LINE('',#1664,#1665);
#1664 = CARTESIAN_POINT('',(-2.348480775301,-2.11,0.742364817767));
#1665 = VECTOR('',#1666,1.);
#1666 = DIRECTION('',(1.144237745222E-17,1.,0.));
#1667 = ORIENTED_EDGE('',*,*,#1562,.F.);
#1668 = CYLINDRICAL_SURFACE('',#1669,0.1);
#1669 = AXIS2_PLACEMENT_3D('',#1670,#1671,#1672);
#1670 = CARTESIAN_POINT('',(-2.25,-2.11,0.725));
#1671 = DIRECTION('',(-1.144237745222E-17,-1.,0.));
#1672 = DIRECTION('',(-4.440892098501E-15,5.081436361563E-32,1.));
#1673 = ADVANCED_FACE('',(#1674),#1752,.T.);
#1674 = FACE_BOUND('',#1675,.T.);
#1675 = EDGE_LOOP('',(#1676,#1677,#1678,#1679,#1687,#1696,#1704,#1712,
    #1720,#1729,#1737,#1746));
#1676 = ORIENTED_EDGE('',*,*,#656,.F.);
#1677 = ORIENTED_EDGE('',*,*,#634,.T.);
#1678 = ORIENTED_EDGE('',*,*,#1653,.T.);
#1679 = ORIENTED_EDGE('',*,*,#1680,.T.);
#1680 = EDGE_CURVE('',#1654,#1681,#1683,.T.);
#1681 = VERTEX_POINT('',#1682);
#1682 = CARTESIAN_POINT('',(-2.429496640897,-1.7,0.2479055467));
#1683 = LINE('',#1684,#1685);
#1684 = CARTESIAN_POINT('',(-2.348480775301,-1.7,0.742364817767));
#1685 = VECTOR('',#1686,1.);
#1686 = DIRECTION('',(-0.161691392282,1.85013394127E-18,-0.986841372087)
  );
#1687 = ORIENTED_EDGE('',*,*,#1688,.T.);
#1688 = EDGE_CURVE('',#1681,#1689,#1691,.T.);
#1689 = VERTEX_POINT('',#1690);
#1690 = CARTESIAN_POINT('',(-2.724938966801,-1.7,-1.665334536938E-16));
#1691 = CIRCLE('',#1692,0.3);
#1692 = AXIS2_PLACEMENT_3D('',#1693,#1694,#1695);
#1693 = CARTESIAN_POINT('',(-2.724938966801,-1.7,0.3));
#1694 = DIRECTION('',(1.144237745222E-17,1.,8.679168028915E-34));
#1695 = DIRECTION('',(0.984807753012,-1.126854202784E-17,-0.173648177667
    ));
#1696 = ORIENTED_EDGE('',*,*,#1697,.T.);
#1697 = EDGE_CURVE('',#1689,#1698,#1700,.T.);
#1698 = VERTEX_POINT('',#1699);
#1699 = CARTESIAN_POINT('',(-3.,-1.7,-1.665334536938E-16));
#1700 = LINE('',#1701,#1702);
#1701 = CARTESIAN_POINT('',(-2.724938966801,-1.7,-1.665334536938E-16));
#1702 = VECTOR('',#1703,1.);
#1703 = DIRECTION('',(-1.,1.144237745222E-17,0.));
#1704 = ORIENTED_EDGE('',*,*,#1705,.T.);
#1705 = EDGE_CURVE('',#1698,#1706,#1708,.T.);
#1706 = VERTEX_POINT('',#1707);
#1707 = CARTESIAN_POINT('',(-3.,-1.7,0.2));
#1708 = LINE('',#1709,#1710);
#1709 = CARTESIAN_POINT('',(-3.,-1.7,-1.665334536938E-16));
#1710 = VECTOR('',#1711,1.);
#1711 = DIRECTION('',(0.,0.,1.));
#1712 = ORIENTED_EDGE('',*,*,#1713,.T.);
#1713 = EDGE_CURVE('',#1706,#1714,#1716,.T.);
#1714 = VERTEX_POINT('',#1715);
#1715 = CARTESIAN_POINT('',(-2.724938966801,-1.7,0.2));
#1716 = LINE('',#1717,#1718);
#1717 = CARTESIAN_POINT('',(-3.,-1.7,0.2));
#1718 = VECTOR('',#1719,1.);
#1719 = DIRECTION('',(1.,-1.144237745222E-17,0.));
#1720 = ORIENTED_EDGE('',*,*,#1721,.T.);
#1721 = EDGE_CURVE('',#1714,#1722,#1724,.T.);
#1722 = VERTEX_POINT('',#1723);
#1723 = CARTESIAN_POINT('',(-2.6264581915,-1.7,0.282635182233));
#1724 = CIRCLE('',#1725,0.1);
#1725 = AXIS2_PLACEMENT_3D('',#1726,#1727,#1728);
#1726 = CARTESIAN_POINT('',(-2.724938966801,-1.7,0.3));
#1727 = DIRECTION('',(-1.144237745222E-17,-1.,-0.));
#1728 = DIRECTION('',(0.,0.,-1.));
#1729 = ORIENTED_EDGE('',*,*,#1730,.T.);
#1730 = EDGE_CURVE('',#1722,#1731,#1733,.T.);
#1731 = VERTEX_POINT('',#1732);
#1732 = CARTESIAN_POINT('',(-2.545442325904,-1.7,0.7770944533));
#1733 = LINE('',#1734,#1735);
#1734 = CARTESIAN_POINT('',(-2.6264581915,-1.7,0.282635182233));
#1735 = VECTOR('',#1736,1.);
#1736 = DIRECTION('',(0.161691392282,-1.85013394127E-18,0.986841372087)
  );
#1737 = ORIENTED_EDGE('',*,*,#1738,.T.);
#1738 = EDGE_CURVE('',#1731,#1739,#1741,.T.);
#1739 = VERTEX_POINT('',#1740);
#1740 = CARTESIAN_POINT('',(-2.25,-1.7,1.025));
#1741 = CIRCLE('',#1742,0.3);
#1742 = AXIS2_PLACEMENT_3D('',#1743,#1744,#1745);
#1743 = CARTESIAN_POINT('',(-2.25,-1.7,0.725));
#1744 = DIRECTION('',(1.144237745222E-17,1.,8.679168028915E-34));
#1745 = DIRECTION('',(-0.984807753012,1.126854202784E-17,0.173648177667)
  );
#1746 = ORIENTED_EDGE('',*,*,#1747,.T.);
#1747 = EDGE_CURVE('',#1739,#657,#1748,.T.);
#1748 = LINE('',#1749,#1750);
#1749 = CARTESIAN_POINT('',(-2.25,-1.7,1.025));
#1750 = VECTOR('',#1751,1.);
#1751 = DIRECTION('',(1.,-1.144237745222E-17,0.));
#1752 = PLANE('',#1753);
#1753 = AXIS2_PLACEMENT_3D('',#1754,#1755,#1756);
#1754 = CARTESIAN_POINT('',(-2.42560961319,-1.7,0.548953137803));
#1755 = DIRECTION('',(1.144237745222E-17,1.,0.));
#1756 = DIRECTION('',(0.,-0.,1.));
#1757 = ADVANCED_FACE('',(#1758),#1774,.F.);
#1758 = FACE_BOUND('',#1759,.F.);
#1759 = EDGE_LOOP('',(#1760,#1761,#1767,#1768));
#1760 = ORIENTED_EDGE('',*,*,#673,.T.);
#1761 = ORIENTED_EDGE('',*,*,#1762,.T.);
#1762 = EDGE_CURVE('',#666,#1250,#1763,.T.);
#1763 = LINE('',#1764,#1765);
#1764 = CARTESIAN_POINT('',(-2.25,-0.84,1.025));
#1765 = VECTOR('',#1766,1.);
#1766 = DIRECTION('',(1.,-1.144237745222E-17,0.));
#1767 = ORIENTED_EDGE('',*,*,#1249,.F.);
#1768 = ORIENTED_EDGE('',*,*,#1769,.F.);
#1769 = EDGE_CURVE('',#657,#1242,#1770,.T.);
#1770 = LINE('',#1771,#1772);
#1771 = CARTESIAN_POINT('',(-2.25,-1.7,1.025));
#1772 = VECTOR('',#1773,1.);
#1773 = DIRECTION('',(1.,-1.144237745222E-17,0.));
#1774 = PLANE('',#1775);
#1775 = AXIS2_PLACEMENT_3D('',#1776,#1777,#1778);
#1776 = CARTESIAN_POINT('',(-3.027078129022E-16,2.4125,1.025));
#1777 = DIRECTION('',(2.007919022429E-31,-7.713306628828E-27,-1.));
#1778 = DIRECTION('',(1.,1.112083013911E-16,2.00791902242E-31));
#1779 = ADVANCED_FACE('',(#1780),#1866,.F.);
#1780 = FACE_BOUND('',#1781,.F.);
#1781 = EDGE_LOOP('',(#1782,#1783,#1784,#1793,#1801,#1810,#1818,#1826,
    #1834,#1843,#1851,#1860));
#1782 = ORIENTED_EDGE('',*,*,#665,.F.);
#1783 = ORIENTED_EDGE('',*,*,#687,.T.);
#1784 = ORIENTED_EDGE('',*,*,#1785,.T.);
#1785 = EDGE_CURVE('',#688,#1786,#1788,.T.);
#1786 = VERTEX_POINT('',#1787);
#1787 = CARTESIAN_POINT('',(-2.348480775301,-0.84,0.742364817767));
#1788 = CIRCLE('',#1789,0.1);
#1789 = AXIS2_PLACEMENT_3D('',#1790,#1791,#1792);
#1790 = CARTESIAN_POINT('',(-2.25,-0.84,0.725));
#1791 = DIRECTION('',(-1.144237745222E-17,-1.,3.483726818625E-47));
#1792 = DIRECTION('',(-4.440892098501E-15,5.081436361563E-32,1.));
#1793 = ORIENTED_EDGE('',*,*,#1794,.T.);
#1794 = EDGE_CURVE('',#1786,#1795,#1797,.T.);
#1795 = VERTEX_POINT('',#1796);
#1796 = CARTESIAN_POINT('',(-2.429496640897,-0.84,0.2479055467));
#1797 = LINE('',#1798,#1799);
#1798 = CARTESIAN_POINT('',(-2.348480775301,-0.84,0.742364817767));
#1799 = VECTOR('',#1800,1.);
#1800 = DIRECTION('',(-0.161691392282,1.85013394127E-18,-0.986841372087)
  );
#1801 = ORIENTED_EDGE('',*,*,#1802,.T.);
#1802 = EDGE_CURVE('',#1795,#1803,#1805,.T.);
#1803 = VERTEX_POINT('',#1804);
#1804 = CARTESIAN_POINT('',(-2.724938966801,-0.84,-1.665334536938E-16));
#1805 = CIRCLE('',#1806,0.3);
#1806 = AXIS2_PLACEMENT_3D('',#1807,#1808,#1809);
#1807 = CARTESIAN_POINT('',(-2.724938966801,-0.84,0.3));
#1808 = DIRECTION('',(1.144237745222E-17,1.,8.679168028915E-34));
#1809 = DIRECTION('',(0.984807753012,-1.126854202784E-17,-0.173648177667
    ));
#1810 = ORIENTED_EDGE('',*,*,#1811,.T.);
#1811 = EDGE_CURVE('',#1803,#1812,#1814,.T.);
#1812 = VERTEX_POINT('',#1813);
#1813 = CARTESIAN_POINT('',(-3.,-0.84,-1.665334536938E-16));
#1814 = LINE('',#1815,#1816);
#1815 = CARTESIAN_POINT('',(-2.724938966801,-0.84,-1.665334536938E-16));
#1816 = VECTOR('',#1817,1.);
#1817 = DIRECTION('',(-1.,1.144237745222E-17,0.));
#1818 = ORIENTED_EDGE('',*,*,#1819,.T.);
#1819 = EDGE_CURVE('',#1812,#1820,#1822,.T.);
#1820 = VERTEX_POINT('',#1821);
#1821 = CARTESIAN_POINT('',(-3.,-0.84,0.2));
#1822 = LINE('',#1823,#1824);
#1823 = CARTESIAN_POINT('',(-3.,-0.84,-1.665334536938E-16));
#1824 = VECTOR('',#1825,1.);
#1825 = DIRECTION('',(0.,0.,1.));
#1826 = ORIENTED_EDGE('',*,*,#1827,.T.);
#1827 = EDGE_CURVE('',#1820,#1828,#1830,.T.);
#1828 = VERTEX_POINT('',#1829);
#1829 = CARTESIAN_POINT('',(-2.724938966801,-0.84,0.2));
#1830 = LINE('',#1831,#1832);
#1831 = CARTESIAN_POINT('',(-3.,-0.84,0.2));
#1832 = VECTOR('',#1833,1.);
#1833 = DIRECTION('',(1.,-1.144237745222E-17,0.));
#1834 = ORIENTED_EDGE('',*,*,#1835,.T.);
#1835 = EDGE_CURVE('',#1828,#1836,#1838,.T.);
#1836 = VERTEX_POINT('',#1837);
#1837 = CARTESIAN_POINT('',(-2.6264581915,-0.84,0.282635182233));
#1838 = CIRCLE('',#1839,0.1);
#1839 = AXIS2_PLACEMENT_3D('',#1840,#1841,#1842);
#1840 = CARTESIAN_POINT('',(-2.724938966801,-0.84,0.3));
#1841 = DIRECTION('',(-1.144237745222E-17,-1.,-0.));
#1842 = DIRECTION('',(0.,0.,-1.));
#1843 = ORIENTED_EDGE('',*,*,#1844,.T.);
#1844 = EDGE_CURVE('',#1836,#1845,#1847,.T.);
#1845 = VERTEX_POINT('',#1846);
#1846 = CARTESIAN_POINT('',(-2.545442325904,-0.84,0.7770944533));
#1847 = LINE('',#1848,#1849);
#1848 = CARTESIAN_POINT('',(-2.6264581915,-0.84,0.282635182233));
#1849 = VECTOR('',#1850,1.);
#1850 = DIRECTION('',(0.161691392282,-1.85013394127E-18,0.986841372087)
  );
#1851 = ORIENTED_EDGE('',*,*,#1852,.T.);
#1852 = EDGE_CURVE('',#1845,#1853,#1855,.T.);
#1853 = VERTEX_POINT('',#1854);
#1854 = CARTESIAN_POINT('',(-2.25,-0.84,1.025));
#1855 = CIRCLE('',#1856,0.3);
#1856 = AXIS2_PLACEMENT_3D('',#1857,#1858,#1859);
#1857 = CARTESIAN_POINT('',(-2.25,-0.84,0.725));
#1858 = DIRECTION('',(1.144237745222E-17,1.,8.679168028915E-34));
#1859 = DIRECTION('',(-0.984807753012,1.126854202784E-17,0.173648177667)
  );
#1860 = ORIENTED_EDGE('',*,*,#1861,.T.);
#1861 = EDGE_CURVE('',#1853,#666,#1862,.T.);
#1862 = LINE('',#1863,#1864);
#1863 = CARTESIAN_POINT('',(-2.25,-0.84,1.025));
#1864 = VECTOR('',#1865,1.);
#1865 = DIRECTION('',(1.,-1.144237745222E-17,0.));
#1866 = PLANE('',#1867);
#1867 = AXIS2_PLACEMENT_3D('',#1868,#1869,#1870);
#1868 = CARTESIAN_POINT('',(-2.42560961319,-0.84,0.548953137803));
#1869 = DIRECTION('',(1.144237745222E-17,1.,0.));
#1870 = DIRECTION('',(0.,-0.,1.));
#1871 = ADVANCED_FACE('',(#1872),#1891,.F.);
#1872 = FACE_BOUND('',#1873,.F.);
#1873 = EDGE_LOOP('',(#1874,#1875,#1884,#1890));
#1874 = ORIENTED_EDGE('',*,*,#704,.T.);
#1875 = ORIENTED_EDGE('',*,*,#1876,.T.);
#1876 = EDGE_CURVE('',#697,#1877,#1879,.T.);
#1877 = VERTEX_POINT('',#1878);
#1878 = CARTESIAN_POINT('',(-2.348480775301,-0.43,0.742364817767));
#1879 = CIRCLE('',#1880,0.1);
#1880 = AXIS2_PLACEMENT_3D('',#1881,#1882,#1883);
#1881 = CARTESIAN_POINT('',(-2.25,-0.43,0.725));
#1882 = DIRECTION('',(-1.144237745222E-17,-1.,3.483726818625E-47));
#1883 = DIRECTION('',(-4.440892098501E-15,5.081436361563E-32,1.));
#1884 = ORIENTED_EDGE('',*,*,#1885,.F.);
#1885 = EDGE_CURVE('',#1786,#1877,#1886,.T.);
#1886 = LINE('',#1887,#1888);
#1887 = CARTESIAN_POINT('',(-2.348480775301,-0.84,0.742364817767));
#1888 = VECTOR('',#1889,1.);
#1889 = DIRECTION('',(1.144237745222E-17,1.,0.));
#1890 = ORIENTED_EDGE('',*,*,#1785,.F.);
#1891 = CYLINDRICAL_SURFACE('',#1892,0.1);
#1892 = AXIS2_PLACEMENT_3D('',#1893,#1894,#1895);
#1893 = CARTESIAN_POINT('',(-2.25,-0.84,0.725));
#1894 = DIRECTION('',(-1.144237745222E-17,-1.,0.));
#1895 = DIRECTION('',(-4.440892098501E-15,5.081436361563E-32,1.));
#1896 = ADVANCED_FACE('',(#1897),#1975,.T.);
#1897 = FACE_BOUND('',#1898,.T.);
#1898 = EDGE_LOOP('',(#1899,#1900,#1901,#1902,#1910,#1919,#1927,#1935,
    #1943,#1952,#1960,#1969));
#1899 = ORIENTED_EDGE('',*,*,#718,.F.);
#1900 = ORIENTED_EDGE('',*,*,#696,.T.);
#1901 = ORIENTED_EDGE('',*,*,#1876,.T.);
#1902 = ORIENTED_EDGE('',*,*,#1903,.T.);
#1903 = EDGE_CURVE('',#1877,#1904,#1906,.T.);
#1904 = VERTEX_POINT('',#1905);
#1905 = CARTESIAN_POINT('',(-2.429496640897,-0.43,0.2479055467));
#1906 = LINE('',#1907,#1908);
#1907 = CARTESIAN_POINT('',(-2.348480775301,-0.43,0.742364817767));
#1908 = VECTOR('',#1909,1.);
#1909 = DIRECTION('',(-0.161691392282,1.85013394127E-18,-0.986841372087)
  );
#1910 = ORIENTED_EDGE('',*,*,#1911,.T.);
#1911 = EDGE_CURVE('',#1904,#1912,#1914,.T.);
#1912 = VERTEX_POINT('',#1913);
#1913 = CARTESIAN_POINT('',(-2.724938966801,-0.43,-1.665334536938E-16));
#1914 = CIRCLE('',#1915,0.3);
#1915 = AXIS2_PLACEMENT_3D('',#1916,#1917,#1918);
#1916 = CARTESIAN_POINT('',(-2.724938966801,-0.43,0.3));
#1917 = DIRECTION('',(1.144237745222E-17,1.,8.679168028915E-34));
#1918 = DIRECTION('',(0.984807753012,-1.126854202784E-17,-0.173648177667
    ));
#1919 = ORIENTED_EDGE('',*,*,#1920,.T.);
#1920 = EDGE_CURVE('',#1912,#1921,#1923,.T.);
#1921 = VERTEX_POINT('',#1922);
#1922 = CARTESIAN_POINT('',(-3.,-0.43,-1.665334536938E-16));
#1923 = LINE('',#1924,#1925);
#1924 = CARTESIAN_POINT('',(-2.724938966801,-0.43,-1.665334536938E-16));
#1925 = VECTOR('',#1926,1.);
#1926 = DIRECTION('',(-1.,1.144237745222E-17,0.));
#1927 = ORIENTED_EDGE('',*,*,#1928,.T.);
#1928 = EDGE_CURVE('',#1921,#1929,#1931,.T.);
#1929 = VERTEX_POINT('',#1930);
#1930 = CARTESIAN_POINT('',(-3.,-0.43,0.2));
#1931 = LINE('',#1932,#1933);
#1932 = CARTESIAN_POINT('',(-3.,-0.43,-1.665334536938E-16));
#1933 = VECTOR('',#1934,1.);
#1934 = DIRECTION('',(0.,0.,1.));
#1935 = ORIENTED_EDGE('',*,*,#1936,.T.);
#1936 = EDGE_CURVE('',#1929,#1937,#1939,.T.);
#1937 = VERTEX_POINT('',#1938);
#1938 = CARTESIAN_POINT('',(-2.724938966801,-0.43,0.2));
#1939 = LINE('',#1940,#1941);
#1940 = CARTESIAN_POINT('',(-3.,-0.43,0.2));
#1941 = VECTOR('',#1942,1.);
#1942 = DIRECTION('',(1.,-1.144237745222E-17,0.));
#1943 = ORIENTED_EDGE('',*,*,#1944,.T.);
#1944 = EDGE_CURVE('',#1937,#1945,#1947,.T.);
#1945 = VERTEX_POINT('',#1946);
#1946 = CARTESIAN_POINT('',(-2.6264581915,-0.43,0.282635182233));
#1947 = CIRCLE('',#1948,0.1);
#1948 = AXIS2_PLACEMENT_3D('',#1949,#1950,#1951);
#1949 = CARTESIAN_POINT('',(-2.724938966801,-0.43,0.3));
#1950 = DIRECTION('',(-1.144237745222E-17,-1.,-0.));
#1951 = DIRECTION('',(0.,0.,-1.));
#1952 = ORIENTED_EDGE('',*,*,#1953,.T.);
#1953 = EDGE_CURVE('',#1945,#1954,#1956,.T.);
#1954 = VERTEX_POINT('',#1955);
#1955 = CARTESIAN_POINT('',(-2.545442325904,-0.43,0.7770944533));
#1956 = LINE('',#1957,#1958);
#1957 = CARTESIAN_POINT('',(-2.6264581915,-0.43,0.282635182233));
#1958 = VECTOR('',#1959,1.);
#1959 = DIRECTION('',(0.161691392282,-1.85013394127E-18,0.986841372087)
  );
#1960 = ORIENTED_EDGE('',*,*,#1961,.T.);
#1961 = EDGE_CURVE('',#1954,#1962,#1964,.T.);
#1962 = VERTEX_POINT('',#1963);
#1963 = CARTESIAN_POINT('',(-2.25,-0.43,1.025));
#1964 = CIRCLE('',#1965,0.3);
#1965 = AXIS2_PLACEMENT_3D('',#1966,#1967,#1968);
#1966 = CARTESIAN_POINT('',(-2.25,-0.43,0.725));
#1967 = DIRECTION('',(1.144237745222E-17,1.,8.679168028915E-34));
#1968 = DIRECTION('',(-0.984807753012,1.126854202784E-17,0.173648177667)
  );
#1969 = ORIENTED_EDGE('',*,*,#1970,.T.);
#1970 = EDGE_CURVE('',#1962,#719,#1971,.T.);
#1971 = LINE('',#1972,#1973);
#1972 = CARTESIAN_POINT('',(-2.25,-0.43,1.025));
#1973 = VECTOR('',#1974,1.);
#1974 = DIRECTION('',(1.,-1.144237745222E-17,0.));
#1975 = PLANE('',#1976);
#1976 = AXIS2_PLACEMENT_3D('',#1977,#1978,#1979);
#1977 = CARTESIAN_POINT('',(-2.42560961319,-0.43,0.548953137803));
#1978 = DIRECTION('',(1.144237745222E-17,1.,0.));
#1979 = DIRECTION('',(0.,-0.,1.));
#1980 = ADVANCED_FACE('',(#1981),#1997,.F.);
#1981 = FACE_BOUND('',#1982,.F.);
#1982 = EDGE_LOOP('',(#1983,#1984,#1990,#1991));
#1983 = ORIENTED_EDGE('',*,*,#735,.T.);
#1984 = ORIENTED_EDGE('',*,*,#1985,.T.);
#1985 = EDGE_CURVE('',#728,#1266,#1986,.T.);
#1986 = LINE('',#1987,#1988);
#1987 = CARTESIAN_POINT('',(-2.25,0.43,1.025));
#1988 = VECTOR('',#1989,1.);
#1989 = DIRECTION('',(1.,-1.144237745222E-17,0.));
#1990 = ORIENTED_EDGE('',*,*,#1265,.F.);
#1991 = ORIENTED_EDGE('',*,*,#1992,.F.);
#1992 = EDGE_CURVE('',#719,#1258,#1993,.T.);
#1993 = LINE('',#1994,#1995);
#1994 = CARTESIAN_POINT('',(-2.25,-0.43,1.025));
#1995 = VECTOR('',#1996,1.);
#1996 = DIRECTION('',(1.,-1.144237745222E-17,0.));
#1997 = PLANE('',#1998);
#1998 = AXIS2_PLACEMENT_3D('',#1999,#2000,#2001);
#1999 = CARTESIAN_POINT('',(-3.027078129022E-16,2.4125,1.025));
#2000 = DIRECTION('',(2.007919022429E-31,-7.713306628828E-27,-1.));
#2001 = DIRECTION('',(1.,1.112083013911E-16,2.00791902242E-31));
#2002 = ADVANCED_FACE('',(#2003),#2089,.F.);
#2003 = FACE_BOUND('',#2004,.F.);
#2004 = EDGE_LOOP('',(#2005,#2006,#2007,#2016,#2024,#2033,#2041,#2049,
    #2057,#2066,#2074,#2083));
#2005 = ORIENTED_EDGE('',*,*,#727,.F.);
#2006 = ORIENTED_EDGE('',*,*,#749,.T.);
#2007 = ORIENTED_EDGE('',*,*,#2008,.T.);
#2008 = EDGE_CURVE('',#750,#2009,#2011,.T.);
#2009 = VERTEX_POINT('',#2010);
#2010 = CARTESIAN_POINT('',(-2.348480775301,0.43,0.742364817767));
#2011 = CIRCLE('',#2012,0.1);
#2012 = AXIS2_PLACEMENT_3D('',#2013,#2014,#2015);
#2013 = CARTESIAN_POINT('',(-2.25,0.43,0.725));
#2014 = DIRECTION('',(-1.144237745222E-17,-1.,3.483726818625E-47));
#2015 = DIRECTION('',(-4.440892098501E-15,5.081436361563E-32,1.));
#2016 = ORIENTED_EDGE('',*,*,#2017,.T.);
#2017 = EDGE_CURVE('',#2009,#2018,#2020,.T.);
#2018 = VERTEX_POINT('',#2019);
#2019 = CARTESIAN_POINT('',(-2.429496640897,0.43,0.2479055467));
#2020 = LINE('',#2021,#2022);
#2021 = CARTESIAN_POINT('',(-2.348480775301,0.43,0.742364817767));
#2022 = VECTOR('',#2023,1.);
#2023 = DIRECTION('',(-0.161691392282,1.85013394127E-18,-0.986841372087)
  );
#2024 = ORIENTED_EDGE('',*,*,#2025,.T.);
#2025 = EDGE_CURVE('',#2018,#2026,#2028,.T.);
#2026 = VERTEX_POINT('',#2027);
#2027 = CARTESIAN_POINT('',(-2.724938966801,0.43,-1.665334536938E-16));
#2028 = CIRCLE('',#2029,0.3);
#2029 = AXIS2_PLACEMENT_3D('',#2030,#2031,#2032);
#2030 = CARTESIAN_POINT('',(-2.724938966801,0.43,0.3));
#2031 = DIRECTION('',(1.144237745222E-17,1.,8.679168028915E-34));
#2032 = DIRECTION('',(0.984807753012,-1.126854202784E-17,-0.173648177667
    ));
#2033 = ORIENTED_EDGE('',*,*,#2034,.T.);
#2034 = EDGE_CURVE('',#2026,#2035,#2037,.T.);
#2035 = VERTEX_POINT('',#2036);
#2036 = CARTESIAN_POINT('',(-3.,0.43,-1.665334536938E-16));
#2037 = LINE('',#2038,#2039);
#2038 = CARTESIAN_POINT('',(-2.724938966801,0.43,-1.665334536938E-16));
#2039 = VECTOR('',#2040,1.);
#2040 = DIRECTION('',(-1.,1.144237745222E-17,0.));
#2041 = ORIENTED_EDGE('',*,*,#2042,.T.);
#2042 = EDGE_CURVE('',#2035,#2043,#2045,.T.);
#2043 = VERTEX_POINT('',#2044);
#2044 = CARTESIAN_POINT('',(-3.,0.43,0.2));
#2045 = LINE('',#2046,#2047);
#2046 = CARTESIAN_POINT('',(-3.,0.43,-1.665334536938E-16));
#2047 = VECTOR('',#2048,1.);
#2048 = DIRECTION('',(0.,0.,1.));
#2049 = ORIENTED_EDGE('',*,*,#2050,.T.);
#2050 = EDGE_CURVE('',#2043,#2051,#2053,.T.);
#2051 = VERTEX_POINT('',#2052);
#2052 = CARTESIAN_POINT('',(-2.724938966801,0.43,0.2));
#2053 = LINE('',#2054,#2055);
#2054 = CARTESIAN_POINT('',(-3.,0.43,0.2));
#2055 = VECTOR('',#2056,1.);
#2056 = DIRECTION('',(1.,-1.144237745222E-17,0.));
#2057 = ORIENTED_EDGE('',*,*,#2058,.T.);
#2058 = EDGE_CURVE('',#2051,#2059,#2061,.T.);
#2059 = VERTEX_POINT('',#2060);
#2060 = CARTESIAN_POINT('',(-2.6264581915,0.43,0.282635182233));
#2061 = CIRCLE('',#2062,0.1);
#2062 = AXIS2_PLACEMENT_3D('',#2063,#2064,#2065);
#2063 = CARTESIAN_POINT('',(-2.724938966801,0.43,0.3));
#2064 = DIRECTION('',(-1.144237745222E-17,-1.,-0.));
#2065 = DIRECTION('',(0.,0.,-1.));
#2066 = ORIENTED_EDGE('',*,*,#2067,.T.);
#2067 = EDGE_CURVE('',#2059,#2068,#2070,.T.);
#2068 = VERTEX_POINT('',#2069);
#2069 = CARTESIAN_POINT('',(-2.545442325904,0.43,0.7770944533));
#2070 = LINE('',#2071,#2072);
#2071 = CARTESIAN_POINT('',(-2.6264581915,0.43,0.282635182233));
#2072 = VECTOR('',#2073,1.);
#2073 = DIRECTION('',(0.161691392282,-1.85013394127E-18,0.986841372087)
  );
#2074 = ORIENTED_EDGE('',*,*,#2075,.T.);
#2075 = EDGE_CURVE('',#2068,#2076,#2078,.T.);
#2076 = VERTEX_POINT('',#2077);
#2077 = CARTESIAN_POINT('',(-2.25,0.43,1.025));
#2078 = CIRCLE('',#2079,0.3);
#2079 = AXIS2_PLACEMENT_3D('',#2080,#2081,#2082);
#2080 = CARTESIAN_POINT('',(-2.25,0.43,0.725));
#2081 = DIRECTION('',(1.144237745222E-17,1.,8.679168028915E-34));
#2082 = DIRECTION('',(-0.984807753012,1.126854202784E-17,0.173648177667)
  );
#2083 = ORIENTED_EDGE('',*,*,#2084,.T.);
#2084 = EDGE_CURVE('',#2076,#728,#2085,.T.);
#2085 = LINE('',#2086,#2087);
#2086 = CARTESIAN_POINT('',(-2.25,0.43,1.025));
#2087 = VECTOR('',#2088,1.);
#2088 = DIRECTION('',(1.,-1.144237745222E-17,0.));
#2089 = PLANE('',#2090);
#2090 = AXIS2_PLACEMENT_3D('',#2091,#2092,#2093);
#2091 = CARTESIAN_POINT('',(-2.42560961319,0.43,0.548953137803));
#2092 = DIRECTION('',(1.144237745222E-17,1.,0.));
#2093 = DIRECTION('',(0.,-0.,1.));
#2094 = ADVANCED_FACE('',(#2095),#2114,.F.);
#2095 = FACE_BOUND('',#2096,.F.);
#2096 = EDGE_LOOP('',(#2097,#2098,#2107,#2113));
#2097 = ORIENTED_EDGE('',*,*,#766,.T.);
#2098 = ORIENTED_EDGE('',*,*,#2099,.T.);
#2099 = EDGE_CURVE('',#759,#2100,#2102,.T.);
#2100 = VERTEX_POINT('',#2101);
#2101 = CARTESIAN_POINT('',(-2.348480775301,0.84,0.742364817767));
#2102 = CIRCLE('',#2103,0.1);
#2103 = AXIS2_PLACEMENT_3D('',#2104,#2105,#2106);
#2104 = CARTESIAN_POINT('',(-2.25,0.84,0.725));
#2105 = DIRECTION('',(-1.144237745222E-17,-1.,3.483726818625E-47));
#2106 = DIRECTION('',(-4.440892098501E-15,5.081436361563E-32,1.));
#2107 = ORIENTED_EDGE('',*,*,#2108,.F.);
#2108 = EDGE_CURVE('',#2009,#2100,#2109,.T.);
#2109 = LINE('',#2110,#2111);
#2110 = CARTESIAN_POINT('',(-2.348480775301,0.43,0.742364817767));
#2111 = VECTOR('',#2112,1.);
#2112 = DIRECTION('',(1.144237745222E-17,1.,0.));
#2113 = ORIENTED_EDGE('',*,*,#2008,.F.);
#2114 = CYLINDRICAL_SURFACE('',#2115,0.1);
#2115 = AXIS2_PLACEMENT_3D('',#2116,#2117,#2118);
#2116 = CARTESIAN_POINT('',(-2.25,0.43,0.725));
#2117 = DIRECTION('',(-1.144237745222E-17,-1.,0.));
#2118 = DIRECTION('',(-4.440892098501E-15,5.081436361563E-32,1.));
#2119 = ADVANCED_FACE('',(#2120),#2198,.T.);
#2120 = FACE_BOUND('',#2121,.T.);
#2121 = EDGE_LOOP('',(#2122,#2123,#2124,#2125,#2133,#2142,#2150,#2158,
    #2166,#2175,#2183,#2192));
#2122 = ORIENTED_EDGE('',*,*,#780,.F.);
#2123 = ORIENTED_EDGE('',*,*,#758,.T.);
#2124 = ORIENTED_EDGE('',*,*,#2099,.T.);
#2125 = ORIENTED_EDGE('',*,*,#2126,.T.);
#2126 = EDGE_CURVE('',#2100,#2127,#2129,.T.);
#2127 = VERTEX_POINT('',#2128);
#2128 = CARTESIAN_POINT('',(-2.429496640897,0.84,0.2479055467));
#2129 = LINE('',#2130,#2131);
#2130 = CARTESIAN_POINT('',(-2.348480775301,0.84,0.742364817767));
#2131 = VECTOR('',#2132,1.);
#2132 = DIRECTION('',(-0.161691392282,1.85013394127E-18,-0.986841372087)
  );
#2133 = ORIENTED_EDGE('',*,*,#2134,.T.);
#2134 = EDGE_CURVE('',#2127,#2135,#2137,.T.);
#2135 = VERTEX_POINT('',#2136);
#2136 = CARTESIAN_POINT('',(-2.724938966801,0.84,-1.665334536938E-16));
#2137 = CIRCLE('',#2138,0.3);
#2138 = AXIS2_PLACEMENT_3D('',#2139,#2140,#2141);
#2139 = CARTESIAN_POINT('',(-2.724938966801,0.84,0.3));
#2140 = DIRECTION('',(1.144237745222E-17,1.,8.679168028915E-34));
#2141 = DIRECTION('',(0.984807753012,-1.126854202784E-17,-0.173648177667
    ));
#2142 = ORIENTED_EDGE('',*,*,#2143,.T.);
#2143 = EDGE_CURVE('',#2135,#2144,#2146,.T.);
#2144 = VERTEX_POINT('',#2145);
#2145 = CARTESIAN_POINT('',(-3.,0.84,-1.665334536938E-16));
#2146 = LINE('',#2147,#2148);
#2147 = CARTESIAN_POINT('',(-2.724938966801,0.84,-1.665334536938E-16));
#2148 = VECTOR('',#2149,1.);
#2149 = DIRECTION('',(-1.,1.144237745222E-17,0.));
#2150 = ORIENTED_EDGE('',*,*,#2151,.T.);
#2151 = EDGE_CURVE('',#2144,#2152,#2154,.T.);
#2152 = VERTEX_POINT('',#2153);
#2153 = CARTESIAN_POINT('',(-3.,0.84,0.2));
#2154 = LINE('',#2155,#2156);
#2155 = CARTESIAN_POINT('',(-3.,0.84,-1.665334536938E-16));
#2156 = VECTOR('',#2157,1.);
#2157 = DIRECTION('',(0.,0.,1.));
#2158 = ORIENTED_EDGE('',*,*,#2159,.T.);
#2159 = EDGE_CURVE('',#2152,#2160,#2162,.T.);
#2160 = VERTEX_POINT('',#2161);
#2161 = CARTESIAN_POINT('',(-2.724938966801,0.84,0.2));
#2162 = LINE('',#2163,#2164);
#2163 = CARTESIAN_POINT('',(-3.,0.84,0.2));
#2164 = VECTOR('',#2165,1.);
#2165 = DIRECTION('',(1.,-1.144237745222E-17,0.));
#2166 = ORIENTED_EDGE('',*,*,#2167,.T.);
#2167 = EDGE_CURVE('',#2160,#2168,#2170,.T.);
#2168 = VERTEX_POINT('',#2169);
#2169 = CARTESIAN_POINT('',(-2.6264581915,0.84,0.282635182233));
#2170 = CIRCLE('',#2171,0.1);
#2171 = AXIS2_PLACEMENT_3D('',#2172,#2173,#2174);
#2172 = CARTESIAN_POINT('',(-2.724938966801,0.84,0.3));
#2173 = DIRECTION('',(-1.144237745222E-17,-1.,-0.));
#2174 = DIRECTION('',(0.,0.,-1.));
#2175 = ORIENTED_EDGE('',*,*,#2176,.T.);
#2176 = EDGE_CURVE('',#2168,#2177,#2179,.T.);
#2177 = VERTEX_POINT('',#2178);
#2178 = CARTESIAN_POINT('',(-2.545442325904,0.84,0.7770944533));
#2179 = LINE('',#2180,#2181);
#2180 = CARTESIAN_POINT('',(-2.6264581915,0.84,0.282635182233));
#2181 = VECTOR('',#2182,1.);
#2182 = DIRECTION('',(0.161691392282,-1.85013394127E-18,0.986841372087)
  );
#2183 = ORIENTED_EDGE('',*,*,#2184,.T.);
#2184 = EDGE_CURVE('',#2177,#2185,#2187,.T.);
#2185 = VERTEX_POINT('',#2186);
#2186 = CARTESIAN_POINT('',(-2.25,0.84,1.025));
#2187 = CIRCLE('',#2188,0.3);
#2188 = AXIS2_PLACEMENT_3D('',#2189,#2190,#2191);
#2189 = CARTESIAN_POINT('',(-2.25,0.84,0.725));
#2190 = DIRECTION('',(1.144237745222E-17,1.,8.679168028915E-34));
#2191 = DIRECTION('',(-0.984807753012,1.126854202784E-17,0.173648177667)
  );
#2192 = ORIENTED_EDGE('',*,*,#2193,.T.);
#2193 = EDGE_CURVE('',#2185,#781,#2194,.T.);
#2194 = LINE('',#2195,#2196);
#2195 = CARTESIAN_POINT('',(-2.25,0.84,1.025));
#2196 = VECTOR('',#2197,1.);
#2197 = DIRECTION('',(1.,-1.144237745222E-17,0.));
#2198 = PLANE('',#2199);
#2199 = AXIS2_PLACEMENT_3D('',#2200,#2201,#2202);
#2200 = CARTESIAN_POINT('',(-2.42560961319,0.84,0.548953137803));
#2201 = DIRECTION('',(1.144237745222E-17,1.,0.));
#2202 = DIRECTION('',(0.,-0.,1.));
#2203 = ADVANCED_FACE('',(#2204),#2215,.F.);
#2204 = FACE_BOUND('',#2205,.F.);
#2205 = EDGE_LOOP('',(#2206,#2207,#2208,#2209));
#2206 = ORIENTED_EDGE('',*,*,#797,.T.);
#2207 = ORIENTED_EDGE('',*,*,#1217,.T.);
#2208 = ORIENTED_EDGE('',*,*,#1281,.F.);
#2209 = ORIENTED_EDGE('',*,*,#2210,.F.);
#2210 = EDGE_CURVE('',#781,#1274,#2211,.T.);
#2211 = LINE('',#2212,#2213);
#2212 = CARTESIAN_POINT('',(-2.25,0.84,1.025));
#2213 = VECTOR('',#2214,1.);
#2214 = DIRECTION('',(1.,-1.144237745222E-17,0.));
#2215 = PLANE('',#2216);
#2216 = AXIS2_PLACEMENT_3D('',#2217,#2218,#2219);
#2217 = CARTESIAN_POINT('',(-3.027078129022E-16,2.4125,1.025));
#2218 = DIRECTION('',(2.007919022429E-31,-7.713306628828E-27,-1.));
#2219 = DIRECTION('',(1.,1.112083013911E-16,2.00791902242E-31));
#2220 = ADVANCED_FACE('',(#2221),#2300,.F.);
#2221 = FACE_BOUND('',#2222,.F.);
#2222 = EDGE_LOOP('',(#2223,#2224,#2225,#2234,#2242,#2251,#2259,#2267,
    #2275,#2284,#2292,#2299));
#2223 = ORIENTED_EDGE('',*,*,#789,.F.);
#2224 = ORIENTED_EDGE('',*,*,#811,.T.);
#2225 = ORIENTED_EDGE('',*,*,#2226,.T.);
#2226 = EDGE_CURVE('',#812,#2227,#2229,.T.);
#2227 = VERTEX_POINT('',#2228);
#2228 = CARTESIAN_POINT('',(-2.348480775301,1.7,0.742364817767));
#2229 = CIRCLE('',#2230,0.1);
#2230 = AXIS2_PLACEMENT_3D('',#2231,#2232,#2233);
#2231 = CARTESIAN_POINT('',(-2.25,1.7,0.725));
#2232 = DIRECTION('',(-1.144237745222E-17,-1.,3.483726818625E-47));
#2233 = DIRECTION('',(-4.440892098501E-15,5.081436361563E-32,1.));
#2234 = ORIENTED_EDGE('',*,*,#2235,.T.);
#2235 = EDGE_CURVE('',#2227,#2236,#2238,.T.);
#2236 = VERTEX_POINT('',#2237);
#2237 = CARTESIAN_POINT('',(-2.429496640897,1.7,0.2479055467));
#2238 = LINE('',#2239,#2240);
#2239 = CARTESIAN_POINT('',(-2.348480775301,1.7,0.742364817767));
#2240 = VECTOR('',#2241,1.);
#2241 = DIRECTION('',(-0.161691392282,1.85013394127E-18,-0.986841372087)
  );
#2242 = ORIENTED_EDGE('',*,*,#2243,.T.);
#2243 = EDGE_CURVE('',#2236,#2244,#2246,.T.);
#2244 = VERTEX_POINT('',#2245);
#2245 = CARTESIAN_POINT('',(-2.724938966801,1.7,-1.665334536938E-16));
#2246 = CIRCLE('',#2247,0.3);
#2247 = AXIS2_PLACEMENT_3D('',#2248,#2249,#2250);
#2248 = CARTESIAN_POINT('',(-2.724938966801,1.7,0.3));
#2249 = DIRECTION('',(1.144237745222E-17,1.,8.679168028915E-34));
#2250 = DIRECTION('',(0.984807753012,-1.126854202784E-17,-0.173648177667
    ));
#2251 = ORIENTED_EDGE('',*,*,#2252,.T.);
#2252 = EDGE_CURVE('',#2244,#2253,#2255,.T.);
#2253 = VERTEX_POINT('',#2254);
#2254 = CARTESIAN_POINT('',(-3.,1.7,-1.665334536938E-16));
#2255 = LINE('',#2256,#2257);
#2256 = CARTESIAN_POINT('',(-2.724938966801,1.7,-1.665334536938E-16));
#2257 = VECTOR('',#2258,1.);
#2258 = DIRECTION('',(-1.,1.144237745222E-17,0.));
#2259 = ORIENTED_EDGE('',*,*,#2260,.T.);
#2260 = EDGE_CURVE('',#2253,#2261,#2263,.T.);
#2261 = VERTEX_POINT('',#2262);
#2262 = CARTESIAN_POINT('',(-3.,1.7,0.2));
#2263 = LINE('',#2264,#2265);
#2264 = CARTESIAN_POINT('',(-3.,1.7,-1.665334536938E-16));
#2265 = VECTOR('',#2266,1.);
#2266 = DIRECTION('',(0.,0.,1.));
#2267 = ORIENTED_EDGE('',*,*,#2268,.T.);
#2268 = EDGE_CURVE('',#2261,#2269,#2271,.T.);
#2269 = VERTEX_POINT('',#2270);
#2270 = CARTESIAN_POINT('',(-2.724938966801,1.7,0.2));
#2271 = LINE('',#2272,#2273);
#2272 = CARTESIAN_POINT('',(-3.,1.7,0.2));
#2273 = VECTOR('',#2274,1.);
#2274 = DIRECTION('',(1.,-1.144237745222E-17,0.));
#2275 = ORIENTED_EDGE('',*,*,#2276,.T.);
#2276 = EDGE_CURVE('',#2269,#2277,#2279,.T.);
#2277 = VERTEX_POINT('',#2278);
#2278 = CARTESIAN_POINT('',(-2.6264581915,1.7,0.282635182233));
#2279 = CIRCLE('',#2280,0.1);
#2280 = AXIS2_PLACEMENT_3D('',#2281,#2282,#2283);
#2281 = CARTESIAN_POINT('',(-2.724938966801,1.7,0.3));
#2282 = DIRECTION('',(-1.144237745222E-17,-1.,-0.));
#2283 = DIRECTION('',(0.,0.,-1.));
#2284 = ORIENTED_EDGE('',*,*,#2285,.T.);
#2285 = EDGE_CURVE('',#2277,#2286,#2288,.T.);
#2286 = VERTEX_POINT('',#2287);
#2287 = CARTESIAN_POINT('',(-2.545442325904,1.7,0.7770944533));
#2288 = LINE('',#2289,#2290);
#2289 = CARTESIAN_POINT('',(-2.6264581915,1.7,0.282635182233));
#2290 = VECTOR('',#2291,1.);
#2291 = DIRECTION('',(0.161691392282,-1.85013394127E-18,0.986841372087)
  );
#2292 = ORIENTED_EDGE('',*,*,#2293,.T.);
#2293 = EDGE_CURVE('',#2286,#1187,#2294,.T.);
#2294 = CIRCLE('',#2295,0.3);
#2295 = AXIS2_PLACEMENT_3D('',#2296,#2297,#2298);
#2296 = CARTESIAN_POINT('',(-2.25,1.7,0.725));
#2297 = DIRECTION('',(1.144237745222E-17,1.,8.679168028915E-34));
#2298 = DIRECTION('',(-0.984807753012,1.126854202784E-17,0.173648177667)
  );
#2299 = ORIENTED_EDGE('',*,*,#1186,.T.);
#2300 = PLANE('',#2301);
#2301 = AXIS2_PLACEMENT_3D('',#2302,#2303,#2304);
#2302 = CARTESIAN_POINT('',(-2.42560961319,1.7,0.548953137803));
#2303 = DIRECTION('',(1.144237745222E-17,1.,0.));
#2304 = DIRECTION('',(0.,-0.,1.));
#2305 = ADVANCED_FACE('',(#2306),#2325,.F.);
#2306 = FACE_BOUND('',#2307,.F.);
#2307 = EDGE_LOOP('',(#2308,#2309,#2318,#2324));
#2308 = ORIENTED_EDGE('',*,*,#828,.T.);
#2309 = ORIENTED_EDGE('',*,*,#2310,.T.);
#2310 = EDGE_CURVE('',#821,#2311,#2313,.T.);
#2311 = VERTEX_POINT('',#2312);
#2312 = CARTESIAN_POINT('',(-2.348480775301,2.11,0.742364817767));
#2313 = CIRCLE('',#2314,0.1);
#2314 = AXIS2_PLACEMENT_3D('',#2315,#2316,#2317);
#2315 = CARTESIAN_POINT('',(-2.25,2.11,0.725));
#2316 = DIRECTION('',(-1.144237745222E-17,-1.,3.483726818625E-47));
#2317 = DIRECTION('',(-4.440892098501E-15,5.081436361563E-32,1.));
#2318 = ORIENTED_EDGE('',*,*,#2319,.F.);
#2319 = EDGE_CURVE('',#2227,#2311,#2320,.T.);
#2320 = LINE('',#2321,#2322);
#2321 = CARTESIAN_POINT('',(-2.348480775301,1.7,0.742364817767));
#2322 = VECTOR('',#2323,1.);
#2323 = DIRECTION('',(1.144237745222E-17,1.,0.));
#2324 = ORIENTED_EDGE('',*,*,#2226,.F.);
#2325 = CYLINDRICAL_SURFACE('',#2326,0.1);
#2326 = AXIS2_PLACEMENT_3D('',#2327,#2328,#2329);
#2327 = CARTESIAN_POINT('',(-2.25,1.7,0.725));
#2328 = DIRECTION('',(-1.144237745222E-17,-1.,0.));
#2329 = DIRECTION('',(-4.440892098501E-15,5.081436361563E-32,1.));
#2330 = ADVANCED_FACE('',(#2331),#2402,.T.);
#2331 = FACE_BOUND('',#2332,.T.);
#2332 = EDGE_LOOP('',(#2333,#2334,#2335,#2336,#2344,#2353,#2361,#2369,
    #2377,#2386,#2394,#2401));
#2333 = ORIENTED_EDGE('',*,*,#842,.F.);
#2334 = ORIENTED_EDGE('',*,*,#820,.T.);
#2335 = ORIENTED_EDGE('',*,*,#2310,.T.);
#2336 = ORIENTED_EDGE('',*,*,#2337,.T.);
#2337 = EDGE_CURVE('',#2311,#2338,#2340,.T.);
#2338 = VERTEX_POINT('',#2339);
#2339 = CARTESIAN_POINT('',(-2.429496640897,2.11,0.2479055467));
#2340 = LINE('',#2341,#2342);
#2341 = CARTESIAN_POINT('',(-2.348480775301,2.11,0.742364817767));
#2342 = VECTOR('',#2343,1.);
#2343 = DIRECTION('',(-0.161691392282,1.85013394127E-18,-0.986841372087)
  );
#2344 = ORIENTED_EDGE('',*,*,#2345,.T.);
#2345 = EDGE_CURVE('',#2338,#2346,#2348,.T.);
#2346 = VERTEX_POINT('',#2347);
#2347 = CARTESIAN_POINT('',(-2.724938966801,2.11,-1.665334536938E-16));
#2348 = CIRCLE('',#2349,0.3);
#2349 = AXIS2_PLACEMENT_3D('',#2350,#2351,#2352);
#2350 = CARTESIAN_POINT('',(-2.724938966801,2.11,0.3));
#2351 = DIRECTION('',(1.144237745222E-17,1.,8.679168028915E-34));
#2352 = DIRECTION('',(0.984807753012,-1.126854202784E-17,-0.173648177667
    ));
#2353 = ORIENTED_EDGE('',*,*,#2354,.T.);
#2354 = EDGE_CURVE('',#2346,#2355,#2357,.T.);
#2355 = VERTEX_POINT('',#2356);
#2356 = CARTESIAN_POINT('',(-3.,2.11,-1.665334536938E-16));
#2357 = LINE('',#2358,#2359);
#2358 = CARTESIAN_POINT('',(-2.724938966801,2.11,-1.665334536938E-16));
#2359 = VECTOR('',#2360,1.);
#2360 = DIRECTION('',(-1.,1.144237745222E-17,0.));
#2361 = ORIENTED_EDGE('',*,*,#2362,.T.);
#2362 = EDGE_CURVE('',#2355,#2363,#2365,.T.);
#2363 = VERTEX_POINT('',#2364);
#2364 = CARTESIAN_POINT('',(-3.,2.11,0.2));
#2365 = LINE('',#2366,#2367);
#2366 = CARTESIAN_POINT('',(-3.,2.11,-1.665334536938E-16));
#2367 = VECTOR('',#2368,1.);
#2368 = DIRECTION('',(0.,0.,1.));
#2369 = ORIENTED_EDGE('',*,*,#2370,.T.);
#2370 = EDGE_CURVE('',#2363,#2371,#2373,.T.);
#2371 = VERTEX_POINT('',#2372);
#2372 = CARTESIAN_POINT('',(-2.724938966801,2.11,0.2));
#2373 = LINE('',#2374,#2375);
#2374 = CARTESIAN_POINT('',(-3.,2.11,0.2));
#2375 = VECTOR('',#2376,1.);
#2376 = DIRECTION('',(1.,-1.144237745222E-17,0.));
#2377 = ORIENTED_EDGE('',*,*,#2378,.T.);
#2378 = EDGE_CURVE('',#2371,#2379,#2381,.T.);
#2379 = VERTEX_POINT('',#2380);
#2380 = CARTESIAN_POINT('',(-2.6264581915,2.11,0.282635182233));
#2381 = CIRCLE('',#2382,0.1);
#2382 = AXIS2_PLACEMENT_3D('',#2383,#2384,#2385);
#2383 = CARTESIAN_POINT('',(-2.724938966801,2.11,0.3));
#2384 = DIRECTION('',(-1.144237745222E-17,-1.,-0.));
#2385 = DIRECTION('',(0.,0.,-1.));
#2386 = ORIENTED_EDGE('',*,*,#2387,.T.);
#2387 = EDGE_CURVE('',#2379,#2388,#2390,.T.);
#2388 = VERTEX_POINT('',#2389);
#2389 = CARTESIAN_POINT('',(-2.545442325904,2.11,0.7770944533));
#2390 = LINE('',#2391,#2392);
#2391 = CARTESIAN_POINT('',(-2.6264581915,2.11,0.282635182233));
#2392 = VECTOR('',#2393,1.);
#2393 = DIRECTION('',(0.161691392282,-1.85013394127E-18,0.986841372087)
  );
#2394 = ORIENTED_EDGE('',*,*,#2395,.T.);
#2395 = EDGE_CURVE('',#2388,#1195,#2396,.T.);
#2396 = CIRCLE('',#2397,0.3);
#2397 = AXIS2_PLACEMENT_3D('',#2398,#2399,#2400);
#2398 = CARTESIAN_POINT('',(-2.25,2.11,0.725));
#2399 = DIRECTION('',(1.144237745222E-17,1.,8.679168028915E-34));
#2400 = DIRECTION('',(-0.984807753012,1.126854202784E-17,0.173648177667)
  );
#2401 = ORIENTED_EDGE('',*,*,#1202,.T.);
#2402 = PLANE('',#2403);
#2403 = AXIS2_PLACEMENT_3D('',#2404,#2405,#2406);
#2404 = CARTESIAN_POINT('',(-2.42560961319,2.11,0.548953137803));
#2405 = DIRECTION('',(1.144237745222E-17,1.,0.));
#2406 = DIRECTION('',(0.,-0.,1.));
#2407 = ADVANCED_FACE('',(#2408),#2487,.F.);
#2408 = FACE_BOUND('',#2409,.F.);
#2409 = EDGE_LOOP('',(#2410,#2411,#2412,#2421,#2429,#2438,#2446,#2454,
    #2462,#2471,#2479,#2486));
#2410 = ORIENTED_EDGE('',*,*,#861,.F.);
#2411 = ORIENTED_EDGE('',*,*,#876,.T.);
#2412 = ORIENTED_EDGE('',*,*,#2413,.T.);
#2413 = EDGE_CURVE('',#877,#2414,#2416,.T.);
#2414 = VERTEX_POINT('',#2415);
#2415 = CARTESIAN_POINT('',(2.348480775301,2.11,0.742364817767));
#2416 = CIRCLE('',#2417,0.1);
#2417 = AXIS2_PLACEMENT_3D('',#2418,#2419,#2420);
#2418 = CARTESIAN_POINT('',(2.25,2.11,0.725));
#2419 = DIRECTION('',(-1.110223024625E-16,1.,2.189528849922E-47));
#2420 = DIRECTION('',(4.440892098501E-15,4.930380657631E-31,1.));
#2421 = ORIENTED_EDGE('',*,*,#2422,.T.);
#2422 = EDGE_CURVE('',#2414,#2423,#2425,.T.);
#2423 = VERTEX_POINT('',#2424);
#2424 = CARTESIAN_POINT('',(2.429496640897,2.11,0.2479055467));
#2425 = LINE('',#2426,#2427);
#2426 = CARTESIAN_POINT('',(2.348480775301,2.11,0.742364817767));
#2427 = VECTOR('',#2428,1.);
#2428 = DIRECTION('',(0.161691392282,1.795135065956E-17,-0.986841372087)
  );
#2429 = ORIENTED_EDGE('',*,*,#2430,.T.);
#2430 = EDGE_CURVE('',#2423,#2431,#2433,.T.);
#2431 = VERTEX_POINT('',#2432);
#2432 = CARTESIAN_POINT('',(2.724938966801,2.11,-1.665334536938E-16));
#2433 = CIRCLE('',#2434,0.3);
#2434 = AXIS2_PLACEMENT_3D('',#2435,#2436,#2437);
#2435 = CARTESIAN_POINT('',(2.724938966801,2.11,0.3));
#2436 = DIRECTION('',(1.110223024625E-16,-1.,-6.255634725081E-34));
#2437 = DIRECTION('',(-0.984807753012,-1.093356242223E-16,
    -0.173648177667));
#2438 = ORIENTED_EDGE('',*,*,#2439,.T.);
#2439 = EDGE_CURVE('',#2431,#2440,#2442,.T.);
#2440 = VERTEX_POINT('',#2441);
#2441 = CARTESIAN_POINT('',(3.,2.11,-1.665334536938E-16));
#2442 = LINE('',#2443,#2444);
#2443 = CARTESIAN_POINT('',(2.724938966801,2.11,-1.665334536938E-16));
#2444 = VECTOR('',#2445,1.);
#2445 = DIRECTION('',(1.,1.110223024625E-16,0.));
#2446 = ORIENTED_EDGE('',*,*,#2447,.T.);
#2447 = EDGE_CURVE('',#2440,#2448,#2450,.T.);
#2448 = VERTEX_POINT('',#2449);
#2449 = CARTESIAN_POINT('',(3.,2.11,0.2));
#2450 = LINE('',#2451,#2452);
#2451 = CARTESIAN_POINT('',(3.,2.11,-1.665334536938E-16));
#2452 = VECTOR('',#2453,1.);
#2453 = DIRECTION('',(0.,0.,1.));
#2454 = ORIENTED_EDGE('',*,*,#2455,.T.);
#2455 = EDGE_CURVE('',#2448,#2456,#2458,.T.);
#2456 = VERTEX_POINT('',#2457);
#2457 = CARTESIAN_POINT('',(2.724938966801,2.11,0.2));
#2458 = LINE('',#2459,#2460);
#2459 = CARTESIAN_POINT('',(3.,2.11,0.2));
#2460 = VECTOR('',#2461,1.);
#2461 = DIRECTION('',(-1.,-1.110223024625E-16,0.));
#2462 = ORIENTED_EDGE('',*,*,#2463,.T.);
#2463 = EDGE_CURVE('',#2456,#2464,#2466,.T.);
#2464 = VERTEX_POINT('',#2465);
#2465 = CARTESIAN_POINT('',(2.6264581915,2.11,0.282635182233));
#2466 = CIRCLE('',#2467,0.1);
#2467 = AXIS2_PLACEMENT_3D('',#2468,#2469,#2470);
#2468 = CARTESIAN_POINT('',(2.724938966801,2.11,0.3));
#2469 = DIRECTION('',(-1.110223024625E-16,1.,0.));
#2470 = DIRECTION('',(0.,0.,-1.));
#2471 = ORIENTED_EDGE('',*,*,#2472,.T.);
#2472 = EDGE_CURVE('',#2464,#2473,#2475,.T.);
#2473 = VERTEX_POINT('',#2474);
#2474 = CARTESIAN_POINT('',(2.545442325904,2.11,0.7770944533));
#2475 = LINE('',#2476,#2477);
#2476 = CARTESIAN_POINT('',(2.6264581915,2.11,0.282635182233));
#2477 = VECTOR('',#2478,1.);
#2478 = DIRECTION('',(-0.161691392282,-1.795135065956E-17,0.986841372087
    ));
#2479 = ORIENTED_EDGE('',*,*,#2480,.T.);
#2480 = EDGE_CURVE('',#2473,#1474,#2481,.T.);
#2481 = CIRCLE('',#2482,0.3);
#2482 = AXIS2_PLACEMENT_3D('',#2483,#2484,#2485);
#2483 = CARTESIAN_POINT('',(2.25,2.11,0.725));
#2484 = DIRECTION('',(1.110223024625E-16,-1.,-6.255634725081E-34));
#2485 = DIRECTION('',(0.984807753012,1.093356242223E-16,0.173648177667)
  );
#2486 = ORIENTED_EDGE('',*,*,#1473,.T.);
#2487 = PLANE('',#2488);
#2488 = AXIS2_PLACEMENT_3D('',#2489,#2490,#2491);
#2489 = CARTESIAN_POINT('',(2.42560961319,2.11,0.548953137803));
#2490 = DIRECTION('',(1.110223024625E-16,-1.,0.));
#2491 = DIRECTION('',(0.,0.,1.));
#2492 = ADVANCED_FACE('',(#2493),#2512,.F.);
#2493 = FACE_BOUND('',#2494,.F.);
#2494 = EDGE_LOOP('',(#2495,#2496,#2505,#2511));
#2495 = ORIENTED_EDGE('',*,*,#893,.T.);
#2496 = ORIENTED_EDGE('',*,*,#2497,.T.);
#2497 = EDGE_CURVE('',#886,#2498,#2500,.T.);
#2498 = VERTEX_POINT('',#2499);
#2499 = CARTESIAN_POINT('',(2.348480775301,1.7,0.742364817767));
#2500 = CIRCLE('',#2501,0.1);
#2501 = AXIS2_PLACEMENT_3D('',#2502,#2503,#2504);
#2502 = CARTESIAN_POINT('',(2.25,1.7,0.725));
#2503 = DIRECTION('',(-1.110223024625E-16,1.,2.189528849922E-47));
#2504 = DIRECTION('',(4.440892098501E-15,4.930380657631E-31,1.));
#2505 = ORIENTED_EDGE('',*,*,#2506,.F.);
#2506 = EDGE_CURVE('',#2414,#2498,#2507,.T.);
#2507 = LINE('',#2508,#2509);
#2508 = CARTESIAN_POINT('',(2.348480775301,2.11,0.742364817767));
#2509 = VECTOR('',#2510,1.);
#2510 = DIRECTION('',(1.110223024625E-16,-1.,0.));
#2511 = ORIENTED_EDGE('',*,*,#2413,.F.);
#2512 = CYLINDRICAL_SURFACE('',#2513,0.1);
#2513 = AXIS2_PLACEMENT_3D('',#2514,#2515,#2516);
#2514 = CARTESIAN_POINT('',(2.25,2.11,0.725));
#2515 = DIRECTION('',(-1.110223024625E-16,1.,0.));
#2516 = DIRECTION('',(4.440892098501E-15,4.930380657631E-31,1.));
#2517 = ADVANCED_FACE('',(#2518),#2589,.T.);
#2518 = FACE_BOUND('',#2519,.T.);
#2519 = EDGE_LOOP('',(#2520,#2521,#2522,#2523,#2531,#2540,#2548,#2556,
    #2564,#2573,#2581,#2588));
#2520 = ORIENTED_EDGE('',*,*,#907,.F.);
#2521 = ORIENTED_EDGE('',*,*,#885,.T.);
#2522 = ORIENTED_EDGE('',*,*,#2497,.T.);
#2523 = ORIENTED_EDGE('',*,*,#2524,.T.);
#2524 = EDGE_CURVE('',#2498,#2525,#2527,.T.);
#2525 = VERTEX_POINT('',#2526);
#2526 = CARTESIAN_POINT('',(2.429496640897,1.7,0.2479055467));
#2527 = LINE('',#2528,#2529);
#2528 = CARTESIAN_POINT('',(2.348480775301,1.7,0.742364817767));
#2529 = VECTOR('',#2530,1.);
#2530 = DIRECTION('',(0.161691392282,1.795135065956E-17,-0.986841372087)
  );
#2531 = ORIENTED_EDGE('',*,*,#2532,.T.);
#2532 = EDGE_CURVE('',#2525,#2533,#2535,.T.);
#2533 = VERTEX_POINT('',#2534);
#2534 = CARTESIAN_POINT('',(2.724938966801,1.7,-1.665334536938E-16));
#2535 = CIRCLE('',#2536,0.3);
#2536 = AXIS2_PLACEMENT_3D('',#2537,#2538,#2539);
#2537 = CARTESIAN_POINT('',(2.724938966801,1.7,0.3));
#2538 = DIRECTION('',(1.110223024625E-16,-1.,-6.255634725081E-34));
#2539 = DIRECTION('',(-0.984807753012,-1.093356242223E-16,
    -0.173648177667));
#2540 = ORIENTED_EDGE('',*,*,#2541,.T.);
#2541 = EDGE_CURVE('',#2533,#2542,#2544,.T.);
#2542 = VERTEX_POINT('',#2543);
#2543 = CARTESIAN_POINT('',(3.,1.7,-1.665334536938E-16));
#2544 = LINE('',#2545,#2546);
#2545 = CARTESIAN_POINT('',(2.724938966801,1.7,-1.665334536938E-16));
#2546 = VECTOR('',#2547,1.);
#2547 = DIRECTION('',(1.,1.110223024625E-16,0.));
#2548 = ORIENTED_EDGE('',*,*,#2549,.T.);
#2549 = EDGE_CURVE('',#2542,#2550,#2552,.T.);
#2550 = VERTEX_POINT('',#2551);
#2551 = CARTESIAN_POINT('',(3.,1.7,0.2));
#2552 = LINE('',#2553,#2554);
#2553 = CARTESIAN_POINT('',(3.,1.7,-1.665334536938E-16));
#2554 = VECTOR('',#2555,1.);
#2555 = DIRECTION('',(0.,0.,1.));
#2556 = ORIENTED_EDGE('',*,*,#2557,.T.);
#2557 = EDGE_CURVE('',#2550,#2558,#2560,.T.);
#2558 = VERTEX_POINT('',#2559);
#2559 = CARTESIAN_POINT('',(2.724938966801,1.7,0.2));
#2560 = LINE('',#2561,#2562);
#2561 = CARTESIAN_POINT('',(3.,1.7,0.2));
#2562 = VECTOR('',#2563,1.);
#2563 = DIRECTION('',(-1.,-1.110223024625E-16,0.));
#2564 = ORIENTED_EDGE('',*,*,#2565,.T.);
#2565 = EDGE_CURVE('',#2558,#2566,#2568,.T.);
#2566 = VERTEX_POINT('',#2567);
#2567 = CARTESIAN_POINT('',(2.6264581915,1.7,0.282635182233));
#2568 = CIRCLE('',#2569,0.1);
#2569 = AXIS2_PLACEMENT_3D('',#2570,#2571,#2572);
#2570 = CARTESIAN_POINT('',(2.724938966801,1.7,0.3));
#2571 = DIRECTION('',(-1.110223024625E-16,1.,0.));
#2572 = DIRECTION('',(0.,0.,-1.));
#2573 = ORIENTED_EDGE('',*,*,#2574,.T.);
#2574 = EDGE_CURVE('',#2566,#2575,#2577,.T.);
#2575 = VERTEX_POINT('',#2576);
#2576 = CARTESIAN_POINT('',(2.545442325904,1.7,0.7770944533));
#2577 = LINE('',#2578,#2579);
#2578 = CARTESIAN_POINT('',(2.6264581915,1.7,0.282635182233));
#2579 = VECTOR('',#2580,1.);
#2580 = DIRECTION('',(-0.161691392282,-1.795135065956E-17,0.986841372087
    ));
#2581 = ORIENTED_EDGE('',*,*,#2582,.T.);
#2582 = EDGE_CURVE('',#2575,#1482,#2583,.T.);
#2583 = CIRCLE('',#2584,0.3);
#2584 = AXIS2_PLACEMENT_3D('',#2585,#2586,#2587);
#2585 = CARTESIAN_POINT('',(2.25,1.7,0.725));
#2586 = DIRECTION('',(1.110223024625E-16,-1.,-6.255634725081E-34));
#2587 = DIRECTION('',(0.984807753012,1.093356242223E-16,0.173648177667)
  );
#2588 = ORIENTED_EDGE('',*,*,#1489,.T.);
#2589 = PLANE('',#2590);
#2590 = AXIS2_PLACEMENT_3D('',#2591,#2592,#2593);
#2591 = CARTESIAN_POINT('',(2.42560961319,1.7,0.548953137803));
#2592 = DIRECTION('',(1.110223024625E-16,-1.,0.));
#2593 = DIRECTION('',(0.,0.,1.));
#2594 = ADVANCED_FACE('',(#2595),#2606,.F.);
#2595 = FACE_BOUND('',#2596,.F.);
#2596 = EDGE_LOOP('',(#2597,#2598,#2599,#2605));
#2597 = ORIENTED_EDGE('',*,*,#1495,.F.);
#2598 = ORIENTED_EDGE('',*,*,#924,.T.);
#2599 = ORIENTED_EDGE('',*,*,#2600,.T.);
#2600 = EDGE_CURVE('',#917,#1396,#2601,.T.);
#2601 = LINE('',#2602,#2603);
#2602 = CARTESIAN_POINT('',(2.25,0.84,1.025));
#2603 = VECTOR('',#2604,1.);
#2604 = DIRECTION('',(-1.,-1.110223024625E-16,0.));
#2605 = ORIENTED_EDGE('',*,*,#1395,.F.);
#2606 = PLANE('',#2607);
#2607 = AXIS2_PLACEMENT_3D('',#2608,#2609,#2610);
#2608 = CARTESIAN_POINT('',(-3.027078129022E-16,2.4125,1.025));
#2609 = DIRECTION('',(2.007919022429E-31,-7.713306628828E-27,-1.));
#2610 = DIRECTION('',(1.,1.112083013911E-16,2.00791902242E-31));
#2611 = ADVANCED_FACE('',(#2612),#2698,.F.);
#2612 = FACE_BOUND('',#2613,.F.);
#2613 = EDGE_LOOP('',(#2614,#2615,#2616,#2625,#2633,#2642,#2650,#2658,
    #2666,#2675,#2683,#2692));
#2614 = ORIENTED_EDGE('',*,*,#916,.F.);
#2615 = ORIENTED_EDGE('',*,*,#938,.T.);
#2616 = ORIENTED_EDGE('',*,*,#2617,.T.);
#2617 = EDGE_CURVE('',#939,#2618,#2620,.T.);
#2618 = VERTEX_POINT('',#2619);
#2619 = CARTESIAN_POINT('',(2.348480775301,0.84,0.742364817767));
#2620 = CIRCLE('',#2621,0.1);
#2621 = AXIS2_PLACEMENT_3D('',#2622,#2623,#2624);
#2622 = CARTESIAN_POINT('',(2.25,0.84,0.725));
#2623 = DIRECTION('',(-1.110223024625E-16,1.,2.189528849922E-47));
#2624 = DIRECTION('',(4.440892098501E-15,4.930380657631E-31,1.));
#2625 = ORIENTED_EDGE('',*,*,#2626,.T.);
#2626 = EDGE_CURVE('',#2618,#2627,#2629,.T.);
#2627 = VERTEX_POINT('',#2628);
#2628 = CARTESIAN_POINT('',(2.429496640897,0.84,0.2479055467));
#2629 = LINE('',#2630,#2631);
#2630 = CARTESIAN_POINT('',(2.348480775301,0.84,0.742364817767));
#2631 = VECTOR('',#2632,1.);
#2632 = DIRECTION('',(0.161691392282,1.795135065956E-17,-0.986841372087)
  );
#2633 = ORIENTED_EDGE('',*,*,#2634,.T.);
#2634 = EDGE_CURVE('',#2627,#2635,#2637,.T.);
#2635 = VERTEX_POINT('',#2636);
#2636 = CARTESIAN_POINT('',(2.724938966801,0.84,-1.665334536938E-16));
#2637 = CIRCLE('',#2638,0.3);
#2638 = AXIS2_PLACEMENT_3D('',#2639,#2640,#2641);
#2639 = CARTESIAN_POINT('',(2.724938966801,0.84,0.3));
#2640 = DIRECTION('',(1.110223024625E-16,-1.,-6.255634725081E-34));
#2641 = DIRECTION('',(-0.984807753012,-1.093356242223E-16,
    -0.173648177667));
#2642 = ORIENTED_EDGE('',*,*,#2643,.T.);
#2643 = EDGE_CURVE('',#2635,#2644,#2646,.T.);
#2644 = VERTEX_POINT('',#2645);
#2645 = CARTESIAN_POINT('',(3.,0.84,-1.665334536938E-16));
#2646 = LINE('',#2647,#2648);
#2647 = CARTESIAN_POINT('',(2.724938966801,0.84,-1.665334536938E-16));
#2648 = VECTOR('',#2649,1.);
#2649 = DIRECTION('',(1.,1.110223024625E-16,0.));
#2650 = ORIENTED_EDGE('',*,*,#2651,.T.);
#2651 = EDGE_CURVE('',#2644,#2652,#2654,.T.);
#2652 = VERTEX_POINT('',#2653);
#2653 = CARTESIAN_POINT('',(3.,0.84,0.2));
#2654 = LINE('',#2655,#2656);
#2655 = CARTESIAN_POINT('',(3.,0.84,-1.665334536938E-16));
#2656 = VECTOR('',#2657,1.);
#2657 = DIRECTION('',(0.,0.,1.));
#2658 = ORIENTED_EDGE('',*,*,#2659,.T.);
#2659 = EDGE_CURVE('',#2652,#2660,#2662,.T.);
#2660 = VERTEX_POINT('',#2661);
#2661 = CARTESIAN_POINT('',(2.724938966801,0.84,0.2));
#2662 = LINE('',#2663,#2664);
#2663 = CARTESIAN_POINT('',(3.,0.84,0.2));
#2664 = VECTOR('',#2665,1.);
#2665 = DIRECTION('',(-1.,-1.110223024625E-16,0.));
#2666 = ORIENTED_EDGE('',*,*,#2667,.T.);
#2667 = EDGE_CURVE('',#2660,#2668,#2670,.T.);
#2668 = VERTEX_POINT('',#2669);
#2669 = CARTESIAN_POINT('',(2.6264581915,0.84,0.282635182233));
#2670 = CIRCLE('',#2671,0.1);
#2671 = AXIS2_PLACEMENT_3D('',#2672,#2673,#2674);
#2672 = CARTESIAN_POINT('',(2.724938966801,0.84,0.3));
#2673 = DIRECTION('',(-1.110223024625E-16,1.,0.));
#2674 = DIRECTION('',(0.,0.,-1.));
#2675 = ORIENTED_EDGE('',*,*,#2676,.T.);
#2676 = EDGE_CURVE('',#2668,#2677,#2679,.T.);
#2677 = VERTEX_POINT('',#2678);
#2678 = CARTESIAN_POINT('',(2.545442325904,0.84,0.7770944533));
#2679 = LINE('',#2680,#2681);
#2680 = CARTESIAN_POINT('',(2.6264581915,0.84,0.282635182233));
#2681 = VECTOR('',#2682,1.);
#2682 = DIRECTION('',(-0.161691392282,-1.795135065956E-17,0.986841372087
    ));
#2683 = ORIENTED_EDGE('',*,*,#2684,.T.);
#2684 = EDGE_CURVE('',#2677,#2685,#2687,.T.);
#2685 = VERTEX_POINT('',#2686);
#2686 = CARTESIAN_POINT('',(2.25,0.84,1.025));
#2687 = CIRCLE('',#2688,0.3);
#2688 = AXIS2_PLACEMENT_3D('',#2689,#2690,#2691);
#2689 = CARTESIAN_POINT('',(2.25,0.84,0.725));
#2690 = DIRECTION('',(1.110223024625E-16,-1.,-6.255634725081E-34));
#2691 = DIRECTION('',(0.984807753012,1.093356242223E-16,0.173648177667)
  );
#2692 = ORIENTED_EDGE('',*,*,#2693,.T.);
#2693 = EDGE_CURVE('',#2685,#917,#2694,.T.);
#2694 = LINE('',#2695,#2696);
#2695 = CARTESIAN_POINT('',(2.25,0.84,1.025));
#2696 = VECTOR('',#2697,1.);
#2697 = DIRECTION('',(-1.,-1.110223024625E-16,0.));
#2698 = PLANE('',#2699);
#2699 = AXIS2_PLACEMENT_3D('',#2700,#2701,#2702);
#2700 = CARTESIAN_POINT('',(2.42560961319,0.84,0.548953137803));
#2701 = DIRECTION('',(1.110223024625E-16,-1.,0.));
#2702 = DIRECTION('',(0.,0.,1.));
#2703 = ADVANCED_FACE('',(#2704),#2723,.F.);
#2704 = FACE_BOUND('',#2705,.F.);
#2705 = EDGE_LOOP('',(#2706,#2707,#2716,#2722));
#2706 = ORIENTED_EDGE('',*,*,#955,.T.);
#2707 = ORIENTED_EDGE('',*,*,#2708,.T.);
#2708 = EDGE_CURVE('',#948,#2709,#2711,.T.);
#2709 = VERTEX_POINT('',#2710);
#2710 = CARTESIAN_POINT('',(2.348480775301,0.43,0.742364817767));
#2711 = CIRCLE('',#2712,0.1);
#2712 = AXIS2_PLACEMENT_3D('',#2713,#2714,#2715);
#2713 = CARTESIAN_POINT('',(2.25,0.43,0.725));
#2714 = DIRECTION('',(-1.110223024625E-16,1.,2.189528849922E-47));
#2715 = DIRECTION('',(4.440892098501E-15,4.930380657631E-31,1.));
#2716 = ORIENTED_EDGE('',*,*,#2717,.F.);
#2717 = EDGE_CURVE('',#2618,#2709,#2718,.T.);
#2718 = LINE('',#2719,#2720);
#2719 = CARTESIAN_POINT('',(2.348480775301,0.84,0.742364817767));
#2720 = VECTOR('',#2721,1.);
#2721 = DIRECTION('',(1.110223024625E-16,-1.,0.));
#2722 = ORIENTED_EDGE('',*,*,#2617,.F.);
#2723 = CYLINDRICAL_SURFACE('',#2724,0.1);
#2724 = AXIS2_PLACEMENT_3D('',#2725,#2726,#2727);
#2725 = CARTESIAN_POINT('',(2.25,0.84,0.725));
#2726 = DIRECTION('',(-1.110223024625E-16,1.,0.));
#2727 = DIRECTION('',(4.440892098501E-15,4.930380657631E-31,1.));
#2728 = ADVANCED_FACE('',(#2729),#2807,.T.);
#2729 = FACE_BOUND('',#2730,.T.);
#2730 = EDGE_LOOP('',(#2731,#2732,#2733,#2734,#2742,#2751,#2759,#2767,
    #2775,#2784,#2792,#2801));
#2731 = ORIENTED_EDGE('',*,*,#969,.F.);
#2732 = ORIENTED_EDGE('',*,*,#947,.T.);
#2733 = ORIENTED_EDGE('',*,*,#2708,.T.);
#2734 = ORIENTED_EDGE('',*,*,#2735,.T.);
#2735 = EDGE_CURVE('',#2709,#2736,#2738,.T.);
#2736 = VERTEX_POINT('',#2737);
#2737 = CARTESIAN_POINT('',(2.429496640897,0.43,0.2479055467));
#2738 = LINE('',#2739,#2740);
#2739 = CARTESIAN_POINT('',(2.348480775301,0.43,0.742364817767));
#2740 = VECTOR('',#2741,1.);
#2741 = DIRECTION('',(0.161691392282,1.795135065956E-17,-0.986841372087)
  );
#2742 = ORIENTED_EDGE('',*,*,#2743,.T.);
#2743 = EDGE_CURVE('',#2736,#2744,#2746,.T.);
#2744 = VERTEX_POINT('',#2745);
#2745 = CARTESIAN_POINT('',(2.724938966801,0.43,-1.665334536938E-16));
#2746 = CIRCLE('',#2747,0.3);
#2747 = AXIS2_PLACEMENT_3D('',#2748,#2749,#2750);
#2748 = CARTESIAN_POINT('',(2.724938966801,0.43,0.3));
#2749 = DIRECTION('',(1.110223024625E-16,-1.,-6.255634725081E-34));
#2750 = DIRECTION('',(-0.984807753012,-1.093356242223E-16,
    -0.173648177667));
#2751 = ORIENTED_EDGE('',*,*,#2752,.T.);
#2752 = EDGE_CURVE('',#2744,#2753,#2755,.T.);
#2753 = VERTEX_POINT('',#2754);
#2754 = CARTESIAN_POINT('',(3.,0.43,-1.665334536938E-16));
#2755 = LINE('',#2756,#2757);
#2756 = CARTESIAN_POINT('',(2.724938966801,0.43,-1.665334536938E-16));
#2757 = VECTOR('',#2758,1.);
#2758 = DIRECTION('',(1.,1.110223024625E-16,0.));
#2759 = ORIENTED_EDGE('',*,*,#2760,.T.);
#2760 = EDGE_CURVE('',#2753,#2761,#2763,.T.);
#2761 = VERTEX_POINT('',#2762);
#2762 = CARTESIAN_POINT('',(3.,0.43,0.2));
#2763 = LINE('',#2764,#2765);
#2764 = CARTESIAN_POINT('',(3.,0.43,-1.665334536938E-16));
#2765 = VECTOR('',#2766,1.);
#2766 = DIRECTION('',(0.,0.,1.));
#2767 = ORIENTED_EDGE('',*,*,#2768,.T.);
#2768 = EDGE_CURVE('',#2761,#2769,#2771,.T.);
#2769 = VERTEX_POINT('',#2770);
#2770 = CARTESIAN_POINT('',(2.724938966801,0.43,0.2));
#2771 = LINE('',#2772,#2773);
#2772 = CARTESIAN_POINT('',(3.,0.43,0.2));
#2773 = VECTOR('',#2774,1.);
#2774 = DIRECTION('',(-1.,-1.110223024625E-16,0.));
#2775 = ORIENTED_EDGE('',*,*,#2776,.T.);
#2776 = EDGE_CURVE('',#2769,#2777,#2779,.T.);
#2777 = VERTEX_POINT('',#2778);
#2778 = CARTESIAN_POINT('',(2.6264581915,0.43,0.282635182233));
#2779 = CIRCLE('',#2780,0.1);
#2780 = AXIS2_PLACEMENT_3D('',#2781,#2782,#2783);
#2781 = CARTESIAN_POINT('',(2.724938966801,0.43,0.3));
#2782 = DIRECTION('',(-1.110223024625E-16,1.,0.));
#2783 = DIRECTION('',(0.,0.,-1.));
#2784 = ORIENTED_EDGE('',*,*,#2785,.T.);
#2785 = EDGE_CURVE('',#2777,#2786,#2788,.T.);
#2786 = VERTEX_POINT('',#2787);
#2787 = CARTESIAN_POINT('',(2.545442325904,0.43,0.7770944533));
#2788 = LINE('',#2789,#2790);
#2789 = CARTESIAN_POINT('',(2.6264581915,0.43,0.282635182233));
#2790 = VECTOR('',#2791,1.);
#2791 = DIRECTION('',(-0.161691392282,-1.795135065956E-17,0.986841372087
    ));
#2792 = ORIENTED_EDGE('',*,*,#2793,.T.);
#2793 = EDGE_CURVE('',#2786,#2794,#2796,.T.);
#2794 = VERTEX_POINT('',#2795);
#2795 = CARTESIAN_POINT('',(2.25,0.43,1.025));
#2796 = CIRCLE('',#2797,0.3);
#2797 = AXIS2_PLACEMENT_3D('',#2798,#2799,#2800);
#2798 = CARTESIAN_POINT('',(2.25,0.43,0.725));
#2799 = DIRECTION('',(1.110223024625E-16,-1.,-6.255634725081E-34));
#2800 = DIRECTION('',(0.984807753012,1.093356242223E-16,0.173648177667)
  );
#2801 = ORIENTED_EDGE('',*,*,#2802,.T.);
#2802 = EDGE_CURVE('',#2794,#970,#2803,.T.);
#2803 = LINE('',#2804,#2805);
#2804 = CARTESIAN_POINT('',(2.25,0.43,1.025));
#2805 = VECTOR('',#2806,1.);
#2806 = DIRECTION('',(-1.,-1.110223024625E-16,0.));
#2807 = PLANE('',#2808);
#2808 = AXIS2_PLACEMENT_3D('',#2809,#2810,#2811);
#2809 = CARTESIAN_POINT('',(2.42560961319,0.43,0.548953137803));
#2810 = DIRECTION('',(1.110223024625E-16,-1.,0.));
#2811 = DIRECTION('',(0.,0.,1.));
#2812 = ADVANCED_FACE('',(#2813),#2829,.F.);
#2813 = FACE_BOUND('',#2814,.F.);
#2814 = EDGE_LOOP('',(#2815,#2821,#2822,#2828));
#2815 = ORIENTED_EDGE('',*,*,#2816,.F.);
#2816 = EDGE_CURVE('',#970,#1404,#2817,.T.);
#2817 = LINE('',#2818,#2819);
#2818 = CARTESIAN_POINT('',(2.25,0.43,1.025));
#2819 = VECTOR('',#2820,1.);
#2820 = DIRECTION('',(-1.,-1.110223024625E-16,0.));
#2821 = ORIENTED_EDGE('',*,*,#986,.T.);
#2822 = ORIENTED_EDGE('',*,*,#2823,.T.);
#2823 = EDGE_CURVE('',#979,#1412,#2824,.T.);
#2824 = LINE('',#2825,#2826);
#2825 = CARTESIAN_POINT('',(2.25,-0.43,1.025));
#2826 = VECTOR('',#2827,1.);
#2827 = DIRECTION('',(-1.,-1.110223024625E-16,0.));
#2828 = ORIENTED_EDGE('',*,*,#1411,.F.);
#2829 = PLANE('',#2830);
#2830 = AXIS2_PLACEMENT_3D('',#2831,#2832,#2833);
#2831 = CARTESIAN_POINT('',(-3.027078129022E-16,2.4125,1.025));
#2832 = DIRECTION('',(2.007919022429E-31,-7.713306628828E-27,-1.));
#2833 = DIRECTION('',(1.,1.112083013911E-16,2.00791902242E-31));
#2834 = ADVANCED_FACE('',(#2835),#2921,.F.);
#2835 = FACE_BOUND('',#2836,.F.);
#2836 = EDGE_LOOP('',(#2837,#2838,#2839,#2848,#2856,#2865,#2873,#2881,
    #2889,#2898,#2906,#2915));
#2837 = ORIENTED_EDGE('',*,*,#978,.F.);
#2838 = ORIENTED_EDGE('',*,*,#1000,.T.);
#2839 = ORIENTED_EDGE('',*,*,#2840,.T.);
#2840 = EDGE_CURVE('',#1001,#2841,#2843,.T.);
#2841 = VERTEX_POINT('',#2842);
#2842 = CARTESIAN_POINT('',(2.348480775301,-0.43,0.742364817767));
#2843 = CIRCLE('',#2844,0.1);
#2844 = AXIS2_PLACEMENT_3D('',#2845,#2846,#2847);
#2845 = CARTESIAN_POINT('',(2.25,-0.43,0.725));
#2846 = DIRECTION('',(-1.110223024625E-16,1.,2.189528849922E-47));
#2847 = DIRECTION('',(4.440892098501E-15,4.930380657631E-31,1.));
#2848 = ORIENTED_EDGE('',*,*,#2849,.T.);
#2849 = EDGE_CURVE('',#2841,#2850,#2852,.T.);
#2850 = VERTEX_POINT('',#2851);
#2851 = CARTESIAN_POINT('',(2.429496640897,-0.43,0.2479055467));
#2852 = LINE('',#2853,#2854);
#2853 = CARTESIAN_POINT('',(2.348480775301,-0.43,0.742364817767));
#2854 = VECTOR('',#2855,1.);
#2855 = DIRECTION('',(0.161691392282,1.795135065956E-17,-0.986841372087)
  );
#2856 = ORIENTED_EDGE('',*,*,#2857,.T.);
#2857 = EDGE_CURVE('',#2850,#2858,#2860,.T.);
#2858 = VERTEX_POINT('',#2859);
#2859 = CARTESIAN_POINT('',(2.724938966801,-0.43,-1.665334536938E-16));
#2860 = CIRCLE('',#2861,0.3);
#2861 = AXIS2_PLACEMENT_3D('',#2862,#2863,#2864);
#2862 = CARTESIAN_POINT('',(2.724938966801,-0.43,0.3));
#2863 = DIRECTION('',(1.110223024625E-16,-1.,-6.255634725081E-34));
#2864 = DIRECTION('',(-0.984807753012,-1.093356242223E-16,
    -0.173648177667));
#2865 = ORIENTED_EDGE('',*,*,#2866,.T.);
#2866 = EDGE_CURVE('',#2858,#2867,#2869,.T.);
#2867 = VERTEX_POINT('',#2868);
#2868 = CARTESIAN_POINT('',(3.,-0.43,-1.665334536938E-16));
#2869 = LINE('',#2870,#2871);
#2870 = CARTESIAN_POINT('',(2.724938966801,-0.43,-1.665334536938E-16));
#2871 = VECTOR('',#2872,1.);
#2872 = DIRECTION('',(1.,1.110223024625E-16,0.));
#2873 = ORIENTED_EDGE('',*,*,#2874,.T.);
#2874 = EDGE_CURVE('',#2867,#2875,#2877,.T.);
#2875 = VERTEX_POINT('',#2876);
#2876 = CARTESIAN_POINT('',(3.,-0.43,0.2));
#2877 = LINE('',#2878,#2879);
#2878 = CARTESIAN_POINT('',(3.,-0.43,-1.665334536938E-16));
#2879 = VECTOR('',#2880,1.);
#2880 = DIRECTION('',(0.,0.,1.));
#2881 = ORIENTED_EDGE('',*,*,#2882,.T.);
#2882 = EDGE_CURVE('',#2875,#2883,#2885,.T.);
#2883 = VERTEX_POINT('',#2884);
#2884 = CARTESIAN_POINT('',(2.724938966801,-0.43,0.2));
#2885 = LINE('',#2886,#2887);
#2886 = CARTESIAN_POINT('',(3.,-0.43,0.2));
#2887 = VECTOR('',#2888,1.);
#2888 = DIRECTION('',(-1.,-1.110223024625E-16,0.));
#2889 = ORIENTED_EDGE('',*,*,#2890,.T.);
#2890 = EDGE_CURVE('',#2883,#2891,#2893,.T.);
#2891 = VERTEX_POINT('',#2892);
#2892 = CARTESIAN_POINT('',(2.6264581915,-0.43,0.282635182233));
#2893 = CIRCLE('',#2894,0.1);
#2894 = AXIS2_PLACEMENT_3D('',#2895,#2896,#2897);
#2895 = CARTESIAN_POINT('',(2.724938966801,-0.43,0.3));
#2896 = DIRECTION('',(-1.110223024625E-16,1.,0.));
#2897 = DIRECTION('',(0.,0.,-1.));
#2898 = ORIENTED_EDGE('',*,*,#2899,.T.);
#2899 = EDGE_CURVE('',#2891,#2900,#2902,.T.);
#2900 = VERTEX_POINT('',#2901);
#2901 = CARTESIAN_POINT('',(2.545442325904,-0.43,0.7770944533));
#2902 = LINE('',#2903,#2904);
#2903 = CARTESIAN_POINT('',(2.6264581915,-0.43,0.282635182233));
#2904 = VECTOR('',#2905,1.);
#2905 = DIRECTION('',(-0.161691392282,-1.795135065956E-17,0.986841372087
    ));
#2906 = ORIENTED_EDGE('',*,*,#2907,.T.);
#2907 = EDGE_CURVE('',#2900,#2908,#2910,.T.);
#2908 = VERTEX_POINT('',#2909);
#2909 = CARTESIAN_POINT('',(2.25,-0.43,1.025));
#2910 = CIRCLE('',#2911,0.3);
#2911 = AXIS2_PLACEMENT_3D('',#2912,#2913,#2914);
#2912 = CARTESIAN_POINT('',(2.25,-0.43,0.725));
#2913 = DIRECTION('',(1.110223024625E-16,-1.,-6.255634725081E-34));
#2914 = DIRECTION('',(0.984807753012,1.093356242223E-16,0.173648177667)
  );
#2915 = ORIENTED_EDGE('',*,*,#2916,.T.);
#2916 = EDGE_CURVE('',#2908,#979,#2917,.T.);
#2917 = LINE('',#2918,#2919);
#2918 = CARTESIAN_POINT('',(2.25,-0.43,1.025));
#2919 = VECTOR('',#2920,1.);
#2920 = DIRECTION('',(-1.,-1.110223024625E-16,0.));
#2921 = PLANE('',#2922);
#2922 = AXIS2_PLACEMENT_3D('',#2923,#2924,#2925);
#2923 = CARTESIAN_POINT('',(2.42560961319,-0.43,0.548953137803));
#2924 = DIRECTION('',(1.110223024625E-16,-1.,0.));
#2925 = DIRECTION('',(0.,0.,1.));
#2926 = ADVANCED_FACE('',(#2927),#2946,.F.);
#2927 = FACE_BOUND('',#2928,.F.);
#2928 = EDGE_LOOP('',(#2929,#2930,#2939,#2945));
#2929 = ORIENTED_EDGE('',*,*,#1017,.T.);
#2930 = ORIENTED_EDGE('',*,*,#2931,.T.);
#2931 = EDGE_CURVE('',#1010,#2932,#2934,.T.);
#2932 = VERTEX_POINT('',#2933);
#2933 = CARTESIAN_POINT('',(2.348480775301,-0.84,0.742364817767));
#2934 = CIRCLE('',#2935,0.1);
#2935 = AXIS2_PLACEMENT_3D('',#2936,#2937,#2938);
#2936 = CARTESIAN_POINT('',(2.25,-0.84,0.725));
#2937 = DIRECTION('',(-1.110223024625E-16,1.,2.189528849922E-47));
#2938 = DIRECTION('',(4.440892098501E-15,4.930380657631E-31,1.));
#2939 = ORIENTED_EDGE('',*,*,#2940,.F.);
#2940 = EDGE_CURVE('',#2841,#2932,#2941,.T.);
#2941 = LINE('',#2942,#2943);
#2942 = CARTESIAN_POINT('',(2.348480775301,-0.43,0.742364817767));
#2943 = VECTOR('',#2944,1.);
#2944 = DIRECTION('',(1.110223024625E-16,-1.,0.));
#2945 = ORIENTED_EDGE('',*,*,#2840,.F.);
#2946 = CYLINDRICAL_SURFACE('',#2947,0.1);
#2947 = AXIS2_PLACEMENT_3D('',#2948,#2949,#2950);
#2948 = CARTESIAN_POINT('',(2.25,-0.43,0.725));
#2949 = DIRECTION('',(-1.110223024625E-16,1.,0.));
#2950 = DIRECTION('',(4.440892098501E-15,4.930380657631E-31,1.));
#2951 = ADVANCED_FACE('',(#2952),#3030,.T.);
#2952 = FACE_BOUND('',#2953,.T.);
#2953 = EDGE_LOOP('',(#2954,#2955,#2956,#2957,#2965,#2974,#2982,#2990,
    #2998,#3007,#3015,#3024));
#2954 = ORIENTED_EDGE('',*,*,#1031,.F.);
#2955 = ORIENTED_EDGE('',*,*,#1009,.T.);
#2956 = ORIENTED_EDGE('',*,*,#2931,.T.);
#2957 = ORIENTED_EDGE('',*,*,#2958,.T.);
#2958 = EDGE_CURVE('',#2932,#2959,#2961,.T.);
#2959 = VERTEX_POINT('',#2960);
#2960 = CARTESIAN_POINT('',(2.429496640897,-0.84,0.2479055467));
#2961 = LINE('',#2962,#2963);
#2962 = CARTESIAN_POINT('',(2.348480775301,-0.84,0.742364817767));
#2963 = VECTOR('',#2964,1.);
#2964 = DIRECTION('',(0.161691392282,1.795135065956E-17,-0.986841372087)
  );
#2965 = ORIENTED_EDGE('',*,*,#2966,.T.);
#2966 = EDGE_CURVE('',#2959,#2967,#2969,.T.);
#2967 = VERTEX_POINT('',#2968);
#2968 = CARTESIAN_POINT('',(2.724938966801,-0.84,-1.665334536938E-16));
#2969 = CIRCLE('',#2970,0.3);
#2970 = AXIS2_PLACEMENT_3D('',#2971,#2972,#2973);
#2971 = CARTESIAN_POINT('',(2.724938966801,-0.84,0.3));
#2972 = DIRECTION('',(1.110223024625E-16,-1.,-6.255634725081E-34));
#2973 = DIRECTION('',(-0.984807753012,-1.093356242223E-16,
    -0.173648177667));
#2974 = ORIENTED_EDGE('',*,*,#2975,.T.);
#2975 = EDGE_CURVE('',#2967,#2976,#2978,.T.);
#2976 = VERTEX_POINT('',#2977);
#2977 = CARTESIAN_POINT('',(3.,-0.84,-1.665334536938E-16));
#2978 = LINE('',#2979,#2980);
#2979 = CARTESIAN_POINT('',(2.724938966801,-0.84,-1.665334536938E-16));
#2980 = VECTOR('',#2981,1.);
#2981 = DIRECTION('',(1.,1.110223024625E-16,0.));
#2982 = ORIENTED_EDGE('',*,*,#2983,.T.);
#2983 = EDGE_CURVE('',#2976,#2984,#2986,.T.);
#2984 = VERTEX_POINT('',#2985);
#2985 = CARTESIAN_POINT('',(3.,-0.84,0.2));
#2986 = LINE('',#2987,#2988);
#2987 = CARTESIAN_POINT('',(3.,-0.84,-1.665334536938E-16));
#2988 = VECTOR('',#2989,1.);
#2989 = DIRECTION('',(0.,0.,1.));
#2990 = ORIENTED_EDGE('',*,*,#2991,.T.);
#2991 = EDGE_CURVE('',#2984,#2992,#2994,.T.);
#2992 = VERTEX_POINT('',#2993);
#2993 = CARTESIAN_POINT('',(2.724938966801,-0.84,0.2));
#2994 = LINE('',#2995,#2996);
#2995 = CARTESIAN_POINT('',(3.,-0.84,0.2));
#2996 = VECTOR('',#2997,1.);
#2997 = DIRECTION('',(-1.,-1.110223024625E-16,0.));
#2998 = ORIENTED_EDGE('',*,*,#2999,.T.);
#2999 = EDGE_CURVE('',#2992,#3000,#3002,.T.);
#3000 = VERTEX_POINT('',#3001);
#3001 = CARTESIAN_POINT('',(2.6264581915,-0.84,0.282635182233));
#3002 = CIRCLE('',#3003,0.1);
#3003 = AXIS2_PLACEMENT_3D('',#3004,#3005,#3006);
#3004 = CARTESIAN_POINT('',(2.724938966801,-0.84,0.3));
#3005 = DIRECTION('',(-1.110223024625E-16,1.,0.));
#3006 = DIRECTION('',(0.,0.,-1.));
#3007 = ORIENTED_EDGE('',*,*,#3008,.T.);
#3008 = EDGE_CURVE('',#3000,#3009,#3011,.T.);
#3009 = VERTEX_POINT('',#3010);
#3010 = CARTESIAN_POINT('',(2.545442325904,-0.84,0.7770944533));
#3011 = LINE('',#3012,#3013);
#3012 = CARTESIAN_POINT('',(2.6264581915,-0.84,0.282635182233));
#3013 = VECTOR('',#3014,1.);
#3014 = DIRECTION('',(-0.161691392282,-1.795135065956E-17,0.986841372087
    ));
#3015 = ORIENTED_EDGE('',*,*,#3016,.T.);
#3016 = EDGE_CURVE('',#3009,#3017,#3019,.T.);
#3017 = VERTEX_POINT('',#3018);
#3018 = CARTESIAN_POINT('',(2.25,-0.84,1.025));
#3019 = CIRCLE('',#3020,0.3);
#3020 = AXIS2_PLACEMENT_3D('',#3021,#3022,#3023);
#3021 = CARTESIAN_POINT('',(2.25,-0.84,0.725));
#3022 = DIRECTION('',(1.110223024625E-16,-1.,-6.255634725081E-34));
#3023 = DIRECTION('',(0.984807753012,1.093356242223E-16,0.173648177667)
  );
#3024 = ORIENTED_EDGE('',*,*,#3025,.T.);
#3025 = EDGE_CURVE('',#3017,#1032,#3026,.T.);
#3026 = LINE('',#3027,#3028);
#3027 = CARTESIAN_POINT('',(2.25,-0.84,1.025));
#3028 = VECTOR('',#3029,1.);
#3029 = DIRECTION('',(-1.,-1.110223024625E-16,0.));
#3030 = PLANE('',#3031);
#3031 = AXIS2_PLACEMENT_3D('',#3032,#3033,#3034);
#3032 = CARTESIAN_POINT('',(2.42560961319,-0.84,0.548953137803));
#3033 = DIRECTION('',(1.110223024625E-16,-1.,0.));
#3034 = DIRECTION('',(0.,0.,1.));
#3035 = ADVANCED_FACE('',(#3036),#3052,.F.);
#3036 = FACE_BOUND('',#3037,.F.);
#3037 = EDGE_LOOP('',(#3038,#3044,#3045,#3051));
#3038 = ORIENTED_EDGE('',*,*,#3039,.F.);
#3039 = EDGE_CURVE('',#1032,#1420,#3040,.T.);
#3040 = LINE('',#3041,#3042);
#3041 = CARTESIAN_POINT('',(2.25,-0.84,1.025));
#3042 = VECTOR('',#3043,1.);
#3043 = DIRECTION('',(-1.,-1.110223024625E-16,0.));
#3044 = ORIENTED_EDGE('',*,*,#1048,.T.);
#3045 = ORIENTED_EDGE('',*,*,#3046,.T.);
#3046 = EDGE_CURVE('',#1041,#1428,#3047,.T.);
#3047 = LINE('',#3048,#3049);
#3048 = CARTESIAN_POINT('',(2.25,-1.7,1.025));
#3049 = VECTOR('',#3050,1.);
#3050 = DIRECTION('',(-1.,-1.110223024625E-16,0.));
#3051 = ORIENTED_EDGE('',*,*,#1427,.F.);
#3052 = PLANE('',#3053);
#3053 = AXIS2_PLACEMENT_3D('',#3054,#3055,#3056);
#3054 = CARTESIAN_POINT('',(-3.027078129022E-16,2.4125,1.025));
#3055 = DIRECTION('',(2.007919022429E-31,-7.713306628828E-27,-1.));
#3056 = DIRECTION('',(1.,1.112083013911E-16,2.00791902242E-31));
#3057 = ADVANCED_FACE('',(#3058),#3144,.F.);
#3058 = FACE_BOUND('',#3059,.F.);
#3059 = EDGE_LOOP('',(#3060,#3061,#3062,#3071,#3079,#3088,#3096,#3104,
    #3112,#3121,#3129,#3138));
#3060 = ORIENTED_EDGE('',*,*,#1040,.F.);
#3061 = ORIENTED_EDGE('',*,*,#1062,.T.);
#3062 = ORIENTED_EDGE('',*,*,#3063,.T.);
#3063 = EDGE_CURVE('',#1063,#3064,#3066,.T.);
#3064 = VERTEX_POINT('',#3065);
#3065 = CARTESIAN_POINT('',(2.348480775301,-1.7,0.742364817767));
#3066 = CIRCLE('',#3067,0.1);
#3067 = AXIS2_PLACEMENT_3D('',#3068,#3069,#3070);
#3068 = CARTESIAN_POINT('',(2.25,-1.7,0.725));
#3069 = DIRECTION('',(-1.110223024625E-16,1.,2.189528849922E-47));
#3070 = DIRECTION('',(4.440892098501E-15,4.930380657631E-31,1.));
#3071 = ORIENTED_EDGE('',*,*,#3072,.T.);
#3072 = EDGE_CURVE('',#3064,#3073,#3075,.T.);
#3073 = VERTEX_POINT('',#3074);
#3074 = CARTESIAN_POINT('',(2.429496640897,-1.7,0.2479055467));
#3075 = LINE('',#3076,#3077);
#3076 = CARTESIAN_POINT('',(2.348480775301,-1.7,0.742364817767));
#3077 = VECTOR('',#3078,1.);
#3078 = DIRECTION('',(0.161691392282,1.795135065956E-17,-0.986841372087)
  );
#3079 = ORIENTED_EDGE('',*,*,#3080,.T.);
#3080 = EDGE_CURVE('',#3073,#3081,#3083,.T.);
#3081 = VERTEX_POINT('',#3082);
#3082 = CARTESIAN_POINT('',(2.724938966801,-1.7,-1.665334536938E-16));
#3083 = CIRCLE('',#3084,0.3);
#3084 = AXIS2_PLACEMENT_3D('',#3085,#3086,#3087);
#3085 = CARTESIAN_POINT('',(2.724938966801,-1.7,0.3));
#3086 = DIRECTION('',(1.110223024625E-16,-1.,-6.255634725081E-34));
#3087 = DIRECTION('',(-0.984807753012,-1.093356242223E-16,
    -0.173648177667));
#3088 = ORIENTED_EDGE('',*,*,#3089,.T.);
#3089 = EDGE_CURVE('',#3081,#3090,#3092,.T.);
#3090 = VERTEX_POINT('',#3091);
#3091 = CARTESIAN_POINT('',(3.,-1.7,-1.665334536938E-16));
#3092 = LINE('',#3093,#3094);
#3093 = CARTESIAN_POINT('',(2.724938966801,-1.7,-1.665334536938E-16));
#3094 = VECTOR('',#3095,1.);
#3095 = DIRECTION('',(1.,1.110223024625E-16,0.));
#3096 = ORIENTED_EDGE('',*,*,#3097,.T.);
#3097 = EDGE_CURVE('',#3090,#3098,#3100,.T.);
#3098 = VERTEX_POINT('',#3099);
#3099 = CARTESIAN_POINT('',(3.,-1.7,0.2));
#3100 = LINE('',#3101,#3102);
#3101 = CARTESIAN_POINT('',(3.,-1.7,-1.665334536938E-16));
#3102 = VECTOR('',#3103,1.);
#3103 = DIRECTION('',(0.,0.,1.));
#3104 = ORIENTED_EDGE('',*,*,#3105,.T.);
#3105 = EDGE_CURVE('',#3098,#3106,#3108,.T.);
#3106 = VERTEX_POINT('',#3107);
#3107 = CARTESIAN_POINT('',(2.724938966801,-1.7,0.2));
#3108 = LINE('',#3109,#3110);
#3109 = CARTESIAN_POINT('',(3.,-1.7,0.2));
#3110 = VECTOR('',#3111,1.);
#3111 = DIRECTION('',(-1.,-1.110223024625E-16,0.));
#3112 = ORIENTED_EDGE('',*,*,#3113,.T.);
#3113 = EDGE_CURVE('',#3106,#3114,#3116,.T.);
#3114 = VERTEX_POINT('',#3115);
#3115 = CARTESIAN_POINT('',(2.6264581915,-1.7,0.282635182233));
#3116 = CIRCLE('',#3117,0.1);
#3117 = AXIS2_PLACEMENT_3D('',#3118,#3119,#3120);
#3118 = CARTESIAN_POINT('',(2.724938966801,-1.7,0.3));
#3119 = DIRECTION('',(-1.110223024625E-16,1.,0.));
#3120 = DIRECTION('',(0.,0.,-1.));
#3121 = ORIENTED_EDGE('',*,*,#3122,.T.);
#3122 = EDGE_CURVE('',#3114,#3123,#3125,.T.);
#3123 = VERTEX_POINT('',#3124);
#3124 = CARTESIAN_POINT('',(2.545442325904,-1.7,0.7770944533));
#3125 = LINE('',#3126,#3127);
#3126 = CARTESIAN_POINT('',(2.6264581915,-1.7,0.282635182233));
#3127 = VECTOR('',#3128,1.);
#3128 = DIRECTION('',(-0.161691392282,-1.795135065956E-17,0.986841372087
    ));
#3129 = ORIENTED_EDGE('',*,*,#3130,.T.);
#3130 = EDGE_CURVE('',#3123,#3131,#3133,.T.);
#3131 = VERTEX_POINT('',#3132);
#3132 = CARTESIAN_POINT('',(2.25,-1.7,1.025));
#3133 = CIRCLE('',#3134,0.3);
#3134 = AXIS2_PLACEMENT_3D('',#3135,#3136,#3137);
#3135 = CARTESIAN_POINT('',(2.25,-1.7,0.725));
#3136 = DIRECTION('',(1.110223024625E-16,-1.,-6.255634725081E-34));
#3137 = DIRECTION('',(0.984807753012,1.093356242223E-16,0.173648177667)
  );
#3138 = ORIENTED_EDGE('',*,*,#3139,.T.);
#3139 = EDGE_CURVE('',#3131,#1041,#3140,.T.);
#3140 = LINE('',#3141,#3142);
#3141 = CARTESIAN_POINT('',(2.25,-1.7,1.025));
#3142 = VECTOR('',#3143,1.);
#3143 = DIRECTION('',(-1.,-1.110223024625E-16,0.));
#3144 = PLANE('',#3145);
#3145 = AXIS2_PLACEMENT_3D('',#3146,#3147,#3148);
#3146 = CARTESIAN_POINT('',(2.42560961319,-1.7,0.548953137803));
#3147 = DIRECTION('',(1.110223024625E-16,-1.,0.));
#3148 = DIRECTION('',(0.,0.,1.));
#3149 = ADVANCED_FACE('',(#3150),#3169,.F.);
#3150 = FACE_BOUND('',#3151,.F.);
#3151 = EDGE_LOOP('',(#3152,#3153,#3162,#3168));
#3152 = ORIENTED_EDGE('',*,*,#1079,.T.);
#3153 = ORIENTED_EDGE('',*,*,#3154,.T.);
#3154 = EDGE_CURVE('',#1072,#3155,#3157,.T.);
#3155 = VERTEX_POINT('',#3156);
#3156 = CARTESIAN_POINT('',(2.348480775301,-2.11,0.742364817767));
#3157 = CIRCLE('',#3158,0.1);
#3158 = AXIS2_PLACEMENT_3D('',#3159,#3160,#3161);
#3159 = CARTESIAN_POINT('',(2.25,-2.11,0.725));
#3160 = DIRECTION('',(-1.110223024625E-16,1.,2.189528849922E-47));
#3161 = DIRECTION('',(4.440892098501E-15,4.930380657631E-31,1.));
#3162 = ORIENTED_EDGE('',*,*,#3163,.F.);
#3163 = EDGE_CURVE('',#3064,#3155,#3164,.T.);
#3164 = LINE('',#3165,#3166);
#3165 = CARTESIAN_POINT('',(2.348480775301,-1.7,0.742364817767));
#3166 = VECTOR('',#3167,1.);
#3167 = DIRECTION('',(1.110223024625E-16,-1.,0.));
#3168 = ORIENTED_EDGE('',*,*,#3063,.F.);
#3169 = CYLINDRICAL_SURFACE('',#3170,0.1);
#3170 = AXIS2_PLACEMENT_3D('',#3171,#3172,#3173);
#3171 = CARTESIAN_POINT('',(2.25,-1.7,0.725));
#3172 = DIRECTION('',(-1.110223024625E-16,1.,0.));
#3173 = DIRECTION('',(4.440892098501E-15,4.930380657631E-31,1.));
#3174 = ADVANCED_FACE('',(#3175),#3253,.T.);
#3175 = FACE_BOUND('',#3176,.T.);
#3176 = EDGE_LOOP('',(#3177,#3178,#3179,#3180,#3188,#3197,#3205,#3213,
    #3221,#3230,#3238,#3247));
#3177 = ORIENTED_EDGE('',*,*,#1093,.F.);
#3178 = ORIENTED_EDGE('',*,*,#1071,.T.);
#3179 = ORIENTED_EDGE('',*,*,#3154,.T.);
#3180 = ORIENTED_EDGE('',*,*,#3181,.T.);
#3181 = EDGE_CURVE('',#3155,#3182,#3184,.T.);
#3182 = VERTEX_POINT('',#3183);
#3183 = CARTESIAN_POINT('',(2.429496640897,-2.11,0.2479055467));
#3184 = LINE('',#3185,#3186);
#3185 = CARTESIAN_POINT('',(2.348480775301,-2.11,0.742364817767));
#3186 = VECTOR('',#3187,1.);
#3187 = DIRECTION('',(0.161691392282,1.795135065956E-17,-0.986841372087)
  );
#3188 = ORIENTED_EDGE('',*,*,#3189,.T.);
#3189 = EDGE_CURVE('',#3182,#3190,#3192,.T.);
#3190 = VERTEX_POINT('',#3191);
#3191 = CARTESIAN_POINT('',(2.724938966801,-2.11,-1.665334536938E-16));
#3192 = CIRCLE('',#3193,0.3);
#3193 = AXIS2_PLACEMENT_3D('',#3194,#3195,#3196);
#3194 = CARTESIAN_POINT('',(2.724938966801,-2.11,0.3));
#3195 = DIRECTION('',(1.110223024625E-16,-1.,-6.255634725081E-34));
#3196 = DIRECTION('',(-0.984807753012,-1.093356242223E-16,
    -0.173648177667));
#3197 = ORIENTED_EDGE('',*,*,#3198,.T.);
#3198 = EDGE_CURVE('',#3190,#3199,#3201,.T.);
#3199 = VERTEX_POINT('',#3200);
#3200 = CARTESIAN_POINT('',(3.,-2.11,-1.665334536938E-16));
#3201 = LINE('',#3202,#3203);
#3202 = CARTESIAN_POINT('',(2.724938966801,-2.11,-1.665334536938E-16));
#3203 = VECTOR('',#3204,1.);
#3204 = DIRECTION('',(1.,1.110223024625E-16,0.));
#3205 = ORIENTED_EDGE('',*,*,#3206,.T.);
#3206 = EDGE_CURVE('',#3199,#3207,#3209,.T.);
#3207 = VERTEX_POINT('',#3208);
#3208 = CARTESIAN_POINT('',(3.,-2.11,0.2));
#3209 = LINE('',#3210,#3211);
#3210 = CARTESIAN_POINT('',(3.,-2.11,-1.665334536938E-16));
#3211 = VECTOR('',#3212,1.);
#3212 = DIRECTION('',(0.,0.,1.));
#3213 = ORIENTED_EDGE('',*,*,#3214,.T.);
#3214 = EDGE_CURVE('',#3207,#3215,#3217,.T.);
#3215 = VERTEX_POINT('',#3216);
#3216 = CARTESIAN_POINT('',(2.724938966801,-2.11,0.2));
#3217 = LINE('',#3218,#3219);
#3218 = CARTESIAN_POINT('',(3.,-2.11,0.2));
#3219 = VECTOR('',#3220,1.);
#3220 = DIRECTION('',(-1.,-1.110223024625E-16,0.));
#3221 = ORIENTED_EDGE('',*,*,#3222,.T.);
#3222 = EDGE_CURVE('',#3215,#3223,#3225,.T.);
#3223 = VERTEX_POINT('',#3224);
#3224 = CARTESIAN_POINT('',(2.6264581915,-2.11,0.282635182233));
#3225 = CIRCLE('',#3226,0.1);
#3226 = AXIS2_PLACEMENT_3D('',#3227,#3228,#3229);
#3227 = CARTESIAN_POINT('',(2.724938966801,-2.11,0.3));
#3228 = DIRECTION('',(-1.110223024625E-16,1.,0.));
#3229 = DIRECTION('',(0.,0.,-1.));
#3230 = ORIENTED_EDGE('',*,*,#3231,.T.);
#3231 = EDGE_CURVE('',#3223,#3232,#3234,.T.);
#3232 = VERTEX_POINT('',#3233);
#3233 = CARTESIAN_POINT('',(2.545442325904,-2.11,0.7770944533));
#3234 = LINE('',#3235,#3236);
#3235 = CARTESIAN_POINT('',(2.6264581915,-2.11,0.282635182233));
#3236 = VECTOR('',#3237,1.);
#3237 = DIRECTION('',(-0.161691392282,-1.795135065956E-17,0.986841372087
    ));
#3238 = ORIENTED_EDGE('',*,*,#3239,.T.);
#3239 = EDGE_CURVE('',#3232,#3240,#3242,.T.);
#3240 = VERTEX_POINT('',#3241);
#3241 = CARTESIAN_POINT('',(2.25,-2.11,1.025));
#3242 = CIRCLE('',#3243,0.3);
#3243 = AXIS2_PLACEMENT_3D('',#3244,#3245,#3246);
#3244 = CARTESIAN_POINT('',(2.25,-2.11,0.725));
#3245 = DIRECTION('',(1.110223024625E-16,-1.,-6.255634725081E-34));
#3246 = DIRECTION('',(0.984807753012,1.093356242223E-16,0.173648177667)
  );
#3247 = ORIENTED_EDGE('',*,*,#3248,.T.);
#3248 = EDGE_CURVE('',#3240,#1094,#3249,.T.);
#3249 = LINE('',#3250,#3251);
#3250 = CARTESIAN_POINT('',(2.25,-2.11,1.025));
#3251 = VECTOR('',#3252,1.);
#3252 = DIRECTION('',(-1.,-1.110223024625E-16,0.));
#3253 = PLANE('',#3254);
#3254 = AXIS2_PLACEMENT_3D('',#3255,#3256,#3257);
#3255 = CARTESIAN_POINT('',(2.42560961319,-2.11,0.548953137803));
#3256 = DIRECTION('',(1.110223024625E-16,-1.,0.));
#3257 = DIRECTION('',(0.,0.,1.));
#3258 = ADVANCED_FACE('',(#3259),#3270,.T.);
#3259 = FACE_BOUND('',#3260,.T.);
#3260 = EDGE_LOOP('',(#3261,#3262,#3263,#3264));
#3261 = ORIENTED_EDGE('',*,*,#2293,.T.);
#3262 = ORIENTED_EDGE('',*,*,#1194,.T.);
#3263 = ORIENTED_EDGE('',*,*,#2395,.F.);
#3264 = ORIENTED_EDGE('',*,*,#3265,.F.);
#3265 = EDGE_CURVE('',#2286,#2388,#3266,.T.);
#3266 = LINE('',#3267,#3268);
#3267 = CARTESIAN_POINT('',(-2.545442325904,1.7,0.7770944533));
#3268 = VECTOR('',#3269,1.);
#3269 = DIRECTION('',(1.144237745222E-17,1.,0.));
#3270 = CYLINDRICAL_SURFACE('',#3271,0.3);
#3271 = AXIS2_PLACEMENT_3D('',#3272,#3273,#3274);
#3272 = CARTESIAN_POINT('',(-2.25,1.7,0.725));
#3273 = DIRECTION('',(-1.144237745222E-17,-1.,0.));
#3274 = DIRECTION('',(-0.984807753012,1.126854202784E-17,0.173648177667)
  );
#3275 = ADVANCED_FACE('',(#3276),#3289,.F.);
#3276 = FACE_BOUND('',#3277,.F.);
#3277 = EDGE_LOOP('',(#3278,#3279,#3285,#3286,#3287,#3288));
#3278 = ORIENTED_EDGE('',*,*,#1638,.F.);
#3279 = ORIENTED_EDGE('',*,*,#3280,.T.);
#3280 = EDGE_CURVE('',#1630,#1739,#3281,.T.);
#3281 = LINE('',#3282,#3283);
#3282 = CARTESIAN_POINT('',(-2.25,-2.11,1.025));
#3283 = VECTOR('',#3284,1.);
#3284 = DIRECTION('',(1.144237745222E-17,1.,0.));
#3285 = ORIENTED_EDGE('',*,*,#1747,.T.);
#3286 = ORIENTED_EDGE('',*,*,#1769,.T.);
#3287 = ORIENTED_EDGE('',*,*,#1241,.F.);
#3288 = ORIENTED_EDGE('',*,*,#1512,.F.);
#3289 = PLANE('',#3290);
#3290 = AXIS2_PLACEMENT_3D('',#3291,#3292,#3293);
#3291 = CARTESIAN_POINT('',(-2.25,-2.11,1.025));
#3292 = DIRECTION('',(0.,0.,-1.));
#3293 = DIRECTION('',(1.,-1.144237745222E-17,0.));
#3294 = ADVANCED_FACE('',(#3295),#3308,.F.);
#3295 = FACE_BOUND('',#3296,.F.);
#3296 = EDGE_LOOP('',(#3297,#3298,#3304,#3305,#3306,#3307));
#3297 = ORIENTED_EDGE('',*,*,#1861,.F.);
#3298 = ORIENTED_EDGE('',*,*,#3299,.T.);
#3299 = EDGE_CURVE('',#1853,#1962,#3300,.T.);
#3300 = LINE('',#3301,#3302);
#3301 = CARTESIAN_POINT('',(-2.25,-0.84,1.025));
#3302 = VECTOR('',#3303,1.);
#3303 = DIRECTION('',(1.144237745222E-17,1.,0.));
#3304 = ORIENTED_EDGE('',*,*,#1970,.T.);
#3305 = ORIENTED_EDGE('',*,*,#1992,.T.);
#3306 = ORIENTED_EDGE('',*,*,#1257,.F.);
#3307 = ORIENTED_EDGE('',*,*,#1762,.F.);
#3308 = PLANE('',#3309);
#3309 = AXIS2_PLACEMENT_3D('',#3310,#3311,#3312);
#3310 = CARTESIAN_POINT('',(-2.25,-0.84,1.025));
#3311 = DIRECTION('',(0.,0.,-1.));
#3312 = DIRECTION('',(1.,-1.144237745222E-17,0.));
#3313 = ADVANCED_FACE('',(#3314),#3327,.F.);
#3314 = FACE_BOUND('',#3315,.F.);
#3315 = EDGE_LOOP('',(#3316,#3317,#3323,#3324,#3325,#3326));
#3316 = ORIENTED_EDGE('',*,*,#2084,.F.);
#3317 = ORIENTED_EDGE('',*,*,#3318,.T.);
#3318 = EDGE_CURVE('',#2076,#2185,#3319,.T.);
#3319 = LINE('',#3320,#3321);
#3320 = CARTESIAN_POINT('',(-2.25,0.43,1.025));
#3321 = VECTOR('',#3322,1.);
#3322 = DIRECTION('',(1.144237745222E-17,1.,0.));
#3323 = ORIENTED_EDGE('',*,*,#2193,.T.);
#3324 = ORIENTED_EDGE('',*,*,#2210,.T.);
#3325 = ORIENTED_EDGE('',*,*,#1273,.F.);
#3326 = ORIENTED_EDGE('',*,*,#1985,.F.);
#3327 = PLANE('',#3328);
#3328 = AXIS2_PLACEMENT_3D('',#3329,#3330,#3331);
#3329 = CARTESIAN_POINT('',(-2.25,0.43,1.025));
#3330 = DIRECTION('',(0.,0.,-1.));
#3331 = DIRECTION('',(1.,-1.144237745222E-17,0.));
#3332 = ADVANCED_FACE('',(#3333,#3362),#3373,.F.);
#3333 = FACE_BOUND('',#3334,.F.);
#3334 = EDGE_LOOP('',(#3335,#3336,#3337,#3338,#3346,#3354,#3360,#3361));
#3335 = ORIENTED_EDGE('',*,*,#1348,.T.);
#3336 = ORIENTED_EDGE('',*,*,#1371,.T.);
#3337 = ORIENTED_EDGE('',*,*,#1458,.T.);
#3338 = ORIENTED_EDGE('',*,*,#3339,.T.);
#3339 = EDGE_CURVE('',#1452,#3340,#3342,.T.);
#3340 = VERTEX_POINT('',#3341);
#3341 = CARTESIAN_POINT('',(1.680085640382,-2.260171280765,1.75));
#3342 = LINE('',#3343,#3344);
#3343 = CARTESIAN_POINT('',(1.760171280765,-2.180085640382,1.75));
#3344 = VECTOR('',#3345,1.);
#3345 = DIRECTION('',(-0.707106781187,-0.707106781187,0.));
#3346 = ORIENTED_EDGE('',*,*,#3347,.T.);
#3347 = EDGE_CURVE('',#3340,#3348,#3350,.T.);
#3348 = VERTEX_POINT('',#3349);
#3349 = CARTESIAN_POINT('',(-1.680085640382,-2.260171280765,1.75));
#3350 = LINE('',#3351,#3352);
#3351 = CARTESIAN_POINT('',(1.680085640382,-2.260171280765,1.75));
#3352 = VECTOR('',#3353,1.);
#3353 = DIRECTION('',(-1.,-1.110223024625E-16,0.));
#3354 = ORIENTED_EDGE('',*,*,#3355,.T.);
#3355 = EDGE_CURVE('',#3348,#1297,#3356,.T.);
#3356 = LINE('',#3357,#3358);
#3357 = CARTESIAN_POINT('',(-1.680085640382,-2.260171280765,1.75));
#3358 = VECTOR('',#3359,1.);
#3359 = DIRECTION('',(-0.707106781187,0.707106781187,0.));
#3360 = ORIENTED_EDGE('',*,*,#1296,.T.);
#3361 = ORIENTED_EDGE('',*,*,#1325,.T.);
#3362 = FACE_BOUND('',#3363,.F.);
#3363 = EDGE_LOOP('',(#3364));
#3364 = ORIENTED_EDGE('',*,*,#3365,.F.);
#3365 = EDGE_CURVE('',#3366,#3366,#3368,.T.);
#3366 = VERTEX_POINT('',#3367);
#3367 = CARTESIAN_POINT('',(-1.110171280765,1.310171280765,1.75));
#3368 = CIRCLE('',#3369,0.3);
#3369 = AXIS2_PLACEMENT_3D('',#3370,#3371,#3372);
#3370 = CARTESIAN_POINT('',(-1.110171280765,1.610171280765,1.75));
#3371 = DIRECTION('',(0.,-0.,-1.));
#3372 = DIRECTION('',(1.110223024625E-16,-1.,0.));
#3373 = PLANE('',#3374);
#3374 = AXIS2_PLACEMENT_3D('',#3375,#3376,#3377);
#3375 = CARTESIAN_POINT('',(-1.680085640382,2.260171280765,1.75));
#3376 = DIRECTION('',(0.,0.,-1.));
#3377 = DIRECTION('',(0.596575959062,-0.802556617983,0.));
#3378 = ADVANCED_FACE('',(#3379),#3389,.F.);
#3379 = FACE_BOUND('',#3380,.F.);
#3380 = EDGE_LOOP('',(#3381,#3382,#3383,#3384));
#3381 = ORIENTED_EDGE('',*,*,#1519,.T.);
#3382 = ORIENTED_EDGE('',*,*,#1304,.T.);
#3383 = ORIENTED_EDGE('',*,*,#3355,.F.);
#3384 = ORIENTED_EDGE('',*,*,#3385,.F.);
#3385 = EDGE_CURVE('',#1520,#3348,#3386,.T.);
#3386 = B_SPLINE_CURVE_WITH_KNOTS('',1,(#3387,#3388),.UNSPECIFIED.,.F.,
  .F.,(2,2),(0.,1.),.PIECEWISE_BEZIER_KNOTS.);
#3387 = CARTESIAN_POINT('',(-1.7375,-2.375,1.025));
#3388 = CARTESIAN_POINT('',(-1.680085640382,-2.260171280765,1.75));
#3389 = B_SPLINE_SURFACE_WITH_KNOTS('',1,1,(
    (#3390,#3391)
    ,(#3392,#3393
    )),.UNSPECIFIED.,.F.,.F.,.F.,(2,2),(2,2),(0.,0.194454364826),(0.,1.)
  ,.PIECEWISE_BEZIER_KNOTS.);
#3390 = CARTESIAN_POINT('',(-1.7375,-2.375,1.025));
#3391 = CARTESIAN_POINT('',(-1.680085640382,-2.260171280765,1.75));
#3392 = CARTESIAN_POINT('',(-1.875,-2.2375,1.025));
#3393 = CARTESIAN_POINT('',(-1.760171280765,-2.180085640382,1.75));
#3394 = ADVANCED_FACE('',(#3395),#3408,.F.);
#3395 = FACE_BOUND('',#3396,.F.);
#3396 = EDGE_LOOP('',(#3397,#3398,#3404,#3405,#3406,#3407));
#3397 = ORIENTED_EDGE('',*,*,#2693,.F.);
#3398 = ORIENTED_EDGE('',*,*,#3399,.T.);
#3399 = EDGE_CURVE('',#2685,#2794,#3400,.T.);
#3400 = LINE('',#3401,#3402);
#3401 = CARTESIAN_POINT('',(2.25,0.84,1.025));
#3402 = VECTOR('',#3403,1.);
#3403 = DIRECTION('',(1.110223024625E-16,-1.,0.));
#3404 = ORIENTED_EDGE('',*,*,#2802,.T.);
#3405 = ORIENTED_EDGE('',*,*,#2816,.T.);
#3406 = ORIENTED_EDGE('',*,*,#1403,.F.);
#3407 = ORIENTED_EDGE('',*,*,#2600,.F.);
#3408 = PLANE('',#3409);
#3409 = AXIS2_PLACEMENT_3D('',#3410,#3411,#3412);
#3410 = CARTESIAN_POINT('',(2.25,0.84,1.025));
#3411 = DIRECTION('',(0.,0.,-1.));
#3412 = DIRECTION('',(-1.,-1.110223024625E-16,-0.));
#3413 = ADVANCED_FACE('',(#3414),#3427,.F.);
#3414 = FACE_BOUND('',#3415,.F.);
#3415 = EDGE_LOOP('',(#3416,#3417,#3423,#3424,#3425,#3426));
#3416 = ORIENTED_EDGE('',*,*,#2916,.F.);
#3417 = ORIENTED_EDGE('',*,*,#3418,.T.);
#3418 = EDGE_CURVE('',#2908,#3017,#3419,.T.);
#3419 = LINE('',#3420,#3421);
#3420 = CARTESIAN_POINT('',(2.25,-0.43,1.025));
#3421 = VECTOR('',#3422,1.);
#3422 = DIRECTION('',(1.110223024625E-16,-1.,0.));
#3423 = ORIENTED_EDGE('',*,*,#3025,.T.);
#3424 = ORIENTED_EDGE('',*,*,#3039,.T.);
#3425 = ORIENTED_EDGE('',*,*,#1419,.F.);
#3426 = ORIENTED_EDGE('',*,*,#2823,.F.);
#3427 = PLANE('',#3428);
#3428 = AXIS2_PLACEMENT_3D('',#3429,#3430,#3431);
#3429 = CARTESIAN_POINT('',(2.25,-0.43,1.025));
#3430 = DIRECTION('',(0.,0.,-1.));
#3431 = DIRECTION('',(-1.,-1.110223024625E-16,-0.));
#3432 = ADVANCED_FACE('',(#3433),#3446,.F.);
#3433 = FACE_BOUND('',#3434,.F.);
#3434 = EDGE_LOOP('',(#3435,#3436,#3442,#3443,#3444,#3445));
#3435 = ORIENTED_EDGE('',*,*,#3139,.F.);
#3436 = ORIENTED_EDGE('',*,*,#3437,.T.);
#3437 = EDGE_CURVE('',#3131,#3240,#3438,.T.);
#3438 = LINE('',#3439,#3440);
#3439 = CARTESIAN_POINT('',(2.25,-1.7,1.025));
#3440 = VECTOR('',#3441,1.);
#3441 = DIRECTION('',(1.110223024625E-16,-1.,0.));
#3442 = ORIENTED_EDGE('',*,*,#3248,.T.);
#3443 = ORIENTED_EDGE('',*,*,#1542,.T.);
#3444 = ORIENTED_EDGE('',*,*,#1435,.F.);
#3445 = ORIENTED_EDGE('',*,*,#3046,.F.);
#3446 = PLANE('',#3447);
#3447 = AXIS2_PLACEMENT_3D('',#3448,#3449,#3450);
#3448 = CARTESIAN_POINT('',(2.25,-1.7,1.025));
#3449 = DIRECTION('',(0.,0.,-1.));
#3450 = DIRECTION('',(-1.,-1.110223024625E-16,-0.));
#3451 = ADVANCED_FACE('',(#3452),#3462,.F.);
#3452 = FACE_BOUND('',#3453,.F.);
#3453 = EDGE_LOOP('',(#3454,#3455,#3460,#3461));
#3454 = ORIENTED_EDGE('',*,*,#1535,.T.);
#3455 = ORIENTED_EDGE('',*,*,#3456,.T.);
#3456 = EDGE_CURVE('',#1528,#3340,#3457,.T.);
#3457 = B_SPLINE_CURVE_WITH_KNOTS('',1,(#3458,#3459),.UNSPECIFIED.,.F.,
  .F.,(2,2),(0.,1.),.PIECEWISE_BEZIER_KNOTS.);
#3458 = CARTESIAN_POINT('',(1.7375,-2.375,1.025));
#3459 = CARTESIAN_POINT('',(1.680085640382,-2.260171280765,1.75));
#3460 = ORIENTED_EDGE('',*,*,#3339,.F.);
#3461 = ORIENTED_EDGE('',*,*,#1451,.F.);
#3462 = B_SPLINE_SURFACE_WITH_KNOTS('',1,1,(
    (#3463,#3464)
    ,(#3465,#3466
    )),.UNSPECIFIED.,.F.,.F.,.F.,(2,2),(2,2),(0.,0.194454364826),(0.,1.)
  ,.PIECEWISE_BEZIER_KNOTS.);
#3463 = CARTESIAN_POINT('',(1.875,-2.2375,1.025));
#3464 = CARTESIAN_POINT('',(1.760171280765,-2.180085640382,1.75));
#3465 = CARTESIAN_POINT('',(1.7375,-2.375,1.025));
#3466 = CARTESIAN_POINT('',(1.680085640382,-2.260171280765,1.75));
#3467 = ADVANCED_FACE('',(#3468),#3479,.T.);
#3468 = FACE_BOUND('',#3469,.T.);
#3469 = EDGE_LOOP('',(#3470,#3471,#3472,#3473));
#3470 = ORIENTED_EDGE('',*,*,#2480,.T.);
#3471 = ORIENTED_EDGE('',*,*,#1481,.T.);
#3472 = ORIENTED_EDGE('',*,*,#2582,.F.);
#3473 = ORIENTED_EDGE('',*,*,#3474,.F.);
#3474 = EDGE_CURVE('',#2473,#2575,#3475,.T.);
#3475 = LINE('',#3476,#3477);
#3476 = CARTESIAN_POINT('',(2.545442325904,2.11,0.7770944533));
#3477 = VECTOR('',#3478,1.);
#3478 = DIRECTION('',(1.110223024625E-16,-1.,0.));
#3479 = CYLINDRICAL_SURFACE('',#3480,0.3);
#3480 = AXIS2_PLACEMENT_3D('',#3481,#3482,#3483);
#3481 = CARTESIAN_POINT('',(2.25,2.11,0.725));
#3482 = DIRECTION('',(-1.110223024625E-16,1.,0.));
#3483 = DIRECTION('',(0.984807753012,1.093356242223E-16,0.173648177667)
  );
#3484 = ADVANCED_FACE('',(#3485),#3491,.F.);
#3485 = FACE_BOUND('',#3486,.F.);
#3486 = EDGE_LOOP('',(#3487,#3488,#3489,#3490));
#3487 = ORIENTED_EDGE('',*,*,#1527,.T.);
#3488 = ORIENTED_EDGE('',*,*,#3385,.T.);
#3489 = ORIENTED_EDGE('',*,*,#3347,.F.);
#3490 = ORIENTED_EDGE('',*,*,#3456,.F.);
#3491 = B_SPLINE_SURFACE_WITH_KNOTS('',1,1,(
    (#3492,#3493)
    ,(#3494,#3495
    )),.UNSPECIFIED.,.F.,.F.,.F.,(2,2),(2,2),(0.,3.475),(0.,1.),
  .PIECEWISE_BEZIER_KNOTS.);
#3492 = CARTESIAN_POINT('',(1.7375,-2.375,1.025));
#3493 = CARTESIAN_POINT('',(1.680085640382,-2.260171280765,1.75));
#3494 = CARTESIAN_POINT('',(-1.7375,-2.375,1.025));
#3495 = CARTESIAN_POINT('',(-1.680085640382,-2.260171280765,1.75));
#3496 = ADVANCED_FACE('',(#3497),#3508,.T.);
#3497 = FACE_BOUND('',#3498,.T.);
#3498 = EDGE_LOOP('',(#3499,#3500,#3501,#3502));
#3499 = ORIENTED_EDGE('',*,*,#1629,.T.);
#3500 = ORIENTED_EDGE('',*,*,#3280,.T.);
#3501 = ORIENTED_EDGE('',*,*,#1738,.F.);
#3502 = ORIENTED_EDGE('',*,*,#3503,.F.);
#3503 = EDGE_CURVE('',#1622,#1731,#3504,.T.);
#3504 = LINE('',#3505,#3506);
#3505 = CARTESIAN_POINT('',(-2.545442325904,-2.11,0.7770944533));
#3506 = VECTOR('',#3507,1.);
#3507 = DIRECTION('',(1.144237745222E-17,1.,0.));
#3508 = CYLINDRICAL_SURFACE('',#3509,0.3);
#3509 = AXIS2_PLACEMENT_3D('',#3510,#3511,#3512);
#3510 = CARTESIAN_POINT('',(-2.25,-2.11,0.725));
#3511 = DIRECTION('',(-1.144237745222E-17,-1.,0.));
#3512 = DIRECTION('',(-0.984807753012,1.126854202784E-17,0.173648177667)
  );
#3513 = ADVANCED_FACE('',(#3514),#3525,.F.);
#3514 = FACE_BOUND('',#3515,.F.);
#3515 = EDGE_LOOP('',(#3516,#3522,#3523,#3524));
#3516 = ORIENTED_EDGE('',*,*,#3517,.T.);
#3517 = EDGE_CURVE('',#1613,#1722,#3518,.T.);
#3518 = LINE('',#3519,#3520);
#3519 = CARTESIAN_POINT('',(-2.6264581915,-2.11,0.282635182233));
#3520 = VECTOR('',#3521,1.);
#3521 = DIRECTION('',(1.144237745222E-17,1.,0.));
#3522 = ORIENTED_EDGE('',*,*,#1730,.T.);
#3523 = ORIENTED_EDGE('',*,*,#3503,.F.);
#3524 = ORIENTED_EDGE('',*,*,#1621,.F.);
#3525 = PLANE('',#3526);
#3526 = AXIS2_PLACEMENT_3D('',#3527,#3528,#3529);
#3527 = CARTESIAN_POINT('',(-2.6264581915,-2.11,0.282635182233));
#3528 = DIRECTION('',(0.986841372087,-1.129181146488E-17,-0.161691392282
    ));
#3529 = DIRECTION('',(0.161691392282,-1.85013394127E-18,0.986841372087)
  );
#3530 = ADVANCED_FACE('',(#3531),#3542,.F.);
#3531 = FACE_BOUND('',#3532,.F.);
#3532 = EDGE_LOOP('',(#3533,#3539,#3540,#3541));
#3533 = ORIENTED_EDGE('',*,*,#3534,.T.);
#3534 = EDGE_CURVE('',#1605,#1714,#3535,.T.);
#3535 = LINE('',#3536,#3537);
#3536 = CARTESIAN_POINT('',(-2.724938966801,-2.11,0.2));
#3537 = VECTOR('',#3538,1.);
#3538 = DIRECTION('',(1.144237745222E-17,1.,0.));
#3539 = ORIENTED_EDGE('',*,*,#1721,.T.);
#3540 = ORIENTED_EDGE('',*,*,#3517,.F.);
#3541 = ORIENTED_EDGE('',*,*,#1612,.F.);
#3542 = CYLINDRICAL_SURFACE('',#3543,0.1);
#3543 = AXIS2_PLACEMENT_3D('',#3544,#3545,#3546);
#3544 = CARTESIAN_POINT('',(-2.724938966801,-2.11,0.3));
#3545 = DIRECTION('',(-1.144237745222E-17,-1.,0.));
#3546 = DIRECTION('',(-0.,0.,-1.));
#3547 = ADVANCED_FACE('',(#3548),#3559,.F.);
#3548 = FACE_BOUND('',#3549,.F.);
#3549 = EDGE_LOOP('',(#3550,#3556,#3557,#3558));
#3550 = ORIENTED_EDGE('',*,*,#3551,.T.);
#3551 = EDGE_CURVE('',#1597,#1706,#3552,.T.);
#3552 = LINE('',#3553,#3554);
#3553 = CARTESIAN_POINT('',(-3.,-2.11,0.2));
#3554 = VECTOR('',#3555,1.);
#3555 = DIRECTION('',(1.144237745222E-17,1.,0.));
#3556 = ORIENTED_EDGE('',*,*,#1713,.T.);
#3557 = ORIENTED_EDGE('',*,*,#3534,.F.);
#3558 = ORIENTED_EDGE('',*,*,#1604,.F.);
#3559 = PLANE('',#3560);
#3560 = AXIS2_PLACEMENT_3D('',#3561,#3562,#3563);
#3561 = CARTESIAN_POINT('',(-3.,-2.11,0.2));
#3562 = DIRECTION('',(0.,0.,-1.));
#3563 = DIRECTION('',(1.,-1.144237745222E-17,0.));
#3564 = ADVANCED_FACE('',(#3565),#3576,.F.);
#3565 = FACE_BOUND('',#3566,.F.);
#3566 = EDGE_LOOP('',(#3567,#3573,#3574,#3575));
#3567 = ORIENTED_EDGE('',*,*,#3568,.T.);
#3568 = EDGE_CURVE('',#1589,#1698,#3569,.T.);
#3569 = LINE('',#3570,#3571);
#3570 = CARTESIAN_POINT('',(-3.,-2.11,-1.665334536938E-16));
#3571 = VECTOR('',#3572,1.);
#3572 = DIRECTION('',(1.144237745222E-17,1.,0.));
#3573 = ORIENTED_EDGE('',*,*,#1705,.T.);
#3574 = ORIENTED_EDGE('',*,*,#3551,.F.);
#3575 = ORIENTED_EDGE('',*,*,#1596,.F.);
#3576 = PLANE('',#3577);
#3577 = AXIS2_PLACEMENT_3D('',#3578,#3579,#3580);
#3578 = CARTESIAN_POINT('',(-3.,-2.11,-1.665334536938E-16));
#3579 = DIRECTION('',(1.,-1.144237745222E-17,0.));
#3580 = DIRECTION('',(0.,0.,1.));
#3581 = ADVANCED_FACE('',(#3582),#3593,.F.);
#3582 = FACE_BOUND('',#3583,.F.);
#3583 = EDGE_LOOP('',(#3584,#3590,#3591,#3592));
#3584 = ORIENTED_EDGE('',*,*,#3585,.T.);
#3585 = EDGE_CURVE('',#1580,#1689,#3586,.T.);
#3586 = LINE('',#3587,#3588);
#3587 = CARTESIAN_POINT('',(-2.724938966801,-2.11,-1.665334536938E-16));
#3588 = VECTOR('',#3589,1.);
#3589 = DIRECTION('',(1.144237745222E-17,1.,0.));
#3590 = ORIENTED_EDGE('',*,*,#1697,.T.);
#3591 = ORIENTED_EDGE('',*,*,#3568,.F.);
#3592 = ORIENTED_EDGE('',*,*,#1588,.F.);
#3593 = PLANE('',#3594);
#3594 = AXIS2_PLACEMENT_3D('',#3595,#3596,#3597);
#3595 = CARTESIAN_POINT('',(-2.724938966801,-2.11,-1.665334536938E-16));
#3596 = DIRECTION('',(0.,0.,1.));
#3597 = DIRECTION('',(-1.,1.144237745222E-17,0.));
#3598 = ADVANCED_FACE('',(#3599),#3610,.T.);
#3599 = FACE_BOUND('',#3600,.T.);
#3600 = EDGE_LOOP('',(#3601,#3602,#3603,#3604));
#3601 = ORIENTED_EDGE('',*,*,#1579,.T.);
#3602 = ORIENTED_EDGE('',*,*,#3585,.T.);
#3603 = ORIENTED_EDGE('',*,*,#1688,.F.);
#3604 = ORIENTED_EDGE('',*,*,#3605,.F.);
#3605 = EDGE_CURVE('',#1572,#1681,#3606,.T.);
#3606 = LINE('',#3607,#3608);
#3607 = CARTESIAN_POINT('',(-2.429496640897,-2.11,0.2479055467));
#3608 = VECTOR('',#3609,1.);
#3609 = DIRECTION('',(1.144237745222E-17,1.,0.));
#3610 = CYLINDRICAL_SURFACE('',#3611,0.3);
#3611 = AXIS2_PLACEMENT_3D('',#3612,#3613,#3614);
#3612 = CARTESIAN_POINT('',(-2.724938966801,-2.11,0.3));
#3613 = DIRECTION('',(-1.144237745222E-17,-1.,0.));
#3614 = DIRECTION('',(0.984807753012,-1.126854202784E-17,-0.173648177667
    ));
#3615 = ADVANCED_FACE('',(#3616),#3622,.F.);
#3616 = FACE_BOUND('',#3617,.F.);
#3617 = EDGE_LOOP('',(#3618,#3619,#3620,#3621));
#3618 = ORIENTED_EDGE('',*,*,#1662,.T.);
#3619 = ORIENTED_EDGE('',*,*,#1680,.T.);
#3620 = ORIENTED_EDGE('',*,*,#3605,.F.);
#3621 = ORIENTED_EDGE('',*,*,#1571,.F.);
#3622 = PLANE('',#3623);
#3623 = AXIS2_PLACEMENT_3D('',#3624,#3625,#3626);
#3624 = CARTESIAN_POINT('',(-2.348480775301,-2.11,0.742364817767));
#3625 = DIRECTION('',(-0.986841372087,1.129181146488E-17,0.161691392282)
  );
#3626 = DIRECTION('',(-0.161691392282,1.85013394127E-18,-0.986841372087)
  );
#3627 = ADVANCED_FACE('',(#3628),#3639,.T.);
#3628 = FACE_BOUND('',#3629,.T.);
#3629 = EDGE_LOOP('',(#3630,#3631,#3632,#3633));
#3630 = ORIENTED_EDGE('',*,*,#1852,.T.);
#3631 = ORIENTED_EDGE('',*,*,#3299,.T.);
#3632 = ORIENTED_EDGE('',*,*,#1961,.F.);
#3633 = ORIENTED_EDGE('',*,*,#3634,.F.);
#3634 = EDGE_CURVE('',#1845,#1954,#3635,.T.);
#3635 = LINE('',#3636,#3637);
#3636 = CARTESIAN_POINT('',(-2.545442325904,-0.84,0.7770944533));
#3637 = VECTOR('',#3638,1.);
#3638 = DIRECTION('',(1.144237745222E-17,1.,0.));
#3639 = CYLINDRICAL_SURFACE('',#3640,0.3);
#3640 = AXIS2_PLACEMENT_3D('',#3641,#3642,#3643);
#3641 = CARTESIAN_POINT('',(-2.25,-0.84,0.725));
#3642 = DIRECTION('',(-1.144237745222E-17,-1.,0.));
#3643 = DIRECTION('',(-0.984807753012,1.126854202784E-17,0.173648177667)
  );
#3644 = ADVANCED_FACE('',(#3645),#3656,.F.);
#3645 = FACE_BOUND('',#3646,.F.);
#3646 = EDGE_LOOP('',(#3647,#3653,#3654,#3655));
#3647 = ORIENTED_EDGE('',*,*,#3648,.T.);
#3648 = EDGE_CURVE('',#1836,#1945,#3649,.T.);
#3649 = LINE('',#3650,#3651);
#3650 = CARTESIAN_POINT('',(-2.6264581915,-0.84,0.282635182233));
#3651 = VECTOR('',#3652,1.);
#3652 = DIRECTION('',(1.144237745222E-17,1.,0.));
#3653 = ORIENTED_EDGE('',*,*,#1953,.T.);
#3654 = ORIENTED_EDGE('',*,*,#3634,.F.);
#3655 = ORIENTED_EDGE('',*,*,#1844,.F.);
#3656 = PLANE('',#3657);
#3657 = AXIS2_PLACEMENT_3D('',#3658,#3659,#3660);
#3658 = CARTESIAN_POINT('',(-2.6264581915,-0.84,0.282635182233));
#3659 = DIRECTION('',(0.986841372087,-1.129181146488E-17,-0.161691392282
    ));
#3660 = DIRECTION('',(0.161691392282,-1.85013394127E-18,0.986841372087)
  );
#3661 = ADVANCED_FACE('',(#3662),#3673,.F.);
#3662 = FACE_BOUND('',#3663,.F.);
#3663 = EDGE_LOOP('',(#3664,#3670,#3671,#3672));
#3664 = ORIENTED_EDGE('',*,*,#3665,.T.);
#3665 = EDGE_CURVE('',#1828,#1937,#3666,.T.);
#3666 = LINE('',#3667,#3668);
#3667 = CARTESIAN_POINT('',(-2.724938966801,-0.84,0.2));
#3668 = VECTOR('',#3669,1.);
#3669 = DIRECTION('',(1.144237745222E-17,1.,0.));
#3670 = ORIENTED_EDGE('',*,*,#1944,.T.);
#3671 = ORIENTED_EDGE('',*,*,#3648,.F.);
#3672 = ORIENTED_EDGE('',*,*,#1835,.F.);
#3673 = CYLINDRICAL_SURFACE('',#3674,0.1);
#3674 = AXIS2_PLACEMENT_3D('',#3675,#3676,#3677);
#3675 = CARTESIAN_POINT('',(-2.724938966801,-0.84,0.3));
#3676 = DIRECTION('',(-1.144237745222E-17,-1.,0.));
#3677 = DIRECTION('',(-0.,0.,-1.));
#3678 = ADVANCED_FACE('',(#3679),#3690,.F.);
#3679 = FACE_BOUND('',#3680,.F.);
#3680 = EDGE_LOOP('',(#3681,#3687,#3688,#3689));
#3681 = ORIENTED_EDGE('',*,*,#3682,.T.);
#3682 = EDGE_CURVE('',#1820,#1929,#3683,.T.);
#3683 = LINE('',#3684,#3685);
#3684 = CARTESIAN_POINT('',(-3.,-0.84,0.2));
#3685 = VECTOR('',#3686,1.);
#3686 = DIRECTION('',(1.144237745222E-17,1.,0.));
#3687 = ORIENTED_EDGE('',*,*,#1936,.T.);
#3688 = ORIENTED_EDGE('',*,*,#3665,.F.);
#3689 = ORIENTED_EDGE('',*,*,#1827,.F.);
#3690 = PLANE('',#3691);
#3691 = AXIS2_PLACEMENT_3D('',#3692,#3693,#3694);
#3692 = CARTESIAN_POINT('',(-3.,-0.84,0.2));
#3693 = DIRECTION('',(0.,0.,-1.));
#3694 = DIRECTION('',(1.,-1.144237745222E-17,0.));
#3695 = ADVANCED_FACE('',(#3696),#3707,.F.);
#3696 = FACE_BOUND('',#3697,.F.);
#3697 = EDGE_LOOP('',(#3698,#3704,#3705,#3706));
#3698 = ORIENTED_EDGE('',*,*,#3699,.T.);
#3699 = EDGE_CURVE('',#1812,#1921,#3700,.T.);
#3700 = LINE('',#3701,#3702);
#3701 = CARTESIAN_POINT('',(-3.,-0.84,-1.665334536938E-16));
#3702 = VECTOR('',#3703,1.);
#3703 = DIRECTION('',(1.144237745222E-17,1.,0.));
#3704 = ORIENTED_EDGE('',*,*,#1928,.T.);
#3705 = ORIENTED_EDGE('',*,*,#3682,.F.);
#3706 = ORIENTED_EDGE('',*,*,#1819,.F.);
#3707 = PLANE('',#3708);
#3708 = AXIS2_PLACEMENT_3D('',#3709,#3710,#3711);
#3709 = CARTESIAN_POINT('',(-3.,-0.84,-1.665334536938E-16));
#3710 = DIRECTION('',(1.,-1.144237745222E-17,0.));
#3711 = DIRECTION('',(0.,0.,1.));
#3712 = ADVANCED_FACE('',(#3713),#3724,.F.);
#3713 = FACE_BOUND('',#3714,.F.);
#3714 = EDGE_LOOP('',(#3715,#3721,#3722,#3723));
#3715 = ORIENTED_EDGE('',*,*,#3716,.T.);
#3716 = EDGE_CURVE('',#1803,#1912,#3717,.T.);
#3717 = LINE('',#3718,#3719);
#3718 = CARTESIAN_POINT('',(-2.724938966801,-0.84,-1.665334536938E-16));
#3719 = VECTOR('',#3720,1.);
#3720 = DIRECTION('',(1.144237745222E-17,1.,0.));
#3721 = ORIENTED_EDGE('',*,*,#1920,.T.);
#3722 = ORIENTED_EDGE('',*,*,#3699,.F.);
#3723 = ORIENTED_EDGE('',*,*,#1811,.F.);
#3724 = PLANE('',#3725);
#3725 = AXIS2_PLACEMENT_3D('',#3726,#3727,#3728);
#3726 = CARTESIAN_POINT('',(-2.724938966801,-0.84,-1.665334536938E-16));
#3727 = DIRECTION('',(0.,0.,1.));
#3728 = DIRECTION('',(-1.,1.144237745222E-17,0.));
#3729 = ADVANCED_FACE('',(#3730),#3741,.T.);
#3730 = FACE_BOUND('',#3731,.T.);
#3731 = EDGE_LOOP('',(#3732,#3733,#3734,#3735));
#3732 = ORIENTED_EDGE('',*,*,#1802,.T.);
#3733 = ORIENTED_EDGE('',*,*,#3716,.T.);
#3734 = ORIENTED_EDGE('',*,*,#1911,.F.);
#3735 = ORIENTED_EDGE('',*,*,#3736,.F.);
#3736 = EDGE_CURVE('',#1795,#1904,#3737,.T.);
#3737 = LINE('',#3738,#3739);
#3738 = CARTESIAN_POINT('',(-2.429496640897,-0.84,0.2479055467));
#3739 = VECTOR('',#3740,1.);
#3740 = DIRECTION('',(1.144237745222E-17,1.,0.));
#3741 = CYLINDRICAL_SURFACE('',#3742,0.3);
#3742 = AXIS2_PLACEMENT_3D('',#3743,#3744,#3745);
#3743 = CARTESIAN_POINT('',(-2.724938966801,-0.84,0.3));
#3744 = DIRECTION('',(-1.144237745222E-17,-1.,0.));
#3745 = DIRECTION('',(0.984807753012,-1.126854202784E-17,-0.173648177667
    ));
#3746 = ADVANCED_FACE('',(#3747),#3753,.F.);
#3747 = FACE_BOUND('',#3748,.F.);
#3748 = EDGE_LOOP('',(#3749,#3750,#3751,#3752));
#3749 = ORIENTED_EDGE('',*,*,#1885,.T.);
#3750 = ORIENTED_EDGE('',*,*,#1903,.T.);
#3751 = ORIENTED_EDGE('',*,*,#3736,.F.);
#3752 = ORIENTED_EDGE('',*,*,#1794,.F.);
#3753 = PLANE('',#3754);
#3754 = AXIS2_PLACEMENT_3D('',#3755,#3756,#3757);
#3755 = CARTESIAN_POINT('',(-2.348480775301,-0.84,0.742364817767));
#3756 = DIRECTION('',(-0.986841372087,1.129181146488E-17,0.161691392282)
  );
#3757 = DIRECTION('',(-0.161691392282,1.85013394127E-18,-0.986841372087)
  );
#3758 = ADVANCED_FACE('',(#3759),#3770,.T.);
#3759 = FACE_BOUND('',#3760,.T.);
#3760 = EDGE_LOOP('',(#3761,#3762,#3763,#3764));
#3761 = ORIENTED_EDGE('',*,*,#2075,.T.);
#3762 = ORIENTED_EDGE('',*,*,#3318,.T.);
#3763 = ORIENTED_EDGE('',*,*,#2184,.F.);
#3764 = ORIENTED_EDGE('',*,*,#3765,.F.);
#3765 = EDGE_CURVE('',#2068,#2177,#3766,.T.);
#3766 = LINE('',#3767,#3768);
#3767 = CARTESIAN_POINT('',(-2.545442325904,0.43,0.7770944533));
#3768 = VECTOR('',#3769,1.);
#3769 = DIRECTION('',(1.144237745222E-17,1.,0.));
#3770 = CYLINDRICAL_SURFACE('',#3771,0.3);
#3771 = AXIS2_PLACEMENT_3D('',#3772,#3773,#3774);
#3772 = CARTESIAN_POINT('',(-2.25,0.43,0.725));
#3773 = DIRECTION('',(-1.144237745222E-17,-1.,0.));
#3774 = DIRECTION('',(-0.984807753012,1.126854202784E-17,0.173648177667)
  );
#3775 = ADVANCED_FACE('',(#3776),#3787,.F.);
#3776 = FACE_BOUND('',#3777,.F.);
#3777 = EDGE_LOOP('',(#3778,#3784,#3785,#3786));
#3778 = ORIENTED_EDGE('',*,*,#3779,.T.);
#3779 = EDGE_CURVE('',#2059,#2168,#3780,.T.);
#3780 = LINE('',#3781,#3782);
#3781 = CARTESIAN_POINT('',(-2.6264581915,0.43,0.282635182233));
#3782 = VECTOR('',#3783,1.);
#3783 = DIRECTION('',(1.144237745222E-17,1.,0.));
#3784 = ORIENTED_EDGE('',*,*,#2176,.T.);
#3785 = ORIENTED_EDGE('',*,*,#3765,.F.);
#3786 = ORIENTED_EDGE('',*,*,#2067,.F.);
#3787 = PLANE('',#3788);
#3788 = AXIS2_PLACEMENT_3D('',#3789,#3790,#3791);
#3789 = CARTESIAN_POINT('',(-2.6264581915,0.43,0.282635182233));
#3790 = DIRECTION('',(0.986841372087,-1.129181146488E-17,-0.161691392282
    ));
#3791 = DIRECTION('',(0.161691392282,-1.85013394127E-18,0.986841372087)
  );
#3792 = ADVANCED_FACE('',(#3793),#3804,.F.);
#3793 = FACE_BOUND('',#3794,.F.);
#3794 = EDGE_LOOP('',(#3795,#3801,#3802,#3803));
#3795 = ORIENTED_EDGE('',*,*,#3796,.T.);
#3796 = EDGE_CURVE('',#2051,#2160,#3797,.T.);
#3797 = LINE('',#3798,#3799);
#3798 = CARTESIAN_POINT('',(-2.724938966801,0.43,0.2));
#3799 = VECTOR('',#3800,1.);
#3800 = DIRECTION('',(1.144237745222E-17,1.,0.));
#3801 = ORIENTED_EDGE('',*,*,#2167,.T.);
#3802 = ORIENTED_EDGE('',*,*,#3779,.F.);
#3803 = ORIENTED_EDGE('',*,*,#2058,.F.);
#3804 = CYLINDRICAL_SURFACE('',#3805,0.1);
#3805 = AXIS2_PLACEMENT_3D('',#3806,#3807,#3808);
#3806 = CARTESIAN_POINT('',(-2.724938966801,0.43,0.3));
#3807 = DIRECTION('',(-1.144237745222E-17,-1.,0.));
#3808 = DIRECTION('',(-0.,0.,-1.));
#3809 = ADVANCED_FACE('',(#3810),#3821,.F.);
#3810 = FACE_BOUND('',#3811,.F.);
#3811 = EDGE_LOOP('',(#3812,#3818,#3819,#3820));
#3812 = ORIENTED_EDGE('',*,*,#3813,.T.);
#3813 = EDGE_CURVE('',#2043,#2152,#3814,.T.);
#3814 = LINE('',#3815,#3816);
#3815 = CARTESIAN_POINT('',(-3.,0.43,0.2));
#3816 = VECTOR('',#3817,1.);
#3817 = DIRECTION('',(1.144237745222E-17,1.,0.));
#3818 = ORIENTED_EDGE('',*,*,#2159,.T.);
#3819 = ORIENTED_EDGE('',*,*,#3796,.F.);
#3820 = ORIENTED_EDGE('',*,*,#2050,.F.);
#3821 = PLANE('',#3822);
#3822 = AXIS2_PLACEMENT_3D('',#3823,#3824,#3825);
#3823 = CARTESIAN_POINT('',(-3.,0.43,0.2));
#3824 = DIRECTION('',(0.,0.,-1.));
#3825 = DIRECTION('',(1.,-1.144237745222E-17,0.));
#3826 = ADVANCED_FACE('',(#3827),#3838,.F.);
#3827 = FACE_BOUND('',#3828,.F.);
#3828 = EDGE_LOOP('',(#3829,#3835,#3836,#3837));
#3829 = ORIENTED_EDGE('',*,*,#3830,.T.);
#3830 = EDGE_CURVE('',#2035,#2144,#3831,.T.);
#3831 = LINE('',#3832,#3833);
#3832 = CARTESIAN_POINT('',(-3.,0.43,-1.665334536938E-16));
#3833 = VECTOR('',#3834,1.);
#3834 = DIRECTION('',(1.144237745222E-17,1.,0.));
#3835 = ORIENTED_EDGE('',*,*,#2151,.T.);
#3836 = ORIENTED_EDGE('',*,*,#3813,.F.);
#3837 = ORIENTED_EDGE('',*,*,#2042,.F.);
#3838 = PLANE('',#3839);
#3839 = AXIS2_PLACEMENT_3D('',#3840,#3841,#3842);
#3840 = CARTESIAN_POINT('',(-3.,0.43,-1.665334536938E-16));
#3841 = DIRECTION('',(1.,-1.144237745222E-17,0.));
#3842 = DIRECTION('',(0.,0.,1.));
#3843 = ADVANCED_FACE('',(#3844),#3855,.F.);
#3844 = FACE_BOUND('',#3845,.F.);
#3845 = EDGE_LOOP('',(#3846,#3852,#3853,#3854));
#3846 = ORIENTED_EDGE('',*,*,#3847,.T.);
#3847 = EDGE_CURVE('',#2026,#2135,#3848,.T.);
#3848 = LINE('',#3849,#3850);
#3849 = CARTESIAN_POINT('',(-2.724938966801,0.43,-1.665334536938E-16));
#3850 = VECTOR('',#3851,1.);
#3851 = DIRECTION('',(1.144237745222E-17,1.,0.));
#3852 = ORIENTED_EDGE('',*,*,#2143,.T.);
#3853 = ORIENTED_EDGE('',*,*,#3830,.F.);
#3854 = ORIENTED_EDGE('',*,*,#2034,.F.);
#3855 = PLANE('',#3856);
#3856 = AXIS2_PLACEMENT_3D('',#3857,#3858,#3859);
#3857 = CARTESIAN_POINT('',(-2.724938966801,0.43,-1.665334536938E-16));
#3858 = DIRECTION('',(0.,0.,1.));
#3859 = DIRECTION('',(-1.,1.144237745222E-17,0.));
#3860 = ADVANCED_FACE('',(#3861),#3872,.T.);
#3861 = FACE_BOUND('',#3862,.T.);
#3862 = EDGE_LOOP('',(#3863,#3864,#3865,#3866));
#3863 = ORIENTED_EDGE('',*,*,#2025,.T.);
#3864 = ORIENTED_EDGE('',*,*,#3847,.T.);
#3865 = ORIENTED_EDGE('',*,*,#2134,.F.);
#3866 = ORIENTED_EDGE('',*,*,#3867,.F.);
#3867 = EDGE_CURVE('',#2018,#2127,#3868,.T.);
#3868 = LINE('',#3869,#3870);
#3869 = CARTESIAN_POINT('',(-2.429496640897,0.43,0.2479055467));
#3870 = VECTOR('',#3871,1.);
#3871 = DIRECTION('',(1.144237745222E-17,1.,0.));
#3872 = CYLINDRICAL_SURFACE('',#3873,0.3);
#3873 = AXIS2_PLACEMENT_3D('',#3874,#3875,#3876);
#3874 = CARTESIAN_POINT('',(-2.724938966801,0.43,0.3));
#3875 = DIRECTION('',(-1.144237745222E-17,-1.,0.));
#3876 = DIRECTION('',(0.984807753012,-1.126854202784E-17,-0.173648177667
    ));
#3877 = ADVANCED_FACE('',(#3878),#3884,.F.);
#3878 = FACE_BOUND('',#3879,.F.);
#3879 = EDGE_LOOP('',(#3880,#3881,#3882,#3883));
#3880 = ORIENTED_EDGE('',*,*,#2108,.T.);
#3881 = ORIENTED_EDGE('',*,*,#2126,.T.);
#3882 = ORIENTED_EDGE('',*,*,#3867,.F.);
#3883 = ORIENTED_EDGE('',*,*,#2017,.F.);
#3884 = PLANE('',#3885);
#3885 = AXIS2_PLACEMENT_3D('',#3886,#3887,#3888);
#3886 = CARTESIAN_POINT('',(-2.348480775301,0.43,0.742364817767));
#3887 = DIRECTION('',(-0.986841372087,1.129181146488E-17,0.161691392282)
  );
#3888 = DIRECTION('',(-0.161691392282,1.85013394127E-18,-0.986841372087)
  );
#3889 = ADVANCED_FACE('',(#3890),#3901,.F.);
#3890 = FACE_BOUND('',#3891,.F.);
#3891 = EDGE_LOOP('',(#3892,#3898,#3899,#3900));
#3892 = ORIENTED_EDGE('',*,*,#3893,.T.);
#3893 = EDGE_CURVE('',#2277,#2379,#3894,.T.);
#3894 = LINE('',#3895,#3896);
#3895 = CARTESIAN_POINT('',(-2.6264581915,1.7,0.282635182233));
#3896 = VECTOR('',#3897,1.);
#3897 = DIRECTION('',(1.144237745222E-17,1.,0.));
#3898 = ORIENTED_EDGE('',*,*,#2387,.T.);
#3899 = ORIENTED_EDGE('',*,*,#3265,.F.);
#3900 = ORIENTED_EDGE('',*,*,#2285,.F.);
#3901 = PLANE('',#3902);
#3902 = AXIS2_PLACEMENT_3D('',#3903,#3904,#3905);
#3903 = CARTESIAN_POINT('',(-2.6264581915,1.7,0.282635182233));
#3904 = DIRECTION('',(0.986841372087,-1.129181146488E-17,-0.161691392282
    ));
#3905 = DIRECTION('',(0.161691392282,-1.85013394127E-18,0.986841372087)
  );
#3906 = ADVANCED_FACE('',(#3907),#3918,.F.);
#3907 = FACE_BOUND('',#3908,.F.);
#3908 = EDGE_LOOP('',(#3909,#3915,#3916,#3917));
#3909 = ORIENTED_EDGE('',*,*,#3910,.T.);
#3910 = EDGE_CURVE('',#2269,#2371,#3911,.T.);
#3911 = LINE('',#3912,#3913);
#3912 = CARTESIAN_POINT('',(-2.724938966801,1.7,0.2));
#3913 = VECTOR('',#3914,1.);
#3914 = DIRECTION('',(1.144237745222E-17,1.,0.));
#3915 = ORIENTED_EDGE('',*,*,#2378,.T.);
#3916 = ORIENTED_EDGE('',*,*,#3893,.F.);
#3917 = ORIENTED_EDGE('',*,*,#2276,.F.);
#3918 = CYLINDRICAL_SURFACE('',#3919,0.1);
#3919 = AXIS2_PLACEMENT_3D('',#3920,#3921,#3922);
#3920 = CARTESIAN_POINT('',(-2.724938966801,1.7,0.3));
#3921 = DIRECTION('',(-1.144237745222E-17,-1.,0.));
#3922 = DIRECTION('',(-0.,0.,-1.));
#3923 = ADVANCED_FACE('',(#3924),#3935,.F.);
#3924 = FACE_BOUND('',#3925,.F.);
#3925 = EDGE_LOOP('',(#3926,#3932,#3933,#3934));
#3926 = ORIENTED_EDGE('',*,*,#3927,.T.);
#3927 = EDGE_CURVE('',#2261,#2363,#3928,.T.);
#3928 = LINE('',#3929,#3930);
#3929 = CARTESIAN_POINT('',(-3.,1.7,0.2));
#3930 = VECTOR('',#3931,1.);
#3931 = DIRECTION('',(1.144237745222E-17,1.,0.));
#3932 = ORIENTED_EDGE('',*,*,#2370,.T.);
#3933 = ORIENTED_EDGE('',*,*,#3910,.F.);
#3934 = ORIENTED_EDGE('',*,*,#2268,.F.);
#3935 = PLANE('',#3936);
#3936 = AXIS2_PLACEMENT_3D('',#3937,#3938,#3939);
#3937 = CARTESIAN_POINT('',(-3.,1.7,0.2));
#3938 = DIRECTION('',(0.,0.,-1.));
#3939 = DIRECTION('',(1.,-1.144237745222E-17,0.));
#3940 = ADVANCED_FACE('',(#3941),#3952,.F.);
#3941 = FACE_BOUND('',#3942,.F.);
#3942 = EDGE_LOOP('',(#3943,#3949,#3950,#3951));
#3943 = ORIENTED_EDGE('',*,*,#3944,.T.);
#3944 = EDGE_CURVE('',#2253,#2355,#3945,.T.);
#3945 = LINE('',#3946,#3947);
#3946 = CARTESIAN_POINT('',(-3.,1.7,-1.665334536938E-16));
#3947 = VECTOR('',#3948,1.);
#3948 = DIRECTION('',(1.144237745222E-17,1.,0.));
#3949 = ORIENTED_EDGE('',*,*,#2362,.T.);
#3950 = ORIENTED_EDGE('',*,*,#3927,.F.);
#3951 = ORIENTED_EDGE('',*,*,#2260,.F.);
#3952 = PLANE('',#3953);
#3953 = AXIS2_PLACEMENT_3D('',#3954,#3955,#3956);
#3954 = CARTESIAN_POINT('',(-3.,1.7,-1.665334536938E-16));
#3955 = DIRECTION('',(1.,-1.144237745222E-17,0.));
#3956 = DIRECTION('',(0.,0.,1.));
#3957 = ADVANCED_FACE('',(#3958),#3969,.F.);
#3958 = FACE_BOUND('',#3959,.F.);
#3959 = EDGE_LOOP('',(#3960,#3966,#3967,#3968));
#3960 = ORIENTED_EDGE('',*,*,#3961,.T.);
#3961 = EDGE_CURVE('',#2244,#2346,#3962,.T.);
#3962 = LINE('',#3963,#3964);
#3963 = CARTESIAN_POINT('',(-2.724938966801,1.7,-1.665334536938E-16));
#3964 = VECTOR('',#3965,1.);
#3965 = DIRECTION('',(1.144237745222E-17,1.,0.));
#3966 = ORIENTED_EDGE('',*,*,#2354,.T.);
#3967 = ORIENTED_EDGE('',*,*,#3944,.F.);
#3968 = ORIENTED_EDGE('',*,*,#2252,.F.);
#3969 = PLANE('',#3970);
#3970 = AXIS2_PLACEMENT_3D('',#3971,#3972,#3973);
#3971 = CARTESIAN_POINT('',(-2.724938966801,1.7,-1.665334536938E-16));
#3972 = DIRECTION('',(0.,0.,1.));
#3973 = DIRECTION('',(-1.,1.144237745222E-17,0.));
#3974 = ADVANCED_FACE('',(#3975),#3986,.T.);
#3975 = FACE_BOUND('',#3976,.T.);
#3976 = EDGE_LOOP('',(#3977,#3978,#3979,#3980));
#3977 = ORIENTED_EDGE('',*,*,#2243,.T.);
#3978 = ORIENTED_EDGE('',*,*,#3961,.T.);
#3979 = ORIENTED_EDGE('',*,*,#2345,.F.);
#3980 = ORIENTED_EDGE('',*,*,#3981,.F.);
#3981 = EDGE_CURVE('',#2236,#2338,#3982,.T.);
#3982 = LINE('',#3983,#3984);
#3983 = CARTESIAN_POINT('',(-2.429496640897,1.7,0.2479055467));
#3984 = VECTOR('',#3985,1.);
#3985 = DIRECTION('',(1.144237745222E-17,1.,0.));
#3986 = CYLINDRICAL_SURFACE('',#3987,0.3);
#3987 = AXIS2_PLACEMENT_3D('',#3988,#3989,#3990);
#3988 = CARTESIAN_POINT('',(-2.724938966801,1.7,0.3));
#3989 = DIRECTION('',(-1.144237745222E-17,-1.,0.));
#3990 = DIRECTION('',(0.984807753012,-1.126854202784E-17,-0.173648177667
    ));
#3991 = ADVANCED_FACE('',(#3992),#3998,.F.);
#3992 = FACE_BOUND('',#3993,.F.);
#3993 = EDGE_LOOP('',(#3994,#3995,#3996,#3997));
#3994 = ORIENTED_EDGE('',*,*,#2319,.T.);
#3995 = ORIENTED_EDGE('',*,*,#2337,.T.);
#3996 = ORIENTED_EDGE('',*,*,#3981,.F.);
#3997 = ORIENTED_EDGE('',*,*,#2235,.F.);
#3998 = PLANE('',#3999);
#3999 = AXIS2_PLACEMENT_3D('',#4000,#4001,#4002);
#4000 = CARTESIAN_POINT('',(-2.348480775301,1.7,0.742364817767));
#4001 = DIRECTION('',(-0.986841372087,1.129181146488E-17,0.161691392282)
  );
#4002 = DIRECTION('',(-0.161691392282,1.85013394127E-18,-0.986841372087)
  );
#4003 = ADVANCED_FACE('',(#4004),#4015,.F.);
#4004 = FACE_BOUND('',#4005,.F.);
#4005 = EDGE_LOOP('',(#4006,#4012,#4013,#4014));
#4006 = ORIENTED_EDGE('',*,*,#4007,.T.);
#4007 = EDGE_CURVE('',#2464,#2566,#4008,.T.);
#4008 = LINE('',#4009,#4010);
#4009 = CARTESIAN_POINT('',(2.6264581915,2.11,0.282635182233));
#4010 = VECTOR('',#4011,1.);
#4011 = DIRECTION('',(1.110223024625E-16,-1.,0.));
#4012 = ORIENTED_EDGE('',*,*,#2574,.T.);
#4013 = ORIENTED_EDGE('',*,*,#3474,.F.);
#4014 = ORIENTED_EDGE('',*,*,#2472,.F.);
#4015 = PLANE('',#4016);
#4016 = AXIS2_PLACEMENT_3D('',#4017,#4018,#4019);
#4017 = CARTESIAN_POINT('',(2.6264581915,2.11,0.282635182233));
#4018 = DIRECTION('',(-0.986841372087,-1.095614012943E-16,
    -0.161691392282));
#4019 = DIRECTION('',(-0.161691392282,-1.795135065956E-17,0.986841372087
    ));
#4020 = ADVANCED_FACE('',(#4021),#4032,.F.);
#4021 = FACE_BOUND('',#4022,.F.);
#4022 = EDGE_LOOP('',(#4023,#4029,#4030,#4031));
#4023 = ORIENTED_EDGE('',*,*,#4024,.T.);
#4024 = EDGE_CURVE('',#2456,#2558,#4025,.T.);
#4025 = LINE('',#4026,#4027);
#4026 = CARTESIAN_POINT('',(2.724938966801,2.11,0.2));
#4027 = VECTOR('',#4028,1.);
#4028 = DIRECTION('',(1.110223024625E-16,-1.,0.));
#4029 = ORIENTED_EDGE('',*,*,#2565,.T.);
#4030 = ORIENTED_EDGE('',*,*,#4007,.F.);
#4031 = ORIENTED_EDGE('',*,*,#2463,.F.);
#4032 = CYLINDRICAL_SURFACE('',#4033,0.1);
#4033 = AXIS2_PLACEMENT_3D('',#4034,#4035,#4036);
#4034 = CARTESIAN_POINT('',(2.724938966801,2.11,0.3));
#4035 = DIRECTION('',(-1.110223024625E-16,1.,0.));
#4036 = DIRECTION('',(0.,0.,-1.));
#4037 = ADVANCED_FACE('',(#4038),#4049,.F.);
#4038 = FACE_BOUND('',#4039,.F.);
#4039 = EDGE_LOOP('',(#4040,#4046,#4047,#4048));
#4040 = ORIENTED_EDGE('',*,*,#4041,.T.);
#4041 = EDGE_CURVE('',#2448,#2550,#4042,.T.);
#4042 = LINE('',#4043,#4044);
#4043 = CARTESIAN_POINT('',(3.,2.11,0.2));
#4044 = VECTOR('',#4045,1.);
#4045 = DIRECTION('',(1.110223024625E-16,-1.,0.));
#4046 = ORIENTED_EDGE('',*,*,#2557,.T.);
#4047 = ORIENTED_EDGE('',*,*,#4024,.F.);
#4048 = ORIENTED_EDGE('',*,*,#2455,.F.);
#4049 = PLANE('',#4050);
#4050 = AXIS2_PLACEMENT_3D('',#4051,#4052,#4053);
#4051 = CARTESIAN_POINT('',(3.,2.11,0.2));
#4052 = DIRECTION('',(0.,0.,-1.));
#4053 = DIRECTION('',(-1.,-1.110223024625E-16,-0.));
#4054 = ADVANCED_FACE('',(#4055),#4066,.F.);
#4055 = FACE_BOUND('',#4056,.F.);
#4056 = EDGE_LOOP('',(#4057,#4063,#4064,#4065));
#4057 = ORIENTED_EDGE('',*,*,#4058,.T.);
#4058 = EDGE_CURVE('',#2440,#2542,#4059,.T.);
#4059 = LINE('',#4060,#4061);
#4060 = CARTESIAN_POINT('',(3.,2.11,-1.665334536938E-16));
#4061 = VECTOR('',#4062,1.);
#4062 = DIRECTION('',(1.110223024625E-16,-1.,0.));
#4063 = ORIENTED_EDGE('',*,*,#2549,.T.);
#4064 = ORIENTED_EDGE('',*,*,#4041,.F.);
#4065 = ORIENTED_EDGE('',*,*,#2447,.F.);
#4066 = PLANE('',#4067);
#4067 = AXIS2_PLACEMENT_3D('',#4068,#4069,#4070);
#4068 = CARTESIAN_POINT('',(3.,2.11,-1.665334536938E-16));
#4069 = DIRECTION('',(-1.,-1.110223024625E-16,0.));
#4070 = DIRECTION('',(0.,0.,1.));
#4071 = ADVANCED_FACE('',(#4072),#4083,.F.);
#4072 = FACE_BOUND('',#4073,.F.);
#4073 = EDGE_LOOP('',(#4074,#4080,#4081,#4082));
#4074 = ORIENTED_EDGE('',*,*,#4075,.T.);
#4075 = EDGE_CURVE('',#2431,#2533,#4076,.T.);
#4076 = LINE('',#4077,#4078);
#4077 = CARTESIAN_POINT('',(2.724938966801,2.11,-1.665334536938E-16));
#4078 = VECTOR('',#4079,1.);
#4079 = DIRECTION('',(1.110223024625E-16,-1.,0.));
#4080 = ORIENTED_EDGE('',*,*,#2541,.T.);
#4081 = ORIENTED_EDGE('',*,*,#4058,.F.);
#4082 = ORIENTED_EDGE('',*,*,#2439,.F.);
#4083 = PLANE('',#4084);
#4084 = AXIS2_PLACEMENT_3D('',#4085,#4086,#4087);
#4085 = CARTESIAN_POINT('',(2.724938966801,2.11,-1.665334536938E-16));
#4086 = DIRECTION('',(0.,0.,1.));
#4087 = DIRECTION('',(1.,1.110223024625E-16,-0.));
#4088 = ADVANCED_FACE('',(#4089),#4100,.T.);
#4089 = FACE_BOUND('',#4090,.T.);
#4090 = EDGE_LOOP('',(#4091,#4092,#4093,#4094));
#4091 = ORIENTED_EDGE('',*,*,#2430,.T.);
#4092 = ORIENTED_EDGE('',*,*,#4075,.T.);
#4093 = ORIENTED_EDGE('',*,*,#2532,.F.);
#4094 = ORIENTED_EDGE('',*,*,#4095,.F.);
#4095 = EDGE_CURVE('',#2423,#2525,#4096,.T.);
#4096 = LINE('',#4097,#4098);
#4097 = CARTESIAN_POINT('',(2.429496640897,2.11,0.2479055467));
#4098 = VECTOR('',#4099,1.);
#4099 = DIRECTION('',(1.110223024625E-16,-1.,0.));
#4100 = CYLINDRICAL_SURFACE('',#4101,0.3);
#4101 = AXIS2_PLACEMENT_3D('',#4102,#4103,#4104);
#4102 = CARTESIAN_POINT('',(2.724938966801,2.11,0.3));
#4103 = DIRECTION('',(-1.110223024625E-16,1.,0.));
#4104 = DIRECTION('',(-0.984807753012,-1.093356242223E-16,
    -0.173648177667));
#4105 = ADVANCED_FACE('',(#4106),#4112,.F.);
#4106 = FACE_BOUND('',#4107,.F.);
#4107 = EDGE_LOOP('',(#4108,#4109,#4110,#4111));
#4108 = ORIENTED_EDGE('',*,*,#2506,.T.);
#4109 = ORIENTED_EDGE('',*,*,#2524,.T.);
#4110 = ORIENTED_EDGE('',*,*,#4095,.F.);
#4111 = ORIENTED_EDGE('',*,*,#2422,.F.);
#4112 = PLANE('',#4113);
#4113 = AXIS2_PLACEMENT_3D('',#4114,#4115,#4116);
#4114 = CARTESIAN_POINT('',(2.348480775301,2.11,0.742364817767));
#4115 = DIRECTION('',(0.986841372087,1.095614012943E-16,0.161691392282)
  );
#4116 = DIRECTION('',(0.161691392282,1.795135065956E-17,-0.986841372087)
  );
#4117 = ADVANCED_FACE('',(#4118),#4129,.T.);
#4118 = FACE_BOUND('',#4119,.T.);
#4119 = EDGE_LOOP('',(#4120,#4121,#4122,#4123));
#4120 = ORIENTED_EDGE('',*,*,#2684,.T.);
#4121 = ORIENTED_EDGE('',*,*,#3399,.T.);
#4122 = ORIENTED_EDGE('',*,*,#2793,.F.);
#4123 = ORIENTED_EDGE('',*,*,#4124,.F.);
#4124 = EDGE_CURVE('',#2677,#2786,#4125,.T.);
#4125 = LINE('',#4126,#4127);
#4126 = CARTESIAN_POINT('',(2.545442325904,0.84,0.7770944533));
#4127 = VECTOR('',#4128,1.);
#4128 = DIRECTION('',(1.110223024625E-16,-1.,0.));
#4129 = CYLINDRICAL_SURFACE('',#4130,0.3);
#4130 = AXIS2_PLACEMENT_3D('',#4131,#4132,#4133);
#4131 = CARTESIAN_POINT('',(2.25,0.84,0.725));
#4132 = DIRECTION('',(-1.110223024625E-16,1.,0.));
#4133 = DIRECTION('',(0.984807753012,1.093356242223E-16,0.173648177667)
  );
#4134 = ADVANCED_FACE('',(#4135),#4146,.F.);
#4135 = FACE_BOUND('',#4136,.F.);
#4136 = EDGE_LOOP('',(#4137,#4143,#4144,#4145));
#4137 = ORIENTED_EDGE('',*,*,#4138,.T.);
#4138 = EDGE_CURVE('',#2668,#2777,#4139,.T.);
#4139 = LINE('',#4140,#4141);
#4140 = CARTESIAN_POINT('',(2.6264581915,0.84,0.282635182233));
#4141 = VECTOR('',#4142,1.);
#4142 = DIRECTION('',(1.110223024625E-16,-1.,0.));
#4143 = ORIENTED_EDGE('',*,*,#2785,.T.);
#4144 = ORIENTED_EDGE('',*,*,#4124,.F.);
#4145 = ORIENTED_EDGE('',*,*,#2676,.F.);
#4146 = PLANE('',#4147);
#4147 = AXIS2_PLACEMENT_3D('',#4148,#4149,#4150);
#4148 = CARTESIAN_POINT('',(2.6264581915,0.84,0.282635182233));
#4149 = DIRECTION('',(-0.986841372087,-1.095614012943E-16,
    -0.161691392282));
#4150 = DIRECTION('',(-0.161691392282,-1.795135065956E-17,0.986841372087
    ));
#4151 = ADVANCED_FACE('',(#4152),#4163,.F.);
#4152 = FACE_BOUND('',#4153,.F.);
#4153 = EDGE_LOOP('',(#4154,#4160,#4161,#4162));
#4154 = ORIENTED_EDGE('',*,*,#4155,.T.);
#4155 = EDGE_CURVE('',#2660,#2769,#4156,.T.);
#4156 = LINE('',#4157,#4158);
#4157 = CARTESIAN_POINT('',(2.724938966801,0.84,0.2));
#4158 = VECTOR('',#4159,1.);
#4159 = DIRECTION('',(1.110223024625E-16,-1.,0.));
#4160 = ORIENTED_EDGE('',*,*,#2776,.T.);
#4161 = ORIENTED_EDGE('',*,*,#4138,.F.);
#4162 = ORIENTED_EDGE('',*,*,#2667,.F.);
#4163 = CYLINDRICAL_SURFACE('',#4164,0.1);
#4164 = AXIS2_PLACEMENT_3D('',#4165,#4166,#4167);
#4165 = CARTESIAN_POINT('',(2.724938966801,0.84,0.3));
#4166 = DIRECTION('',(-1.110223024625E-16,1.,0.));
#4167 = DIRECTION('',(0.,0.,-1.));
#4168 = ADVANCED_FACE('',(#4169),#4180,.F.);
#4169 = FACE_BOUND('',#4170,.F.);
#4170 = EDGE_LOOP('',(#4171,#4177,#4178,#4179));
#4171 = ORIENTED_EDGE('',*,*,#4172,.T.);
#4172 = EDGE_CURVE('',#2652,#2761,#4173,.T.);
#4173 = LINE('',#4174,#4175);
#4174 = CARTESIAN_POINT('',(3.,0.84,0.2));
#4175 = VECTOR('',#4176,1.);
#4176 = DIRECTION('',(1.110223024625E-16,-1.,0.));
#4177 = ORIENTED_EDGE('',*,*,#2768,.T.);
#4178 = ORIENTED_EDGE('',*,*,#4155,.F.);
#4179 = ORIENTED_EDGE('',*,*,#2659,.F.);
#4180 = PLANE('',#4181);
#4181 = AXIS2_PLACEMENT_3D('',#4182,#4183,#4184);
#4182 = CARTESIAN_POINT('',(3.,0.84,0.2));
#4183 = DIRECTION('',(0.,0.,-1.));
#4184 = DIRECTION('',(-1.,-1.110223024625E-16,-0.));
#4185 = ADVANCED_FACE('',(#4186),#4197,.F.);
#4186 = FACE_BOUND('',#4187,.F.);
#4187 = EDGE_LOOP('',(#4188,#4194,#4195,#4196));
#4188 = ORIENTED_EDGE('',*,*,#4189,.T.);
#4189 = EDGE_CURVE('',#2644,#2753,#4190,.T.);
#4190 = LINE('',#4191,#4192);
#4191 = CARTESIAN_POINT('',(3.,0.84,-1.665334536938E-16));
#4192 = VECTOR('',#4193,1.);
#4193 = DIRECTION('',(1.110223024625E-16,-1.,0.));
#4194 = ORIENTED_EDGE('',*,*,#2760,.T.);
#4195 = ORIENTED_EDGE('',*,*,#4172,.F.);
#4196 = ORIENTED_EDGE('',*,*,#2651,.F.);
#4197 = PLANE('',#4198);
#4198 = AXIS2_PLACEMENT_3D('',#4199,#4200,#4201);
#4199 = CARTESIAN_POINT('',(3.,0.84,-1.665334536938E-16));
#4200 = DIRECTION('',(-1.,-1.110223024625E-16,0.));
#4201 = DIRECTION('',(0.,0.,1.));
#4202 = ADVANCED_FACE('',(#4203),#4214,.F.);
#4203 = FACE_BOUND('',#4204,.F.);
#4204 = EDGE_LOOP('',(#4205,#4211,#4212,#4213));
#4205 = ORIENTED_EDGE('',*,*,#4206,.T.);
#4206 = EDGE_CURVE('',#2635,#2744,#4207,.T.);
#4207 = LINE('',#4208,#4209);
#4208 = CARTESIAN_POINT('',(2.724938966801,0.84,-1.665334536938E-16));
#4209 = VECTOR('',#4210,1.);
#4210 = DIRECTION('',(1.110223024625E-16,-1.,0.));
#4211 = ORIENTED_EDGE('',*,*,#2752,.T.);
#4212 = ORIENTED_EDGE('',*,*,#4189,.F.);
#4213 = ORIENTED_EDGE('',*,*,#2643,.F.);
#4214 = PLANE('',#4215);
#4215 = AXIS2_PLACEMENT_3D('',#4216,#4217,#4218);
#4216 = CARTESIAN_POINT('',(2.724938966801,0.84,-1.665334536938E-16));
#4217 = DIRECTION('',(0.,0.,1.));
#4218 = DIRECTION('',(1.,1.110223024625E-16,-0.));
#4219 = ADVANCED_FACE('',(#4220),#4231,.T.);
#4220 = FACE_BOUND('',#4221,.T.);
#4221 = EDGE_LOOP('',(#4222,#4223,#4224,#4225));
#4222 = ORIENTED_EDGE('',*,*,#2634,.T.);
#4223 = ORIENTED_EDGE('',*,*,#4206,.T.);
#4224 = ORIENTED_EDGE('',*,*,#2743,.F.);
#4225 = ORIENTED_EDGE('',*,*,#4226,.F.);
#4226 = EDGE_CURVE('',#2627,#2736,#4227,.T.);
#4227 = LINE('',#4228,#4229);
#4228 = CARTESIAN_POINT('',(2.429496640897,0.84,0.2479055467));
#4229 = VECTOR('',#4230,1.);
#4230 = DIRECTION('',(1.110223024625E-16,-1.,0.));
#4231 = CYLINDRICAL_SURFACE('',#4232,0.3);
#4232 = AXIS2_PLACEMENT_3D('',#4233,#4234,#4235);
#4233 = CARTESIAN_POINT('',(2.724938966801,0.84,0.3));
#4234 = DIRECTION('',(-1.110223024625E-16,1.,0.));
#4235 = DIRECTION('',(-0.984807753012,-1.093356242223E-16,
    -0.173648177667));
#4236 = ADVANCED_FACE('',(#4237),#4243,.F.);
#4237 = FACE_BOUND('',#4238,.F.);
#4238 = EDGE_LOOP('',(#4239,#4240,#4241,#4242));
#4239 = ORIENTED_EDGE('',*,*,#2717,.T.);
#4240 = ORIENTED_EDGE('',*,*,#2735,.T.);
#4241 = ORIENTED_EDGE('',*,*,#4226,.F.);
#4242 = ORIENTED_EDGE('',*,*,#2626,.F.);
#4243 = PLANE('',#4244);
#4244 = AXIS2_PLACEMENT_3D('',#4245,#4246,#4247);
#4245 = CARTESIAN_POINT('',(2.348480775301,0.84,0.742364817767));
#4246 = DIRECTION('',(0.986841372087,1.095614012943E-16,0.161691392282)
  );
#4247 = DIRECTION('',(0.161691392282,1.795135065956E-17,-0.986841372087)
  );
#4248 = ADVANCED_FACE('',(#4249),#4260,.T.);
#4249 = FACE_BOUND('',#4250,.T.);
#4250 = EDGE_LOOP('',(#4251,#4252,#4253,#4254));
#4251 = ORIENTED_EDGE('',*,*,#2907,.T.);
#4252 = ORIENTED_EDGE('',*,*,#3418,.T.);
#4253 = ORIENTED_EDGE('',*,*,#3016,.F.);
#4254 = ORIENTED_EDGE('',*,*,#4255,.F.);
#4255 = EDGE_CURVE('',#2900,#3009,#4256,.T.);
#4256 = LINE('',#4257,#4258);
#4257 = CARTESIAN_POINT('',(2.545442325904,-0.43,0.7770944533));
#4258 = VECTOR('',#4259,1.);
#4259 = DIRECTION('',(1.110223024625E-16,-1.,0.));
#4260 = CYLINDRICAL_SURFACE('',#4261,0.3);
#4261 = AXIS2_PLACEMENT_3D('',#4262,#4263,#4264);
#4262 = CARTESIAN_POINT('',(2.25,-0.43,0.725));
#4263 = DIRECTION('',(-1.110223024625E-16,1.,0.));
#4264 = DIRECTION('',(0.984807753012,1.093356242223E-16,0.173648177667)
  );
#4265 = ADVANCED_FACE('',(#4266),#4277,.F.);
#4266 = FACE_BOUND('',#4267,.F.);
#4267 = EDGE_LOOP('',(#4268,#4274,#4275,#4276));
#4268 = ORIENTED_EDGE('',*,*,#4269,.T.);
#4269 = EDGE_CURVE('',#2891,#3000,#4270,.T.);
#4270 = LINE('',#4271,#4272);
#4271 = CARTESIAN_POINT('',(2.6264581915,-0.43,0.282635182233));
#4272 = VECTOR('',#4273,1.);
#4273 = DIRECTION('',(1.110223024625E-16,-1.,0.));
#4274 = ORIENTED_EDGE('',*,*,#3008,.T.);
#4275 = ORIENTED_EDGE('',*,*,#4255,.F.);
#4276 = ORIENTED_EDGE('',*,*,#2899,.F.);
#4277 = PLANE('',#4278);
#4278 = AXIS2_PLACEMENT_3D('',#4279,#4280,#4281);
#4279 = CARTESIAN_POINT('',(2.6264581915,-0.43,0.282635182233));
#4280 = DIRECTION('',(-0.986841372087,-1.095614012943E-16,
    -0.161691392282));
#4281 = DIRECTION('',(-0.161691392282,-1.795135065956E-17,0.986841372087
    ));
#4282 = ADVANCED_FACE('',(#4283),#4294,.F.);
#4283 = FACE_BOUND('',#4284,.F.);
#4284 = EDGE_LOOP('',(#4285,#4291,#4292,#4293));
#4285 = ORIENTED_EDGE('',*,*,#4286,.T.);
#4286 = EDGE_CURVE('',#2883,#2992,#4287,.T.);
#4287 = LINE('',#4288,#4289);
#4288 = CARTESIAN_POINT('',(2.724938966801,-0.43,0.2));
#4289 = VECTOR('',#4290,1.);
#4290 = DIRECTION('',(1.110223024625E-16,-1.,0.));
#4291 = ORIENTED_EDGE('',*,*,#2999,.T.);
#4292 = ORIENTED_EDGE('',*,*,#4269,.F.);
#4293 = ORIENTED_EDGE('',*,*,#2890,.F.);
#4294 = CYLINDRICAL_SURFACE('',#4295,0.1);
#4295 = AXIS2_PLACEMENT_3D('',#4296,#4297,#4298);
#4296 = CARTESIAN_POINT('',(2.724938966801,-0.43,0.3));
#4297 = DIRECTION('',(-1.110223024625E-16,1.,0.));
#4298 = DIRECTION('',(0.,0.,-1.));
#4299 = ADVANCED_FACE('',(#4300),#4311,.F.);
#4300 = FACE_BOUND('',#4301,.F.);
#4301 = EDGE_LOOP('',(#4302,#4308,#4309,#4310));
#4302 = ORIENTED_EDGE('',*,*,#4303,.T.);
#4303 = EDGE_CURVE('',#2875,#2984,#4304,.T.);
#4304 = LINE('',#4305,#4306);
#4305 = CARTESIAN_POINT('',(3.,-0.43,0.2));
#4306 = VECTOR('',#4307,1.);
#4307 = DIRECTION('',(1.110223024625E-16,-1.,0.));
#4308 = ORIENTED_EDGE('',*,*,#2991,.T.);
#4309 = ORIENTED_EDGE('',*,*,#4286,.F.);
#4310 = ORIENTED_EDGE('',*,*,#2882,.F.);
#4311 = PLANE('',#4312);
#4312 = AXIS2_PLACEMENT_3D('',#4313,#4314,#4315);
#4313 = CARTESIAN_POINT('',(3.,-0.43,0.2));
#4314 = DIRECTION('',(0.,0.,-1.));
#4315 = DIRECTION('',(-1.,-1.110223024625E-16,-0.));
#4316 = ADVANCED_FACE('',(#4317),#4328,.F.);
#4317 = FACE_BOUND('',#4318,.F.);
#4318 = EDGE_LOOP('',(#4319,#4325,#4326,#4327));
#4319 = ORIENTED_EDGE('',*,*,#4320,.T.);
#4320 = EDGE_CURVE('',#2867,#2976,#4321,.T.);
#4321 = LINE('',#4322,#4323);
#4322 = CARTESIAN_POINT('',(3.,-0.43,-1.665334536938E-16));
#4323 = VECTOR('',#4324,1.);
#4324 = DIRECTION('',(1.110223024625E-16,-1.,0.));
#4325 = ORIENTED_EDGE('',*,*,#2983,.T.);
#4326 = ORIENTED_EDGE('',*,*,#4303,.F.);
#4327 = ORIENTED_EDGE('',*,*,#2874,.F.);
#4328 = PLANE('',#4329);
#4329 = AXIS2_PLACEMENT_3D('',#4330,#4331,#4332);
#4330 = CARTESIAN_POINT('',(3.,-0.43,-1.665334536938E-16));
#4331 = DIRECTION('',(-1.,-1.110223024625E-16,0.));
#4332 = DIRECTION('',(0.,0.,1.));
#4333 = ADVANCED_FACE('',(#4334),#4345,.F.);
#4334 = FACE_BOUND('',#4335,.F.);
#4335 = EDGE_LOOP('',(#4336,#4342,#4343,#4344));
#4336 = ORIENTED_EDGE('',*,*,#4337,.T.);
#4337 = EDGE_CURVE('',#2858,#2967,#4338,.T.);
#4338 = LINE('',#4339,#4340);
#4339 = CARTESIAN_POINT('',(2.724938966801,-0.43,-1.665334536938E-16));
#4340 = VECTOR('',#4341,1.);
#4341 = DIRECTION('',(1.110223024625E-16,-1.,0.));
#4342 = ORIENTED_EDGE('',*,*,#2975,.T.);
#4343 = ORIENTED_EDGE('',*,*,#4320,.F.);
#4344 = ORIENTED_EDGE('',*,*,#2866,.F.);
#4345 = PLANE('',#4346);
#4346 = AXIS2_PLACEMENT_3D('',#4347,#4348,#4349);
#4347 = CARTESIAN_POINT('',(2.724938966801,-0.43,-1.665334536938E-16));
#4348 = DIRECTION('',(0.,0.,1.));
#4349 = DIRECTION('',(1.,1.110223024625E-16,-0.));
#4350 = ADVANCED_FACE('',(#4351),#4362,.T.);
#4351 = FACE_BOUND('',#4352,.T.);
#4352 = EDGE_LOOP('',(#4353,#4354,#4355,#4356));
#4353 = ORIENTED_EDGE('',*,*,#2857,.T.);
#4354 = ORIENTED_EDGE('',*,*,#4337,.T.);
#4355 = ORIENTED_EDGE('',*,*,#2966,.F.);
#4356 = ORIENTED_EDGE('',*,*,#4357,.F.);
#4357 = EDGE_CURVE('',#2850,#2959,#4358,.T.);
#4358 = LINE('',#4359,#4360);
#4359 = CARTESIAN_POINT('',(2.429496640897,-0.43,0.2479055467));
#4360 = VECTOR('',#4361,1.);
#4361 = DIRECTION('',(1.110223024625E-16,-1.,0.));
#4362 = CYLINDRICAL_SURFACE('',#4363,0.3);
#4363 = AXIS2_PLACEMENT_3D('',#4364,#4365,#4366);
#4364 = CARTESIAN_POINT('',(2.724938966801,-0.43,0.3));
#4365 = DIRECTION('',(-1.110223024625E-16,1.,0.));
#4366 = DIRECTION('',(-0.984807753012,-1.093356242223E-16,
    -0.173648177667));
#4367 = ADVANCED_FACE('',(#4368),#4374,.F.);
#4368 = FACE_BOUND('',#4369,.F.);
#4369 = EDGE_LOOP('',(#4370,#4371,#4372,#4373));
#4370 = ORIENTED_EDGE('',*,*,#2940,.T.);
#4371 = ORIENTED_EDGE('',*,*,#2958,.T.);
#4372 = ORIENTED_EDGE('',*,*,#4357,.F.);
#4373 = ORIENTED_EDGE('',*,*,#2849,.F.);
#4374 = PLANE('',#4375);
#4375 = AXIS2_PLACEMENT_3D('',#4376,#4377,#4378);
#4376 = CARTESIAN_POINT('',(2.348480775301,-0.43,0.742364817767));
#4377 = DIRECTION('',(0.986841372087,1.095614012943E-16,0.161691392282)
  );
#4378 = DIRECTION('',(0.161691392282,1.795135065956E-17,-0.986841372087)
  );
#4379 = ADVANCED_FACE('',(#4380),#4391,.T.);
#4380 = FACE_BOUND('',#4381,.T.);
#4381 = EDGE_LOOP('',(#4382,#4383,#4384,#4385));
#4382 = ORIENTED_EDGE('',*,*,#3130,.T.);
#4383 = ORIENTED_EDGE('',*,*,#3437,.T.);
#4384 = ORIENTED_EDGE('',*,*,#3239,.F.);
#4385 = ORIENTED_EDGE('',*,*,#4386,.F.);
#4386 = EDGE_CURVE('',#3123,#3232,#4387,.T.);
#4387 = LINE('',#4388,#4389);
#4388 = CARTESIAN_POINT('',(2.545442325904,-1.7,0.7770944533));
#4389 = VECTOR('',#4390,1.);
#4390 = DIRECTION('',(1.110223024625E-16,-1.,0.));
#4391 = CYLINDRICAL_SURFACE('',#4392,0.3);
#4392 = AXIS2_PLACEMENT_3D('',#4393,#4394,#4395);
#4393 = CARTESIAN_POINT('',(2.25,-1.7,0.725));
#4394 = DIRECTION('',(-1.110223024625E-16,1.,0.));
#4395 = DIRECTION('',(0.984807753012,1.093356242223E-16,0.173648177667)
  );
#4396 = ADVANCED_FACE('',(#4397),#4408,.F.);
#4397 = FACE_BOUND('',#4398,.F.);
#4398 = EDGE_LOOP('',(#4399,#4405,#4406,#4407));
#4399 = ORIENTED_EDGE('',*,*,#4400,.T.);
#4400 = EDGE_CURVE('',#3114,#3223,#4401,.T.);
#4401 = LINE('',#4402,#4403);
#4402 = CARTESIAN_POINT('',(2.6264581915,-1.7,0.282635182233));
#4403 = VECTOR('',#4404,1.);
#4404 = DIRECTION('',(1.110223024625E-16,-1.,0.));
#4405 = ORIENTED_EDGE('',*,*,#3231,.T.);
#4406 = ORIENTED_EDGE('',*,*,#4386,.F.);
#4407 = ORIENTED_EDGE('',*,*,#3122,.F.);
#4408 = PLANE('',#4409);
#4409 = AXIS2_PLACEMENT_3D('',#4410,#4411,#4412);
#4410 = CARTESIAN_POINT('',(2.6264581915,-1.7,0.282635182233));
#4411 = DIRECTION('',(-0.986841372087,-1.095614012943E-16,
    -0.161691392282));
#4412 = DIRECTION('',(-0.161691392282,-1.795135065956E-17,0.986841372087
    ));
#4413 = ADVANCED_FACE('',(#4414),#4425,.F.);
#4414 = FACE_BOUND('',#4415,.F.);
#4415 = EDGE_LOOP('',(#4416,#4422,#4423,#4424));
#4416 = ORIENTED_EDGE('',*,*,#4417,.T.);
#4417 = EDGE_CURVE('',#3106,#3215,#4418,.T.);
#4418 = LINE('',#4419,#4420);
#4419 = CARTESIAN_POINT('',(2.724938966801,-1.7,0.2));
#4420 = VECTOR('',#4421,1.);
#4421 = DIRECTION('',(1.110223024625E-16,-1.,0.));
#4422 = ORIENTED_EDGE('',*,*,#3222,.T.);
#4423 = ORIENTED_EDGE('',*,*,#4400,.F.);
#4424 = ORIENTED_EDGE('',*,*,#3113,.F.);
#4425 = CYLINDRICAL_SURFACE('',#4426,0.1);
#4426 = AXIS2_PLACEMENT_3D('',#4427,#4428,#4429);
#4427 = CARTESIAN_POINT('',(2.724938966801,-1.7,0.3));
#4428 = DIRECTION('',(-1.110223024625E-16,1.,0.));
#4429 = DIRECTION('',(0.,0.,-1.));
#4430 = ADVANCED_FACE('',(#4431),#4442,.F.);
#4431 = FACE_BOUND('',#4432,.F.);
#4432 = EDGE_LOOP('',(#4433,#4439,#4440,#4441));
#4433 = ORIENTED_EDGE('',*,*,#4434,.T.);
#4434 = EDGE_CURVE('',#3098,#3207,#4435,.T.);
#4435 = LINE('',#4436,#4437);
#4436 = CARTESIAN_POINT('',(3.,-1.7,0.2));
#4437 = VECTOR('',#4438,1.);
#4438 = DIRECTION('',(1.110223024625E-16,-1.,0.));
#4439 = ORIENTED_EDGE('',*,*,#3214,.T.);
#4440 = ORIENTED_EDGE('',*,*,#4417,.F.);
#4441 = ORIENTED_EDGE('',*,*,#3105,.F.);
#4442 = PLANE('',#4443);
#4443 = AXIS2_PLACEMENT_3D('',#4444,#4445,#4446);
#4444 = CARTESIAN_POINT('',(3.,-1.7,0.2));
#4445 = DIRECTION('',(0.,0.,-1.));
#4446 = DIRECTION('',(-1.,-1.110223024625E-16,-0.));
#4447 = ADVANCED_FACE('',(#4448),#4459,.F.);
#4448 = FACE_BOUND('',#4449,.F.);
#4449 = EDGE_LOOP('',(#4450,#4456,#4457,#4458));
#4450 = ORIENTED_EDGE('',*,*,#4451,.T.);
#4451 = EDGE_CURVE('',#3090,#3199,#4452,.T.);
#4452 = LINE('',#4453,#4454);
#4453 = CARTESIAN_POINT('',(3.,-1.7,-1.665334536938E-16));
#4454 = VECTOR('',#4455,1.);
#4455 = DIRECTION('',(1.110223024625E-16,-1.,0.));
#4456 = ORIENTED_EDGE('',*,*,#3206,.T.);
#4457 = ORIENTED_EDGE('',*,*,#4434,.F.);
#4458 = ORIENTED_EDGE('',*,*,#3097,.F.);
#4459 = PLANE('',#4460);
#4460 = AXIS2_PLACEMENT_3D('',#4461,#4462,#4463);
#4461 = CARTESIAN_POINT('',(3.,-1.7,-1.665334536938E-16));
#4462 = DIRECTION('',(-1.,-1.110223024625E-16,0.));
#4463 = DIRECTION('',(0.,0.,1.));
#4464 = ADVANCED_FACE('',(#4465),#4476,.F.);
#4465 = FACE_BOUND('',#4466,.F.);
#4466 = EDGE_LOOP('',(#4467,#4473,#4474,#4475));
#4467 = ORIENTED_EDGE('',*,*,#4468,.T.);
#4468 = EDGE_CURVE('',#3081,#3190,#4469,.T.);
#4469 = LINE('',#4470,#4471);
#4470 = CARTESIAN_POINT('',(2.724938966801,-1.7,-1.665334536938E-16));
#4471 = VECTOR('',#4472,1.);
#4472 = DIRECTION('',(1.110223024625E-16,-1.,0.));
#4473 = ORIENTED_EDGE('',*,*,#3198,.T.);
#4474 = ORIENTED_EDGE('',*,*,#4451,.F.);
#4475 = ORIENTED_EDGE('',*,*,#3089,.F.);
#4476 = PLANE('',#4477);
#4477 = AXIS2_PLACEMENT_3D('',#4478,#4479,#4480);
#4478 = CARTESIAN_POINT('',(2.724938966801,-1.7,-1.665334536938E-16));
#4479 = DIRECTION('',(0.,0.,1.));
#4480 = DIRECTION('',(1.,1.110223024625E-16,-0.));
#4481 = ADVANCED_FACE('',(#4482),#4493,.T.);
#4482 = FACE_BOUND('',#4483,.T.);
#4483 = EDGE_LOOP('',(#4484,#4485,#4486,#4487));
#4484 = ORIENTED_EDGE('',*,*,#3080,.T.);
#4485 = ORIENTED_EDGE('',*,*,#4468,.T.);
#4486 = ORIENTED_EDGE('',*,*,#3189,.F.);
#4487 = ORIENTED_EDGE('',*,*,#4488,.F.);
#4488 = EDGE_CURVE('',#3073,#3182,#4489,.T.);
#4489 = LINE('',#4490,#4491);
#4490 = CARTESIAN_POINT('',(2.429496640897,-1.7,0.2479055467));
#4491 = VECTOR('',#4492,1.);
#4492 = DIRECTION('',(1.110223024625E-16,-1.,0.));
#4493 = CYLINDRICAL_SURFACE('',#4494,0.3);
#4494 = AXIS2_PLACEMENT_3D('',#4495,#4496,#4497);
#4495 = CARTESIAN_POINT('',(2.724938966801,-1.7,0.3));
#4496 = DIRECTION('',(-1.110223024625E-16,1.,0.));
#4497 = DIRECTION('',(-0.984807753012,-1.093356242223E-16,
    -0.173648177667));
#4498 = ADVANCED_FACE('',(#4499),#4505,.F.);
#4499 = FACE_BOUND('',#4500,.F.);
#4500 = EDGE_LOOP('',(#4501,#4502,#4503,#4504));
#4501 = ORIENTED_EDGE('',*,*,#3163,.T.);
#4502 = ORIENTED_EDGE('',*,*,#3181,.T.);
#4503 = ORIENTED_EDGE('',*,*,#4488,.F.);
#4504 = ORIENTED_EDGE('',*,*,#3072,.F.);
#4505 = PLANE('',#4506);
#4506 = AXIS2_PLACEMENT_3D('',#4507,#4508,#4509);
#4507 = CARTESIAN_POINT('',(2.348480775301,-1.7,0.742364817767));
#4508 = DIRECTION('',(0.986841372087,1.095614012943E-16,0.161691392282)
  );
#4509 = DIRECTION('',(0.161691392282,1.795135065956E-17,-0.986841372087)
  );
#4510 = ADVANCED_FACE('',(#4511),#4512,.F.);
#4511 = FACE_BOUND('',#3363,.T.);
#4512 = PLANE('',#4513);
#4513 = AXIS2_PLACEMENT_3D('',#4514,#4515,#4516);
#4514 = CARTESIAN_POINT('',(-1.110171280765,1.610171280765,1.75));
#4515 = DIRECTION('',(0.,0.,-1.));
#4516 = DIRECTION('',(1.110223024625E-16,-1.,0.));
#4517 = ( GEOMETRIC_REPRESENTATION_CONTEXT(3) 
GLOBAL_UNCERTAINTY_ASSIGNED_CONTEXT((#4521)) 
GLOBAL_UNIT_ASSIGNED_CONTEXT((#4518,#4519,#4520)) REPRESENTATION_CONTEXT
('Context #1','3D Context with UNIT and UNCERTAINTY') );
#4518 = ( LENGTH_UNIT() NAMED_UNIT(*) SI_UNIT(.MILLI.,.METRE.) );
#4519 = ( NAMED_UNIT(*) PLANE_ANGLE_UNIT() SI_UNIT($,.RADIAN.) );
#4520 = ( NAMED_UNIT(*) SI_UNIT($,.STERADIAN.) SOLID_ANGLE_UNIT() );
#4521 = UNCERTAINTY_MEASURE_WITH_UNIT(LENGTH_MEASURE(1.E-07),#4518,
  'distance_accuracy_value','confusion accuracy');
#4522 = CONTEXT_DEPENDENT_SHAPE_REPRESENTATION(#4523,#4525);
#4523 = ( REPRESENTATION_RELATIONSHIP('','',#48,#10) 
REPRESENTATION_RELATIONSHIP_WITH_TRANSFORMATION(#4524) 
SHAPE_REPRESENTATION_RELATIONSHIP() );
#4524 = ITEM_DEFINED_TRANSFORMATION('','',#11,#15);
#4525 = PRODUCT_DEFINITION_SHAPE('Placement','Placement of an item',
  #4526);
#4526 = NEXT_ASSEMBLY_USAGE_OCCURRENCE('1','U1','',#5,#43,$);
#4527 = PRODUCT_RELATED_PRODUCT_CATEGORY('part',$,(#45));
#4528 = SHAPE_DEFINITION_REPRESENTATION(#4529,#4535);
#4529 = PRODUCT_DEFINITION_SHAPE('','',#4530);
#4530 = PRODUCT_DEFINITION('design','',#4531,#4534);
#4531 = PRODUCT_DEFINITION_FORMATION('','',#4532);
#4532 = PRODUCT('JST_PH_S3B-PH-K_1x03_P2.00mm_Horizontal',
  'JST_PH_S3B-PH-K_1x03_P2.00mm_Horizontal','',(#4533));
#4533 = PRODUCT_CONTEXT('',#2,'mechanical');
#4534 = PRODUCT_DEFINITION_CONTEXT('part definition',#2,'design');
#4535 = ADVANCED_BREP_SHAPE_REPRESENTATION('',(#11,#4536),#8972);
#4536 = MANIFOLD_SOLID_BREP('',#4537);
#4537 = CLOSED_SHELL('',(#4538,#4578,#4658,#4746,#4803,#4820,#4844,#4868
    ,#4892,#4948,#5116,#5147,#5159,#5277,#5291,#5379,#5436,#5460,#5533,
    #5557,#5590,#5701,#5875,#5915,#5946,#5964,#5981,#5999,#6025,#6056,
    #6073,#6106,#6130,#6161,#6178,#6211,#6251,#6274,#6323,#6347,#6394,
    #6411,#6428,#6440,#6487,#6518,#6535,#6552,#6569,#6593,#6617,#6634,
    #6658,#6682,#6699,#6716,#6728,#6745,#6757,#6781,#6799,#6811,#6825,
    #6837,#6868,#6892,#6916,#6933,#6964,#6988,#7012,#7029,#7060,#7084,
    #7108,#7125,#7171,#7217,#7263,#7280,#7292,#7323,#7347,#7371,#7388,
    #7419,#7443,#7467,#7484,#7515,#7539,#7563,#7580,#7677,#7701,#7791,
    #7808,#7873,#7897,#7955,#7972,#8069,#8093,#8183,#8200,#8212,#8224,
    #8236,#8253,#8270,#8287,#8320,#8360,#8391,#8408,#8425,#8437,#8470,
    #8487,#8504,#8535,#8557,#8569,#8600,#8617,#8634,#8651,#8684,#8724,
    #8755,#8772,#8789,#8801,#8834,#8851,#8868,#8880,#8897,#8914,#8926,
    #8943,#8960));
#4538 = ADVANCED_FACE('',(#4539),#4573,.T.);
#4539 = FACE_BOUND('',#4540,.T.);
#4540 = EDGE_LOOP('',(#4541,#4551,#4559,#4567));
#4541 = ORIENTED_EDGE('',*,*,#4542,.F.);
#4542 = EDGE_CURVE('',#4543,#4545,#4547,.T.);
#4543 = VERTEX_POINT('',#4544);
#4544 = CARTESIAN_POINT('',(5.95,-4.65,2.5));
#4545 = VERTEX_POINT('',#4546);
#4546 = CARTESIAN_POINT('',(5.95,-6.25,2.5));
#4547 = LINE('',#4548,#4549);
#4548 = CARTESIAN_POINT('',(5.95,-4.65,2.5));
#4549 = VECTOR('',#4550,1.);
#4550 = DIRECTION('',(-1.224646799147E-16,-1.,1.110223024625E-16));
#4551 = ORIENTED_EDGE('',*,*,#4552,.T.);
#4552 = EDGE_CURVE('',#4543,#4553,#4555,.T.);
#4553 = VERTEX_POINT('',#4554);
#4554 = CARTESIAN_POINT('',(5.45,-4.65,2.5));
#4555 = LINE('',#4556,#4557);
#4556 = CARTESIAN_POINT('',(5.95,-4.65,2.5));
#4557 = VECTOR('',#4558,1.);
#4558 = DIRECTION('',(-1.,1.224646799147E-16,0.));
#4559 = ORIENTED_EDGE('',*,*,#4560,.T.);
#4560 = EDGE_CURVE('',#4553,#4561,#4563,.T.);
#4561 = VERTEX_POINT('',#4562);
#4562 = CARTESIAN_POINT('',(5.45,-6.25,2.5));
#4563 = LINE('',#4564,#4565);
#4564 = CARTESIAN_POINT('',(5.45,-5.45,2.5));
#4565 = VECTOR('',#4566,1.);
#4566 = DIRECTION('',(-1.224646799147E-16,-1.,1.110223024625E-16));
#4567 = ORIENTED_EDGE('',*,*,#4568,.F.);
#4568 = EDGE_CURVE('',#4545,#4561,#4569,.T.);
#4569 = LINE('',#4570,#4571);
#4570 = CARTESIAN_POINT('',(5.95,-6.25,2.5));
#4571 = VECTOR('',#4572,1.);
#4572 = DIRECTION('',(-1.,1.224646799147E-16,0.));
#4573 = PLANE('',#4574);
#4574 = AXIS2_PLACEMENT_3D('',#4575,#4576,#4577);
#4575 = CARTESIAN_POINT('',(5.95,-4.65,2.5));
#4576 = DIRECTION('',(1.359631073447E-32,1.110223024625E-16,1.));
#4577 = DIRECTION('',(-1.224646799147E-16,-1.,1.110223024625E-16));
#4578 = ADVANCED_FACE('',(#4579),#4653,.T.);
#4579 = FACE_BOUND('',#4580,.T.);
#4580 = EDGE_LOOP('',(#4581,#4589,#4597,#4605,#4613,#4621,#4629,#4637,
    #4645,#4652));
#4581 = ORIENTED_EDGE('',*,*,#4582,.F.);
#4582 = EDGE_CURVE('',#4583,#4545,#4585,.T.);
#4583 = VERTEX_POINT('',#4584);
#4584 = CARTESIAN_POINT('',(5.95,-6.25,0.));
#4585 = LINE('',#4586,#4587);
#4586 = CARTESIAN_POINT('',(5.95,-6.25,0.3));
#4587 = VECTOR('',#4588,1.);
#4588 = DIRECTION('',(1.359631073447E-32,1.110223024625E-16,1.));
#4589 = ORIENTED_EDGE('',*,*,#4590,.F.);
#4590 = EDGE_CURVE('',#4591,#4583,#4593,.T.);
#4591 = VERTEX_POINT('',#4592);
#4592 = CARTESIAN_POINT('',(5.95,1.35,0.));
#4593 = LINE('',#4594,#4595);
#4594 = CARTESIAN_POINT('',(5.95,1.35,0.));
#4595 = VECTOR('',#4596,1.);
#4596 = DIRECTION('',(-1.224646799147E-16,-1.,0.));
#4597 = ORIENTED_EDGE('',*,*,#4598,.F.);
#4598 = EDGE_CURVE('',#4599,#4591,#4601,.T.);
#4599 = VERTEX_POINT('',#4600);
#4600 = CARTESIAN_POINT('',(5.95,1.35,3.2));
#4601 = LINE('',#4602,#4603);
#4602 = CARTESIAN_POINT('',(5.95,1.35,3.2));
#4603 = VECTOR('',#4604,1.);
#4604 = DIRECTION('',(-0.,0.,-1.));
#4605 = ORIENTED_EDGE('',*,*,#4606,.F.);
#4606 = EDGE_CURVE('',#4607,#4599,#4609,.T.);
#4607 = VERTEX_POINT('',#4608);
#4608 = CARTESIAN_POINT('',(5.95,-0.25,4.1));
#4609 = LINE('',#4610,#4611);
#4610 = CARTESIAN_POINT('',(5.95,-0.25,4.1));
#4611 = VECTOR('',#4612,1.);
#4612 = DIRECTION('',(1.067372191754E-16,0.871575537124,-0.490261239633)
  );
#4613 = ORIENTED_EDGE('',*,*,#4614,.T.);
#4614 = EDGE_CURVE('',#4607,#4615,#4617,.T.);
#4615 = VERTEX_POINT('',#4616);
#4616 = CARTESIAN_POINT('',(5.95,-0.25,4.8));
#4617 = LINE('',#4618,#4619);
#4618 = CARTESIAN_POINT('',(5.95,-0.25,0.3));
#4619 = VECTOR('',#4620,1.);
#4620 = DIRECTION('',(1.359631073447E-32,1.110223024625E-16,1.));
#4621 = ORIENTED_EDGE('',*,*,#4622,.T.);
#4622 = EDGE_CURVE('',#4615,#4623,#4625,.T.);
#4623 = VERTEX_POINT('',#4624);
#4624 = CARTESIAN_POINT('',(5.95,-6.25,4.8));
#4625 = LINE('',#4626,#4627);
#4626 = CARTESIAN_POINT('',(5.95,-0.25,4.8));
#4627 = VECTOR('',#4628,1.);
#4628 = DIRECTION('',(-1.224646799147E-16,-1.,1.110223024625E-16));
#4629 = ORIENTED_EDGE('',*,*,#4630,.F.);
#4630 = EDGE_CURVE('',#4631,#4623,#4633,.T.);
#4631 = VERTEX_POINT('',#4632);
#4632 = CARTESIAN_POINT('',(5.95,-6.25,3.3));
#4633 = LINE('',#4634,#4635);
#4634 = CARTESIAN_POINT('',(5.95,-6.25,0.3));
#4635 = VECTOR('',#4636,1.);
#4636 = DIRECTION('',(1.359631073447E-32,1.110223024625E-16,1.));
#4637 = ORIENTED_EDGE('',*,*,#4638,.T.);
#4638 = EDGE_CURVE('',#4631,#4639,#4641,.T.);
#4639 = VERTEX_POINT('',#4640);
#4640 = CARTESIAN_POINT('',(5.95,-4.65,3.3));
#4641 = LINE('',#4642,#4643);
#4642 = CARTESIAN_POINT('',(5.95,-6.25,3.3));
#4643 = VECTOR('',#4644,1.);
#4644 = DIRECTION('',(1.224646799147E-16,1.,-1.110223024625E-16));
#4645 = ORIENTED_EDGE('',*,*,#4646,.T.);
#4646 = EDGE_CURVE('',#4639,#4543,#4647,.T.);
#4647 = CIRCLE('',#4648,0.4);
#4648 = AXIS2_PLACEMENT_3D('',#4649,#4650,#4651);
#4649 = CARTESIAN_POINT('',(5.95,-4.65,2.9));
#4650 = DIRECTION('',(-1.,1.224646799147E-16,0.));
#4651 = DIRECTION('',(1.359631073446E-32,1.110223024625E-16,1.));
#4652 = ORIENTED_EDGE('',*,*,#4542,.T.);
#4653 = PLANE('',#4654);
#4654 = AXIS2_PLACEMENT_3D('',#4655,#4656,#4657);
#4655 = CARTESIAN_POINT('',(5.95,-2.909897467985,2.368621550033));
#4656 = DIRECTION('',(1.,-1.224646799147E-16,-3.096025220137E-32));
#4657 = DIRECTION('',(-3.096025220137E-32,3.79153737592E-48,-1.));
#4658 = ADVANCED_FACE('',(#4659),#4741,.T.);
#4659 = FACE_BOUND('',#4660,.T.);
#4660 = EDGE_LOOP('',(#4661,#4671,#4679,#4685,#4686,#4687,#4695,#4703,
    #4711,#4719,#4727,#4735));
#4661 = ORIENTED_EDGE('',*,*,#4662,.T.);
#4662 = EDGE_CURVE('',#4663,#4665,#4667,.T.);
#4663 = VERTEX_POINT('',#4664);
#4664 = CARTESIAN_POINT('',(-0.95,-6.25,0.3));
#4665 = VERTEX_POINT('',#4666);
#4666 = CARTESIAN_POINT('',(4.95,-6.25,0.3));
#4667 = LINE('',#4668,#4669);
#4668 = CARTESIAN_POINT('',(-1.95,-6.25,0.3));
#4669 = VECTOR('',#4670,1.);
#4670 = DIRECTION('',(1.,-1.224646799147E-16,0.));
#4671 = ORIENTED_EDGE('',*,*,#4672,.F.);
#4672 = EDGE_CURVE('',#4673,#4665,#4675,.T.);
#4673 = VERTEX_POINT('',#4674);
#4674 = CARTESIAN_POINT('',(4.95,-6.25,0.));
#4675 = LINE('',#4676,#4677);
#4676 = CARTESIAN_POINT('',(4.95,-6.25,0.));
#4677 = VECTOR('',#4678,1.);
#4678 = DIRECTION('',(0.,0.,1.));
#4679 = ORIENTED_EDGE('',*,*,#4680,.F.);
#4680 = EDGE_CURVE('',#4583,#4673,#4681,.T.);
#4681 = LINE('',#4682,#4683);
#4682 = CARTESIAN_POINT('',(5.95,-6.25,0.));
#4683 = VECTOR('',#4684,1.);
#4684 = DIRECTION('',(-1.,1.224646799147E-16,0.));
#4685 = ORIENTED_EDGE('',*,*,#4582,.T.);
#4686 = ORIENTED_EDGE('',*,*,#4568,.T.);
#4687 = ORIENTED_EDGE('',*,*,#4688,.F.);
#4688 = EDGE_CURVE('',#4689,#4561,#4691,.T.);
#4689 = VERTEX_POINT('',#4690);
#4690 = CARTESIAN_POINT('',(5.45,-6.25,0.8));
#4691 = LINE('',#4692,#4693);
#4692 = CARTESIAN_POINT('',(5.45,-6.25,0.8));
#4693 = VECTOR('',#4694,1.);
#4694 = DIRECTION('',(1.359631073447E-32,1.110223024625E-16,1.));
#4695 = ORIENTED_EDGE('',*,*,#4696,.F.);
#4696 = EDGE_CURVE('',#4697,#4689,#4699,.T.);
#4697 = VERTEX_POINT('',#4698);
#4698 = CARTESIAN_POINT('',(-1.45,-6.25,0.8));
#4699 = LINE('',#4700,#4701);
#4700 = CARTESIAN_POINT('',(-1.45,-6.25,0.8));
#4701 = VECTOR('',#4702,1.);
#4702 = DIRECTION('',(1.,-1.224646799147E-16,0.));
#4703 = ORIENTED_EDGE('',*,*,#4704,.F.);
#4704 = EDGE_CURVE('',#4705,#4697,#4707,.T.);
#4705 = VERTEX_POINT('',#4706);
#4706 = CARTESIAN_POINT('',(-1.45,-6.25,2.5));
#4707 = LINE('',#4708,#4709);
#4708 = CARTESIAN_POINT('',(-1.45,-6.25,4.2));
#4709 = VECTOR('',#4710,1.);
#4710 = DIRECTION('',(-1.359631073447E-32,-1.110223024625E-16,-1.));
#4711 = ORIENTED_EDGE('',*,*,#4712,.T.);
#4712 = EDGE_CURVE('',#4705,#4713,#4715,.T.);
#4713 = VERTEX_POINT('',#4714);
#4714 = CARTESIAN_POINT('',(-1.95,-6.25,2.5));
#4715 = LINE('',#4716,#4717);
#4716 = CARTESIAN_POINT('',(5.95,-6.25,2.5));
#4717 = VECTOR('',#4718,1.);
#4718 = DIRECTION('',(-1.,1.224646799147E-16,0.));
#4719 = ORIENTED_EDGE('',*,*,#4720,.T.);
#4720 = EDGE_CURVE('',#4713,#4721,#4723,.T.);
#4721 = VERTEX_POINT('',#4722);
#4722 = CARTESIAN_POINT('',(-1.95,-6.25,0.));
#4723 = LINE('',#4724,#4725);
#4724 = CARTESIAN_POINT('',(-1.95,-6.25,4.8));
#4725 = VECTOR('',#4726,1.);
#4726 = DIRECTION('',(-1.359631073447E-32,-1.110223024625E-16,-1.));
#4727 = ORIENTED_EDGE('',*,*,#4728,.F.);
#4728 = EDGE_CURVE('',#4729,#4721,#4731,.T.);
#4729 = VERTEX_POINT('',#4730);
#4730 = CARTESIAN_POINT('',(-0.95,-6.25,0.));
#4731 = LINE('',#4732,#4733);
#4732 = CARTESIAN_POINT('',(-0.95,-6.25,0.));
#4733 = VECTOR('',#4734,1.);
#4734 = DIRECTION('',(-1.,1.224646799147E-16,0.));
#4735 = ORIENTED_EDGE('',*,*,#4736,.T.);
#4736 = EDGE_CURVE('',#4729,#4663,#4737,.T.);
#4737 = LINE('',#4738,#4739);
#4738 = CARTESIAN_POINT('',(-0.95,-6.25,0.));
#4739 = VECTOR('',#4740,1.);
#4740 = DIRECTION('',(0.,0.,1.));
#4741 = PLANE('',#4742);
#4742 = AXIS2_PLACEMENT_3D('',#4743,#4744,#4745);
#4743 = CARTESIAN_POINT('',(2.,-6.25,0.876612903226));
#4744 = DIRECTION('',(-1.224646799147E-16,-1.,-1.894083556739E-30));
#4745 = DIRECTION('',(-2.319583365078E-46,-1.894083556739E-30,1.));
#4746 = ADVANCED_FACE('',(#4747),#4798,.F.);
#4747 = FACE_BOUND('',#4748,.F.);
#4748 = EDGE_LOOP('',(#4749,#4750,#4758,#4766,#4774,#4782,#4790,#4797));
#4749 = ORIENTED_EDGE('',*,*,#4688,.F.);
#4750 = ORIENTED_EDGE('',*,*,#4751,.T.);
#4751 = EDGE_CURVE('',#4689,#4752,#4754,.T.);
#4752 = VERTEX_POINT('',#4753);
#4753 = CARTESIAN_POINT('',(5.45,-2.05,0.8));
#4754 = LINE('',#4755,#4756);
#4755 = CARTESIAN_POINT('',(5.45,-6.25,0.8));
#4756 = VECTOR('',#4757,1.);
#4757 = DIRECTION('',(1.224646799147E-16,1.,-1.110223024625E-16));
#4758 = ORIENTED_EDGE('',*,*,#4759,.T.);
#4759 = EDGE_CURVE('',#4752,#4760,#4762,.T.);
#4760 = VERTEX_POINT('',#4761);
#4761 = CARTESIAN_POINT('',(5.45,-2.05,4.2));
#4762 = LINE('',#4763,#4764);
#4763 = CARTESIAN_POINT('',(5.45,-2.05,0.8));
#4764 = VECTOR('',#4765,1.);
#4765 = DIRECTION('',(1.359631073447E-32,1.110223024625E-16,1.));
#4766 = ORIENTED_EDGE('',*,*,#4767,.F.);
#4767 = EDGE_CURVE('',#4768,#4760,#4770,.T.);
#4768 = VERTEX_POINT('',#4769);
#4769 = CARTESIAN_POINT('',(5.45,-6.25,4.2));
#4770 = LINE('',#4771,#4772);
#4771 = CARTESIAN_POINT('',(5.45,-6.25,4.2));
#4772 = VECTOR('',#4773,1.);
#4773 = DIRECTION('',(1.224646799147E-16,1.,-1.110223024625E-16));
#4774 = ORIENTED_EDGE('',*,*,#4775,.F.);
#4775 = EDGE_CURVE('',#4776,#4768,#4778,.T.);
#4776 = VERTEX_POINT('',#4777);
#4777 = CARTESIAN_POINT('',(5.45,-6.25,3.3));
#4778 = LINE('',#4779,#4780);
#4779 = CARTESIAN_POINT('',(5.45,-6.25,0.8));
#4780 = VECTOR('',#4781,1.);
#4781 = DIRECTION('',(1.359631073447E-32,1.110223024625E-16,1.));
#4782 = ORIENTED_EDGE('',*,*,#4783,.T.);
#4783 = EDGE_CURVE('',#4776,#4784,#4786,.T.);
#4784 = VERTEX_POINT('',#4785);
#4785 = CARTESIAN_POINT('',(5.45,-4.65,3.3));
#4786 = LINE('',#4787,#4788);
#4787 = CARTESIAN_POINT('',(5.45,-6.25,3.3));
#4788 = VECTOR('',#4789,1.);
#4789 = DIRECTION('',(1.224646799147E-16,1.,-1.110223024625E-16));
#4790 = ORIENTED_EDGE('',*,*,#4791,.F.);
#4791 = EDGE_CURVE('',#4553,#4784,#4792,.T.);
#4792 = CIRCLE('',#4793,0.4);
#4793 = AXIS2_PLACEMENT_3D('',#4794,#4795,#4796);
#4794 = CARTESIAN_POINT('',(5.45,-4.65,2.9));
#4795 = DIRECTION('',(1.,-1.224646799147E-16,0.));
#4796 = DIRECTION('',(1.359631073446E-32,1.110223024625E-16,1.));
#4797 = ORIENTED_EDGE('',*,*,#4560,.T.);
#4798 = PLANE('',#4799);
#4799 = AXIS2_PLACEMENT_3D('',#4800,#4801,#4802);
#4800 = CARTESIAN_POINT('',(5.45,-6.25,0.8));
#4801 = DIRECTION('',(1.,-1.224646799147E-16,0.));
#4802 = DIRECTION('',(1.359631073446E-32,1.110223024625E-16,1.));
#4803 = ADVANCED_FACE('',(#4804),#4815,.F.);
#4804 = FACE_BOUND('',#4805,.F.);
#4805 = EDGE_LOOP('',(#4806,#4807,#4808,#4814));
#4806 = ORIENTED_EDGE('',*,*,#4552,.T.);
#4807 = ORIENTED_EDGE('',*,*,#4791,.T.);
#4808 = ORIENTED_EDGE('',*,*,#4809,.F.);
#4809 = EDGE_CURVE('',#4639,#4784,#4810,.T.);
#4810 = LINE('',#4811,#4812);
#4811 = CARTESIAN_POINT('',(5.95,-4.65,3.3));
#4812 = VECTOR('',#4813,1.);
#4813 = DIRECTION('',(-1.,1.224646799147E-16,0.));
#4814 = ORIENTED_EDGE('',*,*,#4646,.T.);
#4815 = CYLINDRICAL_SURFACE('',#4816,0.4);
#4816 = AXIS2_PLACEMENT_3D('',#4817,#4818,#4819);
#4817 = CARTESIAN_POINT('',(5.95,-4.65,2.9));
#4818 = DIRECTION('',(1.,-1.224646799147E-16,0.));
#4819 = DIRECTION('',(1.359631073446E-32,1.110223024625E-16,1.));
#4820 = ADVANCED_FACE('',(#4821),#4839,.F.);
#4821 = FACE_BOUND('',#4822,.F.);
#4822 = EDGE_LOOP('',(#4823,#4831,#4837,#4838));
#4823 = ORIENTED_EDGE('',*,*,#4824,.T.);
#4824 = EDGE_CURVE('',#4591,#4825,#4827,.T.);
#4825 = VERTEX_POINT('',#4826);
#4826 = CARTESIAN_POINT('',(4.95,1.35,0.));
#4827 = LINE('',#4828,#4829);
#4828 = CARTESIAN_POINT('',(5.95,1.35,0.));
#4829 = VECTOR('',#4830,1.);
#4830 = DIRECTION('',(-1.,1.224646799147E-16,0.));
#4831 = ORIENTED_EDGE('',*,*,#4832,.T.);
#4832 = EDGE_CURVE('',#4825,#4673,#4833,.T.);
#4833 = LINE('',#4834,#4835);
#4834 = CARTESIAN_POINT('',(4.95,1.35,0.));
#4835 = VECTOR('',#4836,1.);
#4836 = DIRECTION('',(-1.224646799147E-16,-1.,0.));
#4837 = ORIENTED_EDGE('',*,*,#4680,.F.);
#4838 = ORIENTED_EDGE('',*,*,#4590,.F.);
#4839 = PLANE('',#4840);
#4840 = AXIS2_PLACEMENT_3D('',#4841,#4842,#4843);
#4841 = CARTESIAN_POINT('',(5.95,1.35,0.));
#4842 = DIRECTION('',(0.,0.,1.));
#4843 = DIRECTION('',(-1.224646799147E-16,-1.,0.));
#4844 = ADVANCED_FACE('',(#4845),#4863,.F.);
#4845 = FACE_BOUND('',#4846,.F.);
#4846 = EDGE_LOOP('',(#4847,#4855,#4861,#4862));
#4847 = ORIENTED_EDGE('',*,*,#4848,.T.);
#4848 = EDGE_CURVE('',#4599,#4849,#4851,.T.);
#4849 = VERTEX_POINT('',#4850);
#4850 = CARTESIAN_POINT('',(4.95,1.35,3.2));
#4851 = LINE('',#4852,#4853);
#4852 = CARTESIAN_POINT('',(5.95,1.35,3.2));
#4853 = VECTOR('',#4854,1.);
#4854 = DIRECTION('',(-1.,1.224646799147E-16,0.));
#4855 = ORIENTED_EDGE('',*,*,#4856,.T.);
#4856 = EDGE_CURVE('',#4849,#4825,#4857,.T.);
#4857 = LINE('',#4858,#4859);
#4858 = CARTESIAN_POINT('',(4.95,1.35,3.2));
#4859 = VECTOR('',#4860,1.);
#4860 = DIRECTION('',(-0.,0.,-1.));
#4861 = ORIENTED_EDGE('',*,*,#4824,.F.);
#4862 = ORIENTED_EDGE('',*,*,#4598,.F.);
#4863 = PLANE('',#4864);
#4864 = AXIS2_PLACEMENT_3D('',#4865,#4866,#4867);
#4865 = CARTESIAN_POINT('',(5.95,1.35,3.2));
#4866 = DIRECTION('',(-1.224646799147E-16,-1.,0.));
#4867 = DIRECTION('',(-0.,0.,-1.));
#4868 = ADVANCED_FACE('',(#4869),#4887,.F.);
#4869 = FACE_BOUND('',#4870,.F.);
#4870 = EDGE_LOOP('',(#4871,#4879,#4885,#4886));
#4871 = ORIENTED_EDGE('',*,*,#4872,.T.);
#4872 = EDGE_CURVE('',#4607,#4873,#4875,.T.);
#4873 = VERTEX_POINT('',#4874);
#4874 = CARTESIAN_POINT('',(4.95,-0.25,4.1));
#4875 = LINE('',#4876,#4877);
#4876 = CARTESIAN_POINT('',(5.95,-0.25,4.1));
#4877 = VECTOR('',#4878,1.);
#4878 = DIRECTION('',(-1.,1.224646799147E-16,0.));
#4879 = ORIENTED_EDGE('',*,*,#4880,.T.);
#4880 = EDGE_CURVE('',#4873,#4849,#4881,.T.);
#4881 = LINE('',#4882,#4883);
#4882 = CARTESIAN_POINT('',(4.95,-0.25,4.1));
#4883 = VECTOR('',#4884,1.);
#4884 = DIRECTION('',(1.067372191754E-16,0.871575537124,-0.490261239633)
  );
#4885 = ORIENTED_EDGE('',*,*,#4848,.F.);
#4886 = ORIENTED_EDGE('',*,*,#4606,.F.);
#4887 = PLANE('',#4888);
#4888 = AXIS2_PLACEMENT_3D('',#4889,#4890,#4891);
#4889 = CARTESIAN_POINT('',(5.95,-0.25,4.1));
#4890 = DIRECTION('',(-6.003968578616E-17,-0.490261239633,
    -0.871575537124));
#4891 = DIRECTION('',(1.067372191754E-16,0.871575537124,-0.490261239633)
  );
#4892 = ADVANCED_FACE('',(#4893),#4943,.F.);
#4893 = FACE_BOUND('',#4894,.F.);
#4894 = EDGE_LOOP('',(#4895,#4905,#4913,#4919,#4920,#4921,#4929,#4937));
#4895 = ORIENTED_EDGE('',*,*,#4896,.F.);
#4896 = EDGE_CURVE('',#4897,#4899,#4901,.T.);
#4897 = VERTEX_POINT('',#4898);
#4898 = CARTESIAN_POINT('',(4.75,-0.25,0.3));
#4899 = VERTEX_POINT('',#4900);
#4900 = CARTESIAN_POINT('',(4.75,-0.25,4.2));
#4901 = LINE('',#4902,#4903);
#4902 = CARTESIAN_POINT('',(4.75,-0.25,0.3));
#4903 = VECTOR('',#4904,1.);
#4904 = DIRECTION('',(1.359631073447E-32,1.110223024625E-16,1.));
#4905 = ORIENTED_EDGE('',*,*,#4906,.T.);
#4906 = EDGE_CURVE('',#4897,#4907,#4909,.T.);
#4907 = VERTEX_POINT('',#4908);
#4908 = CARTESIAN_POINT('',(4.95,-0.25,0.3));
#4909 = LINE('',#4910,#4911);
#4910 = CARTESIAN_POINT('',(-1.95,-0.25,0.3));
#4911 = VECTOR('',#4912,1.);
#4912 = DIRECTION('',(1.,-1.224646799147E-16,0.));
#4913 = ORIENTED_EDGE('',*,*,#4914,.T.);
#4914 = EDGE_CURVE('',#4907,#4873,#4915,.T.);
#4915 = LINE('',#4916,#4917);
#4916 = CARTESIAN_POINT('',(4.95,-0.25,0.3));
#4917 = VECTOR('',#4918,1.);
#4918 = DIRECTION('',(0.,0.,1.));
#4919 = ORIENTED_EDGE('',*,*,#4872,.F.);
#4920 = ORIENTED_EDGE('',*,*,#4614,.T.);
#4921 = ORIENTED_EDGE('',*,*,#4922,.T.);
#4922 = EDGE_CURVE('',#4615,#4923,#4925,.T.);
#4923 = VERTEX_POINT('',#4924);
#4924 = CARTESIAN_POINT('',(5.4,-0.25,4.8));
#4925 = LINE('',#4926,#4927);
#4926 = CARTESIAN_POINT('',(5.95,-0.25,4.8));
#4927 = VECTOR('',#4928,1.);
#4928 = DIRECTION('',(-1.,1.224646799147E-16,0.));
#4929 = ORIENTED_EDGE('',*,*,#4930,.T.);
#4930 = EDGE_CURVE('',#4923,#4931,#4933,.T.);
#4931 = VERTEX_POINT('',#4932);
#4932 = CARTESIAN_POINT('',(5.4,-0.25,4.2));
#4933 = LINE('',#4934,#4935);
#4934 = CARTESIAN_POINT('',(5.4,-0.25,4.8));
#4935 = VECTOR('',#4936,1.);
#4936 = DIRECTION('',(-1.359631073447E-32,-1.110223024625E-16,-1.));
#4937 = ORIENTED_EDGE('',*,*,#4938,.T.);
#4938 = EDGE_CURVE('',#4931,#4899,#4939,.T.);
#4939 = LINE('',#4940,#4941);
#4940 = CARTESIAN_POINT('',(5.4,-0.25,4.2));
#4941 = VECTOR('',#4942,1.);
#4942 = DIRECTION('',(-1.,1.224646799147E-16,0.));
#4943 = PLANE('',#4944);
#4944 = AXIS2_PLACEMENT_3D('',#4945,#4946,#4947);
#4945 = CARTESIAN_POINT('',(2.,-0.25,2.55));
#4946 = DIRECTION('',(-1.224646799147E-16,-1.,1.110223024625E-16));
#4947 = DIRECTION('',(-1.,1.224646799147E-16,1.219283680787E-48));
#4948 = ADVANCED_FACE('',(#4949),#5111,.F.);
#4949 = FACE_BOUND('',#4950,.F.);
#4950 = EDGE_LOOP('',(#4951,#4952,#4953,#4961,#4969,#4977,#4985,#4993,
    #5001,#5009,#5017,#5025,#5033,#5041,#5049,#5057,#5065,#5073,#5081,
    #5089,#5097,#5105));
#4951 = ORIENTED_EDGE('',*,*,#4922,.F.);
#4952 = ORIENTED_EDGE('',*,*,#4622,.T.);
#4953 = ORIENTED_EDGE('',*,*,#4954,.T.);
#4954 = EDGE_CURVE('',#4623,#4955,#4957,.T.);
#4955 = VERTEX_POINT('',#4956);
#4956 = CARTESIAN_POINT('',(3.45,-6.25,4.8));
#4957 = LINE('',#4958,#4959);
#4958 = CARTESIAN_POINT('',(5.95,-6.25,4.8));
#4959 = VECTOR('',#4960,1.);
#4960 = DIRECTION('',(-1.,1.224646799147E-16,0.));
#4961 = ORIENTED_EDGE('',*,*,#4962,.T.);
#4962 = EDGE_CURVE('',#4955,#4963,#4965,.T.);
#4963 = VERTEX_POINT('',#4964);
#4964 = CARTESIAN_POINT('',(3.45,-2.35,4.8));
#4965 = LINE('',#4966,#4967);
#4966 = CARTESIAN_POINT('',(3.45,-6.25,4.8));
#4967 = VECTOR('',#4968,1.);
#4968 = DIRECTION('',(1.224646799147E-16,1.,-1.679568165459E-16));
#4969 = ORIENTED_EDGE('',*,*,#4970,.T.);
#4970 = EDGE_CURVE('',#4963,#4971,#4973,.T.);
#4971 = VERTEX_POINT('',#4972);
#4972 = CARTESIAN_POINT('',(0.55,-2.35,4.8));
#4973 = LINE('',#4974,#4975);
#4974 = CARTESIAN_POINT('',(3.45,-2.35,4.8));
#4975 = VECTOR('',#4976,1.);
#4976 = DIRECTION('',(-1.,2.755988902079E-16,-1.700131261252E-32));
#4977 = ORIENTED_EDGE('',*,*,#4978,.T.);
#4978 = EDGE_CURVE('',#4971,#4979,#4981,.T.);
#4979 = VERTEX_POINT('',#4980);
#4980 = CARTESIAN_POINT('',(0.55,-6.25,4.8));
#4981 = LINE('',#4982,#4983);
#4982 = CARTESIAN_POINT('',(0.55,-2.35,4.8));
#4983 = VECTOR('',#4984,1.);
#4984 = DIRECTION('',(-1.224646799147E-16,-1.,1.110223024625E-16));
#4985 = ORIENTED_EDGE('',*,*,#4986,.T.);
#4986 = EDGE_CURVE('',#4979,#4987,#4989,.T.);
#4987 = VERTEX_POINT('',#4988);
#4988 = CARTESIAN_POINT('',(-0.45,-6.25,4.8));
#4989 = LINE('',#4990,#4991);
#4990 = CARTESIAN_POINT('',(5.95,-6.25,4.8));
#4991 = VECTOR('',#4992,1.);
#4992 = DIRECTION('',(-1.,1.224646799147E-16,0.));
#4993 = ORIENTED_EDGE('',*,*,#4994,.F.);
#4994 = EDGE_CURVE('',#4995,#4987,#4997,.T.);
#4995 = VERTEX_POINT('',#4996);
#4996 = CARTESIAN_POINT('',(-0.45,-4.45,4.8));
#4997 = LINE('',#4998,#4999);
#4998 = CARTESIAN_POINT('',(-0.45,-4.45,4.8));
#4999 = VECTOR('',#5000,1.);
#5000 = DIRECTION('',(-1.224646799147E-16,-1.,1.110223024625E-16));
#5001 = ORIENTED_EDGE('',*,*,#5002,.F.);
#5002 = EDGE_CURVE('',#5003,#4995,#5005,.T.);
#5003 = VERTEX_POINT('',#5004);
#5004 = CARTESIAN_POINT('',(-0.4,-4.45,4.8));
#5005 = LINE('',#5006,#5007);
#5006 = CARTESIAN_POINT('',(-0.4,-4.45,4.8));
#5007 = VECTOR('',#5008,1.);
#5008 = DIRECTION('',(-1.,1.224646799147E-16,0.));
#5009 = ORIENTED_EDGE('',*,*,#5010,.F.);
#5010 = EDGE_CURVE('',#5011,#5003,#5013,.T.);
#5011 = VERTEX_POINT('',#5012);
#5012 = CARTESIAN_POINT('',(-0.4,-0.45,4.8));
#5013 = LINE('',#5014,#5015);
#5014 = CARTESIAN_POINT('',(-0.4,-0.25,4.8));
#5015 = VECTOR('',#5016,1.);
#5016 = DIRECTION('',(-1.224646799147E-16,-1.,1.110223024625E-16));
#5017 = ORIENTED_EDGE('',*,*,#5018,.F.);
#5018 = EDGE_CURVE('',#5019,#5011,#5021,.T.);
#5019 = VERTEX_POINT('',#5020);
#5020 = CARTESIAN_POINT('',(0.75,-0.45,4.8));
#5021 = LINE('',#5022,#5023);
#5022 = CARTESIAN_POINT('',(0.75,-0.45,4.8));
#5023 = VECTOR('',#5024,1.);
#5024 = DIRECTION('',(-1.,1.224646799147E-16,0.));
#5025 = ORIENTED_EDGE('',*,*,#5026,.F.);
#5026 = EDGE_CURVE('',#5027,#5019,#5029,.T.);
#5027 = VERTEX_POINT('',#5028);
#5028 = CARTESIAN_POINT('',(0.75,-0.25,4.8));
#5029 = LINE('',#5030,#5031);
#5030 = CARTESIAN_POINT('',(0.75,-0.25,4.8));
#5031 = VECTOR('',#5032,1.);
#5032 = DIRECTION('',(-1.224646799147E-16,-1.,1.110223024625E-16));
#5033 = ORIENTED_EDGE('',*,*,#5034,.F.);
#5034 = EDGE_CURVE('',#5035,#5027,#5037,.T.);
#5035 = VERTEX_POINT('',#5036);
#5036 = CARTESIAN_POINT('',(1.25,-0.25,4.8));
#5037 = LINE('',#5038,#5039);
#5038 = CARTESIAN_POINT('',(5.95,-0.25,4.8));
#5039 = VECTOR('',#5040,1.);
#5040 = DIRECTION('',(-1.,1.224646799147E-16,0.));
#5041 = ORIENTED_EDGE('',*,*,#5042,.T.);
#5042 = EDGE_CURVE('',#5035,#5043,#5045,.T.);
#5043 = VERTEX_POINT('',#5044);
#5044 = CARTESIAN_POINT('',(1.25,-0.45,4.8));
#5045 = LINE('',#5046,#5047);
#5046 = CARTESIAN_POINT('',(1.25,-0.25,4.8));
#5047 = VECTOR('',#5048,1.);
#5048 = DIRECTION('',(-1.224646799147E-16,-1.,1.110223024625E-16));
#5049 = ORIENTED_EDGE('',*,*,#5050,.F.);
#5050 = EDGE_CURVE('',#5051,#5043,#5053,.T.);
#5051 = VERTEX_POINT('',#5052);
#5052 = CARTESIAN_POINT('',(2.75,-0.45,4.8));
#5053 = LINE('',#5054,#5055);
#5054 = CARTESIAN_POINT('',(2.75,-0.45,4.8));
#5055 = VECTOR('',#5056,1.);
#5056 = DIRECTION('',(-1.,1.224646799147E-16,0.));
#5057 = ORIENTED_EDGE('',*,*,#5058,.F.);
#5058 = EDGE_CURVE('',#5059,#5051,#5061,.T.);
#5059 = VERTEX_POINT('',#5060);
#5060 = CARTESIAN_POINT('',(2.75,-0.25,4.8));
#5061 = LINE('',#5062,#5063);
#5062 = CARTESIAN_POINT('',(2.75,-0.25,4.8));
#5063 = VECTOR('',#5064,1.);
#5064 = DIRECTION('',(-1.224646799147E-16,-1.,1.110223024625E-16));
#5065 = ORIENTED_EDGE('',*,*,#5066,.F.);
#5066 = EDGE_CURVE('',#5067,#5059,#5069,.T.);
#5067 = VERTEX_POINT('',#5068);
#5068 = CARTESIAN_POINT('',(3.25,-0.25,4.8));
#5069 = LINE('',#5070,#5071);
#5070 = CARTESIAN_POINT('',(5.95,-0.25,4.8));
#5071 = VECTOR('',#5072,1.);
#5072 = DIRECTION('',(-1.,1.224646799147E-16,0.));
#5073 = ORIENTED_EDGE('',*,*,#5074,.T.);
#5074 = EDGE_CURVE('',#5067,#5075,#5077,.T.);
#5075 = VERTEX_POINT('',#5076);
#5076 = CARTESIAN_POINT('',(3.25,-0.45,4.8));
#5077 = LINE('',#5078,#5079);
#5078 = CARTESIAN_POINT('',(3.25,-0.25,4.8));
#5079 = VECTOR('',#5080,1.);
#5080 = DIRECTION('',(-1.224646799147E-16,-1.,1.110223024625E-16));
#5081 = ORIENTED_EDGE('',*,*,#5082,.F.);
#5082 = EDGE_CURVE('',#5083,#5075,#5085,.T.);
#5083 = VERTEX_POINT('',#5084);
#5084 = CARTESIAN_POINT('',(4.4,-0.45,4.8));
#5085 = LINE('',#5086,#5087);
#5086 = CARTESIAN_POINT('',(4.75,-0.45,4.8));
#5087 = VECTOR('',#5088,1.);
#5088 = DIRECTION('',(-1.,1.224646799147E-16,0.));
#5089 = ORIENTED_EDGE('',*,*,#5090,.T.);
#5090 = EDGE_CURVE('',#5083,#5091,#5093,.T.);
#5091 = VERTEX_POINT('',#5092);
#5092 = CARTESIAN_POINT('',(4.4,-4.45,4.8));
#5093 = LINE('',#5094,#5095);
#5094 = CARTESIAN_POINT('',(4.4,-0.25,4.8));
#5095 = VECTOR('',#5096,1.);
#5096 = DIRECTION('',(-1.224646799147E-16,-1.,1.110223024625E-16));
#5097 = ORIENTED_EDGE('',*,*,#5098,.T.);
#5098 = EDGE_CURVE('',#5091,#5099,#5101,.T.);
#5099 = VERTEX_POINT('',#5100);
#5100 = CARTESIAN_POINT('',(5.4,-4.45,4.8));
#5101 = LINE('',#5102,#5103);
#5102 = CARTESIAN_POINT('',(4.4,-4.45,4.8));
#5103 = VECTOR('',#5104,1.);
#5104 = DIRECTION('',(1.,-1.224646799147E-16,0.));
#5105 = ORIENTED_EDGE('',*,*,#5106,.T.);
#5106 = EDGE_CURVE('',#5099,#4923,#5107,.T.);
#5107 = LINE('',#5108,#5109);
#5108 = CARTESIAN_POINT('',(5.4,-4.45,4.8));
#5109 = VECTOR('',#5110,1.);
#5110 = DIRECTION('',(1.224646799147E-16,1.,-1.110223024625E-16));
#5111 = PLANE('',#5112);
#5112 = AXIS2_PLACEMENT_3D('',#5113,#5114,#5115);
#5113 = CARTESIAN_POINT('',(5.95,-0.25,4.8));
#5114 = DIRECTION('',(-1.359631073447E-32,-1.110223024625E-16,-1.));
#5115 = DIRECTION('',(-1.,1.224646799147E-16,6.927121900793E-45));
#5116 = ADVANCED_FACE('',(#5117),#5142,.T.);
#5117 = FACE_BOUND('',#5118,.T.);
#5118 = EDGE_LOOP('',(#5119,#5125,#5126,#5127,#5135,#5141));
#5119 = ORIENTED_EDGE('',*,*,#5120,.F.);
#5120 = EDGE_CURVE('',#4631,#4776,#5121,.T.);
#5121 = LINE('',#5122,#5123);
#5122 = CARTESIAN_POINT('',(5.95,-6.25,3.3));
#5123 = VECTOR('',#5124,1.);
#5124 = DIRECTION('',(-1.,1.224646799147E-16,0.));
#5125 = ORIENTED_EDGE('',*,*,#4630,.T.);
#5126 = ORIENTED_EDGE('',*,*,#4954,.T.);
#5127 = ORIENTED_EDGE('',*,*,#5128,.T.);
#5128 = EDGE_CURVE('',#4955,#5129,#5131,.T.);
#5129 = VERTEX_POINT('',#5130);
#5130 = CARTESIAN_POINT('',(3.45,-6.25,4.2));
#5131 = LINE('',#5132,#5133);
#5132 = CARTESIAN_POINT('',(3.45,-6.25,4.8));
#5133 = VECTOR('',#5134,1.);
#5134 = DIRECTION('',(-1.359631073447E-32,-1.110223024625E-16,-1.));
#5135 = ORIENTED_EDGE('',*,*,#5136,.F.);
#5136 = EDGE_CURVE('',#4768,#5129,#5137,.T.);
#5137 = LINE('',#5138,#5139);
#5138 = CARTESIAN_POINT('',(5.45,-6.25,4.2));
#5139 = VECTOR('',#5140,1.);
#5140 = DIRECTION('',(-1.,1.224646799147E-16,0.));
#5141 = ORIENTED_EDGE('',*,*,#4775,.F.);
#5142 = PLANE('',#5143);
#5143 = AXIS2_PLACEMENT_3D('',#5144,#5145,#5146);
#5144 = CARTESIAN_POINT('',(2.,-6.25,2.55));
#5145 = DIRECTION('',(-1.224646799147E-16,-1.,1.110223024625E-16));
#5146 = DIRECTION('',(-1.,1.224646799147E-16,1.219283680787E-48));
#5147 = ADVANCED_FACE('',(#5148),#5154,.T.);
#5148 = FACE_BOUND('',#5149,.T.);
#5149 = EDGE_LOOP('',(#5150,#5151,#5152,#5153));
#5150 = ORIENTED_EDGE('',*,*,#4638,.F.);
#5151 = ORIENTED_EDGE('',*,*,#5120,.T.);
#5152 = ORIENTED_EDGE('',*,*,#4783,.T.);
#5153 = ORIENTED_EDGE('',*,*,#4809,.F.);
#5154 = PLANE('',#5155);
#5155 = AXIS2_PLACEMENT_3D('',#5156,#5157,#5158);
#5156 = CARTESIAN_POINT('',(5.95,-6.25,3.3));
#5157 = DIRECTION('',(-1.359631073447E-32,-1.110223024625E-16,-1.));
#5158 = DIRECTION('',(1.224646799147E-16,1.,-1.110223024625E-16));
#5159 = ADVANCED_FACE('',(#5160),#5272,.F.);
#5160 = FACE_BOUND('',#5161,.F.);
#5161 = EDGE_LOOP('',(#5162,#5172,#5178,#5179,#5185,#5186,#5194,#5202,
    #5210,#5218,#5226,#5234,#5242,#5250,#5258,#5266));
#5162 = ORIENTED_EDGE('',*,*,#5163,.F.);
#5163 = EDGE_CURVE('',#5164,#5166,#5168,.T.);
#5164 = VERTEX_POINT('',#5165);
#5165 = CARTESIAN_POINT('',(-0.95,-0.25,0.3));
#5166 = VERTEX_POINT('',#5167);
#5167 = CARTESIAN_POINT('',(-0.75,-0.25,0.3));
#5168 = LINE('',#5169,#5170);
#5169 = CARTESIAN_POINT('',(-1.95,-0.25,0.3));
#5170 = VECTOR('',#5171,1.);
#5171 = DIRECTION('',(1.,-1.224646799147E-16,0.));
#5172 = ORIENTED_EDGE('',*,*,#5173,.F.);
#5173 = EDGE_CURVE('',#4663,#5164,#5174,.T.);
#5174 = LINE('',#5175,#5176);
#5175 = CARTESIAN_POINT('',(-0.95,-6.25,0.3));
#5176 = VECTOR('',#5177,1.);
#5177 = DIRECTION('',(1.224646799147E-16,1.,0.));
#5178 = ORIENTED_EDGE('',*,*,#4662,.T.);
#5179 = ORIENTED_EDGE('',*,*,#5180,.T.);
#5180 = EDGE_CURVE('',#4665,#4907,#5181,.T.);
#5181 = LINE('',#5182,#5183);
#5182 = CARTESIAN_POINT('',(4.95,-6.25,0.3));
#5183 = VECTOR('',#5184,1.);
#5184 = DIRECTION('',(1.224646799147E-16,1.,0.));
#5185 = ORIENTED_EDGE('',*,*,#4906,.F.);
#5186 = ORIENTED_EDGE('',*,*,#5187,.F.);
#5187 = EDGE_CURVE('',#5188,#4897,#5190,.T.);
#5188 = VERTEX_POINT('',#5189);
#5189 = CARTESIAN_POINT('',(4.75,-0.45,0.3));
#5190 = LINE('',#5191,#5192);
#5191 = CARTESIAN_POINT('',(4.75,-0.45,0.3));
#5192 = VECTOR('',#5193,1.);
#5193 = DIRECTION('',(1.224646799147E-16,1.,-1.110223024625E-16));
#5194 = ORIENTED_EDGE('',*,*,#5195,.T.);
#5195 = EDGE_CURVE('',#5188,#5196,#5198,.T.);
#5196 = VERTEX_POINT('',#5197);
#5197 = CARTESIAN_POINT('',(3.25,-0.45,0.3));
#5198 = LINE('',#5199,#5200);
#5199 = CARTESIAN_POINT('',(4.75,-0.45,0.3));
#5200 = VECTOR('',#5201,1.);
#5201 = DIRECTION('',(-1.,1.224646799147E-16,0.));
#5202 = ORIENTED_EDGE('',*,*,#5203,.T.);
#5203 = EDGE_CURVE('',#5196,#5204,#5206,.T.);
#5204 = VERTEX_POINT('',#5205);
#5205 = CARTESIAN_POINT('',(3.25,-0.25,0.3));
#5206 = LINE('',#5207,#5208);
#5207 = CARTESIAN_POINT('',(3.25,-0.45,0.3));
#5208 = VECTOR('',#5209,1.);
#5209 = DIRECTION('',(1.224646799147E-16,1.,-1.110223024625E-16));
#5210 = ORIENTED_EDGE('',*,*,#5211,.F.);
#5211 = EDGE_CURVE('',#5212,#5204,#5214,.T.);
#5212 = VERTEX_POINT('',#5213);
#5213 = CARTESIAN_POINT('',(2.75,-0.25,0.3));
#5214 = LINE('',#5215,#5216);
#5215 = CARTESIAN_POINT('',(-1.95,-0.25,0.3));
#5216 = VECTOR('',#5217,1.);
#5217 = DIRECTION('',(1.,-1.224646799147E-16,0.));
#5218 = ORIENTED_EDGE('',*,*,#5219,.F.);
#5219 = EDGE_CURVE('',#5220,#5212,#5222,.T.);
#5220 = VERTEX_POINT('',#5221);
#5221 = CARTESIAN_POINT('',(2.75,-0.45,0.3));
#5222 = LINE('',#5223,#5224);
#5223 = CARTESIAN_POINT('',(2.75,-0.45,0.3));
#5224 = VECTOR('',#5225,1.);
#5225 = DIRECTION('',(1.224646799147E-16,1.,-1.110223024625E-16));
#5226 = ORIENTED_EDGE('',*,*,#5227,.T.);
#5227 = EDGE_CURVE('',#5220,#5228,#5230,.T.);
#5228 = VERTEX_POINT('',#5229);
#5229 = CARTESIAN_POINT('',(1.25,-0.45,0.3));
#5230 = LINE('',#5231,#5232);
#5231 = CARTESIAN_POINT('',(2.75,-0.45,0.3));
#5232 = VECTOR('',#5233,1.);
#5233 = DIRECTION('',(-1.,1.224646799147E-16,0.));
#5234 = ORIENTED_EDGE('',*,*,#5235,.T.);
#5235 = EDGE_CURVE('',#5228,#5236,#5238,.T.);
#5236 = VERTEX_POINT('',#5237);
#5237 = CARTESIAN_POINT('',(1.25,-0.25,0.3));
#5238 = LINE('',#5239,#5240);
#5239 = CARTESIAN_POINT('',(1.25,-0.45,0.3));
#5240 = VECTOR('',#5241,1.);
#5241 = DIRECTION('',(1.224646799147E-16,1.,-1.110223024625E-16));
#5242 = ORIENTED_EDGE('',*,*,#5243,.F.);
#5243 = EDGE_CURVE('',#5244,#5236,#5246,.T.);
#5244 = VERTEX_POINT('',#5245);
#5245 = CARTESIAN_POINT('',(0.75,-0.25,0.3));
#5246 = LINE('',#5247,#5248);
#5247 = CARTESIAN_POINT('',(-1.95,-0.25,0.3));
#5248 = VECTOR('',#5249,1.);
#5249 = DIRECTION('',(1.,-1.224646799147E-16,0.));
#5250 = ORIENTED_EDGE('',*,*,#5251,.F.);
#5251 = EDGE_CURVE('',#5252,#5244,#5254,.T.);
#5252 = VERTEX_POINT('',#5253);
#5253 = CARTESIAN_POINT('',(0.75,-0.45,0.3));
#5254 = LINE('',#5255,#5256);
#5255 = CARTESIAN_POINT('',(0.75,-0.45,0.3));
#5256 = VECTOR('',#5257,1.);
#5257 = DIRECTION('',(1.224646799147E-16,1.,-1.110223024625E-16));
#5258 = ORIENTED_EDGE('',*,*,#5259,.T.);
#5259 = EDGE_CURVE('',#5252,#5260,#5262,.T.);
#5260 = VERTEX_POINT('',#5261);
#5261 = CARTESIAN_POINT('',(-0.75,-0.45,0.3));
#5262 = LINE('',#5263,#5264);
#5263 = CARTESIAN_POINT('',(0.75,-0.45,0.3));
#5264 = VECTOR('',#5265,1.);
#5265 = DIRECTION('',(-1.,1.224646799147E-16,0.));
#5266 = ORIENTED_EDGE('',*,*,#5267,.T.);
#5267 = EDGE_CURVE('',#5260,#5166,#5268,.T.);
#5268 = LINE('',#5269,#5270);
#5269 = CARTESIAN_POINT('',(-0.75,-0.45,0.3));
#5270 = VECTOR('',#5271,1.);
#5271 = DIRECTION('',(1.224646799147E-16,1.,-1.110223024625E-16));
#5272 = PLANE('',#5273);
#5273 = AXIS2_PLACEMENT_3D('',#5274,#5275,#5276);
#5274 = CARTESIAN_POINT('',(-1.95,-0.25,0.3));
#5275 = DIRECTION('',(1.359631073447E-32,1.110223024625E-16,1.));
#5276 = DIRECTION('',(1.,-1.224646799147E-16,-6.927121900793E-45));
#5277 = ADVANCED_FACE('',(#5278),#5286,.T.);
#5278 = FACE_BOUND('',#5279,.T.);
#5279 = EDGE_LOOP('',(#5280,#5281,#5282,#5283,#5284,#5285));
#5280 = ORIENTED_EDGE('',*,*,#4914,.T.);
#5281 = ORIENTED_EDGE('',*,*,#4880,.T.);
#5282 = ORIENTED_EDGE('',*,*,#4856,.T.);
#5283 = ORIENTED_EDGE('',*,*,#4832,.T.);
#5284 = ORIENTED_EDGE('',*,*,#4672,.T.);
#5285 = ORIENTED_EDGE('',*,*,#5180,.T.);
#5286 = PLANE('',#5287);
#5287 = AXIS2_PLACEMENT_3D('',#5288,#5289,#5290);
#5288 = CARTESIAN_POINT('',(4.95,-1.566489992801,0.968760807125));
#5289 = DIRECTION('',(-1.,1.224646799147E-16,0.));
#5290 = DIRECTION('',(0.,0.,1.));
#5291 = ADVANCED_FACE('',(#5292),#5374,.F.);
#5292 = FACE_BOUND('',#5293,.F.);
#5293 = EDGE_LOOP('',(#5294,#5295,#5303,#5311,#5319,#5327,#5335,#5343,
    #5351,#5359,#5367,#5373));
#5294 = ORIENTED_EDGE('',*,*,#4696,.F.);
#5295 = ORIENTED_EDGE('',*,*,#5296,.T.);
#5296 = EDGE_CURVE('',#4697,#5297,#5299,.T.);
#5297 = VERTEX_POINT('',#5298);
#5298 = CARTESIAN_POINT('',(-1.45,-2.05,0.8));
#5299 = LINE('',#5300,#5301);
#5300 = CARTESIAN_POINT('',(-1.45,-6.25,0.8));
#5301 = VECTOR('',#5302,1.);
#5302 = DIRECTION('',(1.224646799147E-16,1.,-1.110223024625E-16));
#5303 = ORIENTED_EDGE('',*,*,#5304,.T.);
#5304 = EDGE_CURVE('',#5297,#5305,#5307,.T.);
#5305 = VERTEX_POINT('',#5306);
#5306 = CARTESIAN_POINT('',(0.8,-2.05,0.8));
#5307 = LINE('',#5308,#5309);
#5308 = CARTESIAN_POINT('',(-1.45,-2.05,0.8));
#5309 = VECTOR('',#5310,1.);
#5310 = DIRECTION('',(1.,-1.224646799147E-16,0.));
#5311 = ORIENTED_EDGE('',*,*,#5312,.T.);
#5312 = EDGE_CURVE('',#5305,#5313,#5315,.T.);
#5313 = VERTEX_POINT('',#5314);
#5314 = CARTESIAN_POINT('',(0.8,-3.95,0.8));
#5315 = LINE('',#5316,#5317);
#5316 = CARTESIAN_POINT('',(0.8,-2.05,0.8));
#5317 = VECTOR('',#5318,1.);
#5318 = DIRECTION('',(-1.224646799147E-16,-1.,1.110223024625E-16));
#5319 = ORIENTED_EDGE('',*,*,#5320,.T.);
#5320 = EDGE_CURVE('',#5313,#5321,#5323,.T.);
#5321 = VERTEX_POINT('',#5322);
#5322 = CARTESIAN_POINT('',(1.2,-3.95,0.8));
#5323 = LINE('',#5324,#5325);
#5324 = CARTESIAN_POINT('',(0.8,-3.95,0.8));
#5325 = VECTOR('',#5326,1.);
#5326 = DIRECTION('',(1.,-1.224646799147E-16,0.));
#5327 = ORIENTED_EDGE('',*,*,#5328,.F.);
#5328 = EDGE_CURVE('',#5329,#5321,#5331,.T.);
#5329 = VERTEX_POINT('',#5330);
#5330 = CARTESIAN_POINT('',(1.2,-2.05,0.8));
#5331 = LINE('',#5332,#5333);
#5332 = CARTESIAN_POINT('',(1.2,-2.05,0.8));
#5333 = VECTOR('',#5334,1.);
#5334 = DIRECTION('',(-1.224646799147E-16,-1.,1.110223024625E-16));
#5335 = ORIENTED_EDGE('',*,*,#5336,.T.);
#5336 = EDGE_CURVE('',#5329,#5337,#5339,.T.);
#5337 = VERTEX_POINT('',#5338);
#5338 = CARTESIAN_POINT('',(2.8,-2.05,0.8));
#5339 = LINE('',#5340,#5341);
#5340 = CARTESIAN_POINT('',(-1.45,-2.05,0.8));
#5341 = VECTOR('',#5342,1.);
#5342 = DIRECTION('',(1.,-1.224646799147E-16,0.));
#5343 = ORIENTED_EDGE('',*,*,#5344,.T.);
#5344 = EDGE_CURVE('',#5337,#5345,#5347,.T.);
#5345 = VERTEX_POINT('',#5346);
#5346 = CARTESIAN_POINT('',(2.8,-3.95,0.8));
#5347 = LINE('',#5348,#5349);
#5348 = CARTESIAN_POINT('',(2.8,-2.05,0.8));
#5349 = VECTOR('',#5350,1.);
#5350 = DIRECTION('',(-1.224646799147E-16,-1.,1.110223024625E-16));
#5351 = ORIENTED_EDGE('',*,*,#5352,.T.);
#5352 = EDGE_CURVE('',#5345,#5353,#5355,.T.);
#5353 = VERTEX_POINT('',#5354);
#5354 = CARTESIAN_POINT('',(3.2,-3.95,0.8));
#5355 = LINE('',#5356,#5357);
#5356 = CARTESIAN_POINT('',(2.8,-3.95,0.8));
#5357 = VECTOR('',#5358,1.);
#5358 = DIRECTION('',(1.,-1.224646799147E-16,0.));
#5359 = ORIENTED_EDGE('',*,*,#5360,.F.);
#5360 = EDGE_CURVE('',#5361,#5353,#5363,.T.);
#5361 = VERTEX_POINT('',#5362);
#5362 = CARTESIAN_POINT('',(3.2,-2.05,0.8));
#5363 = LINE('',#5364,#5365);
#5364 = CARTESIAN_POINT('',(3.2,-2.05,0.8));
#5365 = VECTOR('',#5366,1.);
#5366 = DIRECTION('',(-1.224646799147E-16,-1.,1.110223024625E-16));
#5367 = ORIENTED_EDGE('',*,*,#5368,.T.);
#5368 = EDGE_CURVE('',#5361,#4752,#5369,.T.);
#5369 = LINE('',#5370,#5371);
#5370 = CARTESIAN_POINT('',(-1.45,-2.05,0.8));
#5371 = VECTOR('',#5372,1.);
#5372 = DIRECTION('',(1.,-1.224646799147E-16,0.));
#5373 = ORIENTED_EDGE('',*,*,#4751,.F.);
#5374 = PLANE('',#5375);
#5375 = AXIS2_PLACEMENT_3D('',#5376,#5377,#5378);
#5376 = CARTESIAN_POINT('',(-1.45,-6.25,0.8));
#5377 = DIRECTION('',(-1.359631073447E-32,-1.110223024625E-16,-1.));
#5378 = DIRECTION('',(1.,-1.224646799147E-16,-6.927121900793E-45));
#5379 = ADVANCED_FACE('',(#5380),#5431,.F.);
#5380 = FACE_BOUND('',#5381,.F.);
#5381 = EDGE_LOOP('',(#5382,#5392,#5400,#5406,#5407,#5408,#5416,#5425));
#5382 = ORIENTED_EDGE('',*,*,#5383,.F.);
#5383 = EDGE_CURVE('',#5384,#5386,#5388,.T.);
#5384 = VERTEX_POINT('',#5385);
#5385 = CARTESIAN_POINT('',(-1.45,-6.25,4.2));
#5386 = VERTEX_POINT('',#5387);
#5387 = CARTESIAN_POINT('',(-1.45,-6.25,3.3));
#5388 = LINE('',#5389,#5390);
#5389 = CARTESIAN_POINT('',(-1.45,-6.25,4.2));
#5390 = VECTOR('',#5391,1.);
#5391 = DIRECTION('',(-1.359631073447E-32,-1.110223024625E-16,-1.));
#5392 = ORIENTED_EDGE('',*,*,#5393,.T.);
#5393 = EDGE_CURVE('',#5384,#5394,#5396,.T.);
#5394 = VERTEX_POINT('',#5395);
#5395 = CARTESIAN_POINT('',(-1.45,-2.05,4.2));
#5396 = LINE('',#5397,#5398);
#5397 = CARTESIAN_POINT('',(-1.45,-6.25,4.2));
#5398 = VECTOR('',#5399,1.);
#5399 = DIRECTION('',(1.224646799147E-16,1.,-1.110223024625E-16));
#5400 = ORIENTED_EDGE('',*,*,#5401,.T.);
#5401 = EDGE_CURVE('',#5394,#5297,#5402,.T.);
#5402 = LINE('',#5403,#5404);
#5403 = CARTESIAN_POINT('',(-1.45,-2.05,4.2));
#5404 = VECTOR('',#5405,1.);
#5405 = DIRECTION('',(-1.359631073447E-32,-1.110223024625E-16,-1.));
#5406 = ORIENTED_EDGE('',*,*,#5296,.F.);
#5407 = ORIENTED_EDGE('',*,*,#4704,.F.);
#5408 = ORIENTED_EDGE('',*,*,#5409,.T.);
#5409 = EDGE_CURVE('',#4705,#5410,#5412,.T.);
#5410 = VERTEX_POINT('',#5411);
#5411 = CARTESIAN_POINT('',(-1.45,-4.65,2.5));
#5412 = LINE('',#5413,#5414);
#5413 = CARTESIAN_POINT('',(-1.45,-5.45,2.5));
#5414 = VECTOR('',#5415,1.);
#5415 = DIRECTION('',(1.224646799147E-16,1.,-1.110223024625E-16));
#5416 = ORIENTED_EDGE('',*,*,#5417,.T.);
#5417 = EDGE_CURVE('',#5410,#5418,#5420,.T.);
#5418 = VERTEX_POINT('',#5419);
#5419 = CARTESIAN_POINT('',(-1.45,-4.65,3.3));
#5420 = CIRCLE('',#5421,0.4);
#5421 = AXIS2_PLACEMENT_3D('',#5422,#5423,#5424);
#5422 = CARTESIAN_POINT('',(-1.45,-4.65,2.9));
#5423 = DIRECTION('',(1.,-1.224646799147E-16,0.));
#5424 = DIRECTION('',(1.359631073446E-32,1.110223024625E-16,1.));
#5425 = ORIENTED_EDGE('',*,*,#5426,.T.);
#5426 = EDGE_CURVE('',#5418,#5386,#5427,.T.);
#5427 = LINE('',#5428,#5429);
#5428 = CARTESIAN_POINT('',(-1.45,-6.25,3.3));
#5429 = VECTOR('',#5430,1.);
#5430 = DIRECTION('',(-1.224646799147E-16,-1.,1.110223024625E-16));
#5431 = PLANE('',#5432);
#5432 = AXIS2_PLACEMENT_3D('',#5433,#5434,#5435);
#5433 = CARTESIAN_POINT('',(-1.45,-6.25,4.2));
#5434 = DIRECTION('',(-1.,1.224646799147E-16,0.));
#5435 = DIRECTION('',(-1.359631073446E-32,-1.110223024625E-16,-1.));
#5436 = ADVANCED_FACE('',(#5437),#5455,.T.);
#5437 = FACE_BOUND('',#5438,.T.);
#5438 = EDGE_LOOP('',(#5439,#5440,#5448,#5454));
#5439 = ORIENTED_EDGE('',*,*,#5409,.T.);
#5440 = ORIENTED_EDGE('',*,*,#5441,.T.);
#5441 = EDGE_CURVE('',#5410,#5442,#5444,.T.);
#5442 = VERTEX_POINT('',#5443);
#5443 = CARTESIAN_POINT('',(-1.95,-4.65,2.5));
#5444 = LINE('',#5445,#5446);
#5445 = CARTESIAN_POINT('',(5.95,-4.65,2.5));
#5446 = VECTOR('',#5447,1.);
#5447 = DIRECTION('',(-1.,1.224646799147E-16,0.));
#5448 = ORIENTED_EDGE('',*,*,#5449,.T.);
#5449 = EDGE_CURVE('',#5442,#4713,#5450,.T.);
#5450 = LINE('',#5451,#5452);
#5451 = CARTESIAN_POINT('',(-1.95,-2.45,2.5));
#5452 = VECTOR('',#5453,1.);
#5453 = DIRECTION('',(-1.224646799147E-16,-1.,1.110223024625E-16));
#5454 = ORIENTED_EDGE('',*,*,#4712,.F.);
#5455 = PLANE('',#5456);
#5456 = AXIS2_PLACEMENT_3D('',#5457,#5458,#5459);
#5457 = CARTESIAN_POINT('',(5.95,-4.65,2.5));
#5458 = DIRECTION('',(1.359631073447E-32,1.110223024625E-16,1.));
#5459 = DIRECTION('',(-1.224646799147E-16,-1.,1.110223024625E-16));
#5460 = ADVANCED_FACE('',(#5461),#5528,.T.);
#5461 = FACE_BOUND('',#5462,.T.);
#5462 = EDGE_LOOP('',(#5463,#5473,#5481,#5489,#5495,#5496,#5497,#5506,
    #5514,#5522));
#5463 = ORIENTED_EDGE('',*,*,#5464,.T.);
#5464 = EDGE_CURVE('',#5465,#5467,#5469,.T.);
#5465 = VERTEX_POINT('',#5466);
#5466 = CARTESIAN_POINT('',(-1.95,-0.25,4.8));
#5467 = VERTEX_POINT('',#5468);
#5468 = CARTESIAN_POINT('',(-1.95,-0.25,4.1));
#5469 = LINE('',#5470,#5471);
#5470 = CARTESIAN_POINT('',(-1.95,-0.25,4.8));
#5471 = VECTOR('',#5472,1.);
#5472 = DIRECTION('',(-1.359631073447E-32,-1.110223024625E-16,-1.));
#5473 = ORIENTED_EDGE('',*,*,#5474,.T.);
#5474 = EDGE_CURVE('',#5467,#5475,#5477,.T.);
#5475 = VERTEX_POINT('',#5476);
#5476 = CARTESIAN_POINT('',(-1.95,1.35,3.2));
#5477 = LINE('',#5478,#5479);
#5478 = CARTESIAN_POINT('',(-1.95,-0.25,4.1));
#5479 = VECTOR('',#5480,1.);
#5480 = DIRECTION('',(1.067372191754E-16,0.871575537124,-0.490261239633)
  );
#5481 = ORIENTED_EDGE('',*,*,#5482,.T.);
#5482 = EDGE_CURVE('',#5475,#5483,#5485,.T.);
#5483 = VERTEX_POINT('',#5484);
#5484 = CARTESIAN_POINT('',(-1.95,1.35,0.));
#5485 = LINE('',#5486,#5487);
#5486 = CARTESIAN_POINT('',(-1.95,1.35,3.2));
#5487 = VECTOR('',#5488,1.);
#5488 = DIRECTION('',(-0.,0.,-1.));
#5489 = ORIENTED_EDGE('',*,*,#5490,.T.);
#5490 = EDGE_CURVE('',#5483,#4721,#5491,.T.);
#5491 = LINE('',#5492,#5493);
#5492 = CARTESIAN_POINT('',(-1.95,1.35,0.));
#5493 = VECTOR('',#5494,1.);
#5494 = DIRECTION('',(-1.224646799147E-16,-1.,0.));
#5495 = ORIENTED_EDGE('',*,*,#4720,.F.);
#5496 = ORIENTED_EDGE('',*,*,#5449,.F.);
#5497 = ORIENTED_EDGE('',*,*,#5498,.T.);
#5498 = EDGE_CURVE('',#5442,#5499,#5501,.T.);
#5499 = VERTEX_POINT('',#5500);
#5500 = CARTESIAN_POINT('',(-1.95,-4.65,3.3));
#5501 = CIRCLE('',#5502,0.4);
#5502 = AXIS2_PLACEMENT_3D('',#5503,#5504,#5505);
#5503 = CARTESIAN_POINT('',(-1.95,-4.65,2.9));
#5504 = DIRECTION('',(1.,-1.224646799147E-16,0.));
#5505 = DIRECTION('',(1.359631073446E-32,1.110223024625E-16,1.));
#5506 = ORIENTED_EDGE('',*,*,#5507,.F.);
#5507 = EDGE_CURVE('',#5508,#5499,#5510,.T.);
#5508 = VERTEX_POINT('',#5509);
#5509 = CARTESIAN_POINT('',(-1.95,-6.25,3.3));
#5510 = LINE('',#5511,#5512);
#5511 = CARTESIAN_POINT('',(-1.95,-3.25,3.3));
#5512 = VECTOR('',#5513,1.);
#5513 = DIRECTION('',(1.224646799147E-16,1.,-1.110223024625E-16));
#5514 = ORIENTED_EDGE('',*,*,#5515,.F.);
#5515 = EDGE_CURVE('',#5516,#5508,#5518,.T.);
#5516 = VERTEX_POINT('',#5517);
#5517 = CARTESIAN_POINT('',(-1.95,-6.25,4.8));
#5518 = LINE('',#5519,#5520);
#5519 = CARTESIAN_POINT('',(-1.95,-6.25,4.8));
#5520 = VECTOR('',#5521,1.);
#5521 = DIRECTION('',(-1.359631073447E-32,-1.110223024625E-16,-1.));
#5522 = ORIENTED_EDGE('',*,*,#5523,.F.);
#5523 = EDGE_CURVE('',#5465,#5516,#5524,.T.);
#5524 = LINE('',#5525,#5526);
#5525 = CARTESIAN_POINT('',(-1.95,-0.25,4.8));
#5526 = VECTOR('',#5527,1.);
#5527 = DIRECTION('',(-1.224646799147E-16,-1.,1.110223024625E-16));
#5528 = PLANE('',#5529);
#5529 = AXIS2_PLACEMENT_3D('',#5530,#5531,#5532);
#5530 = CARTESIAN_POINT('',(-1.95,-2.909897467985,2.368621550033));
#5531 = DIRECTION('',(-1.,1.224646799147E-16,7.051830033895E-32));
#5532 = DIRECTION('',(7.051830033895E-32,-8.636001079141E-48,1.));
#5533 = ADVANCED_FACE('',(#5534),#5552,.F.);
#5534 = FACE_BOUND('',#5535,.F.);
#5535 = EDGE_LOOP('',(#5536,#5544,#5545,#5546));
#5536 = ORIENTED_EDGE('',*,*,#5537,.T.);
#5537 = EDGE_CURVE('',#5538,#5483,#5540,.T.);
#5538 = VERTEX_POINT('',#5539);
#5539 = CARTESIAN_POINT('',(-0.95,1.35,0.));
#5540 = LINE('',#5541,#5542);
#5541 = CARTESIAN_POINT('',(-0.95,1.35,0.));
#5542 = VECTOR('',#5543,1.);
#5543 = DIRECTION('',(-1.,1.224646799147E-16,0.));
#5544 = ORIENTED_EDGE('',*,*,#5490,.T.);
#5545 = ORIENTED_EDGE('',*,*,#4728,.F.);
#5546 = ORIENTED_EDGE('',*,*,#5547,.F.);
#5547 = EDGE_CURVE('',#5538,#4729,#5548,.T.);
#5548 = LINE('',#5549,#5550);
#5549 = CARTESIAN_POINT('',(-0.95,1.35,0.));
#5550 = VECTOR('',#5551,1.);
#5551 = DIRECTION('',(-1.224646799147E-16,-1.,0.));
#5552 = PLANE('',#5553);
#5553 = AXIS2_PLACEMENT_3D('',#5554,#5555,#5556);
#5554 = CARTESIAN_POINT('',(-0.95,1.35,0.));
#5555 = DIRECTION('',(0.,0.,1.));
#5556 = DIRECTION('',(-1.224646799147E-16,-1.,0.));
#5557 = ADVANCED_FACE('',(#5558),#5585,.F.);
#5558 = FACE_BOUND('',#5559,.F.);
#5559 = EDGE_LOOP('',(#5560,#5568,#5576,#5582,#5583,#5584));
#5560 = ORIENTED_EDGE('',*,*,#5561,.T.);
#5561 = EDGE_CURVE('',#5164,#5562,#5564,.T.);
#5562 = VERTEX_POINT('',#5563);
#5563 = CARTESIAN_POINT('',(-0.95,-0.25,4.1));
#5564 = LINE('',#5565,#5566);
#5565 = CARTESIAN_POINT('',(-0.95,-0.25,0.3));
#5566 = VECTOR('',#5567,1.);
#5567 = DIRECTION('',(0.,0.,1.));
#5568 = ORIENTED_EDGE('',*,*,#5569,.T.);
#5569 = EDGE_CURVE('',#5562,#5570,#5572,.T.);
#5570 = VERTEX_POINT('',#5571);
#5571 = CARTESIAN_POINT('',(-0.95,1.35,3.2));
#5572 = LINE('',#5573,#5574);
#5573 = CARTESIAN_POINT('',(-0.95,-0.25,4.1));
#5574 = VECTOR('',#5575,1.);
#5575 = DIRECTION('',(1.067372191754E-16,0.871575537124,-0.490261239633)
  );
#5576 = ORIENTED_EDGE('',*,*,#5577,.T.);
#5577 = EDGE_CURVE('',#5570,#5538,#5578,.T.);
#5578 = LINE('',#5579,#5580);
#5579 = CARTESIAN_POINT('',(-0.95,1.35,3.2));
#5580 = VECTOR('',#5581,1.);
#5581 = DIRECTION('',(-0.,0.,-1.));
#5582 = ORIENTED_EDGE('',*,*,#5547,.T.);
#5583 = ORIENTED_EDGE('',*,*,#4736,.T.);
#5584 = ORIENTED_EDGE('',*,*,#5173,.T.);
#5585 = PLANE('',#5586);
#5586 = AXIS2_PLACEMENT_3D('',#5587,#5588,#5589);
#5587 = CARTESIAN_POINT('',(-0.95,-1.566489992801,0.968760807125));
#5588 = DIRECTION('',(-1.,1.224646799147E-16,0.));
#5589 = DIRECTION('',(0.,0.,1.));
#5590 = ADVANCED_FACE('',(#5591),#5696,.F.);
#5591 = FACE_BOUND('',#5592,.F.);
#5592 = EDGE_LOOP('',(#5593,#5594,#5595,#5603,#5611,#5619,#5627,#5635,
    #5643,#5651,#5659,#5665,#5666,#5674,#5682,#5690));
#5593 = ORIENTED_EDGE('',*,*,#5136,.F.);
#5594 = ORIENTED_EDGE('',*,*,#4767,.T.);
#5595 = ORIENTED_EDGE('',*,*,#5596,.T.);
#5596 = EDGE_CURVE('',#4760,#5597,#5599,.T.);
#5597 = VERTEX_POINT('',#5598);
#5598 = CARTESIAN_POINT('',(5.4,-2.05,4.2));
#5599 = LINE('',#5600,#5601);
#5600 = CARTESIAN_POINT('',(5.45,-2.05,4.2));
#5601 = VECTOR('',#5602,1.);
#5602 = DIRECTION('',(-1.,1.224646799147E-16,0.));
#5603 = ORIENTED_EDGE('',*,*,#5604,.F.);
#5604 = EDGE_CURVE('',#5605,#5597,#5607,.T.);
#5605 = VERTEX_POINT('',#5606);
#5606 = CARTESIAN_POINT('',(5.4,-4.45,4.2));
#5607 = LINE('',#5608,#5609);
#5608 = CARTESIAN_POINT('',(5.4,-4.45,4.2));
#5609 = VECTOR('',#5610,1.);
#5610 = DIRECTION('',(1.224646799147E-16,1.,-1.110223024625E-16));
#5611 = ORIENTED_EDGE('',*,*,#5612,.F.);
#5612 = EDGE_CURVE('',#5613,#5605,#5615,.T.);
#5613 = VERTEX_POINT('',#5614);
#5614 = CARTESIAN_POINT('',(4.4,-4.45,4.2));
#5615 = LINE('',#5616,#5617);
#5616 = CARTESIAN_POINT('',(4.4,-4.45,4.2));
#5617 = VECTOR('',#5618,1.);
#5618 = DIRECTION('',(1.,-1.224646799147E-16,0.));
#5619 = ORIENTED_EDGE('',*,*,#5620,.F.);
#5620 = EDGE_CURVE('',#5621,#5613,#5623,.T.);
#5621 = VERTEX_POINT('',#5622);
#5622 = CARTESIAN_POINT('',(4.4,-2.05,4.2));
#5623 = LINE('',#5624,#5625);
#5624 = CARTESIAN_POINT('',(4.4,-0.25,4.2));
#5625 = VECTOR('',#5626,1.);
#5626 = DIRECTION('',(-1.224646799147E-16,-1.,1.110223024625E-16));
#5627 = ORIENTED_EDGE('',*,*,#5628,.T.);
#5628 = EDGE_CURVE('',#5621,#5629,#5631,.T.);
#5629 = VERTEX_POINT('',#5630);
#5630 = CARTESIAN_POINT('',(-0.4,-2.05,4.2));
#5631 = LINE('',#5632,#5633);
#5632 = CARTESIAN_POINT('',(5.45,-2.05,4.2));
#5633 = VECTOR('',#5634,1.);
#5634 = DIRECTION('',(-1.,1.224646799147E-16,0.));
#5635 = ORIENTED_EDGE('',*,*,#5636,.T.);
#5636 = EDGE_CURVE('',#5629,#5637,#5639,.T.);
#5637 = VERTEX_POINT('',#5638);
#5638 = CARTESIAN_POINT('',(-0.4,-4.45,4.2));
#5639 = LINE('',#5640,#5641);
#5640 = CARTESIAN_POINT('',(-0.4,-0.25,4.2));
#5641 = VECTOR('',#5642,1.);
#5642 = DIRECTION('',(-1.224646799147E-16,-1.,1.110223024625E-16));
#5643 = ORIENTED_EDGE('',*,*,#5644,.T.);
#5644 = EDGE_CURVE('',#5637,#5645,#5647,.T.);
#5645 = VERTEX_POINT('',#5646);
#5646 = CARTESIAN_POINT('',(-1.4,-4.45,4.2));
#5647 = LINE('',#5648,#5649);
#5648 = CARTESIAN_POINT('',(-0.4,-4.45,4.2));
#5649 = VECTOR('',#5650,1.);
#5650 = DIRECTION('',(-1.,1.224646799147E-16,0.));
#5651 = ORIENTED_EDGE('',*,*,#5652,.T.);
#5652 = EDGE_CURVE('',#5645,#5653,#5655,.T.);
#5653 = VERTEX_POINT('',#5654);
#5654 = CARTESIAN_POINT('',(-1.4,-2.05,4.2));
#5655 = LINE('',#5656,#5657);
#5656 = CARTESIAN_POINT('',(-1.4,-4.45,4.2));
#5657 = VECTOR('',#5658,1.);
#5658 = DIRECTION('',(1.224646799147E-16,1.,-1.110223024625E-16));
#5659 = ORIENTED_EDGE('',*,*,#5660,.T.);
#5660 = EDGE_CURVE('',#5653,#5394,#5661,.T.);
#5661 = LINE('',#5662,#5663);
#5662 = CARTESIAN_POINT('',(5.45,-2.05,4.2));
#5663 = VECTOR('',#5664,1.);
#5664 = DIRECTION('',(-1.,1.224646799147E-16,0.));
#5665 = ORIENTED_EDGE('',*,*,#5393,.F.);
#5666 = ORIENTED_EDGE('',*,*,#5667,.F.);
#5667 = EDGE_CURVE('',#5668,#5384,#5670,.T.);
#5668 = VERTEX_POINT('',#5669);
#5669 = CARTESIAN_POINT('',(0.55,-6.25,4.2));
#5670 = LINE('',#5671,#5672);
#5671 = CARTESIAN_POINT('',(5.45,-6.25,4.2));
#5672 = VECTOR('',#5673,1.);
#5673 = DIRECTION('',(-1.,1.224646799147E-16,0.));
#5674 = ORIENTED_EDGE('',*,*,#5675,.F.);
#5675 = EDGE_CURVE('',#5676,#5668,#5678,.T.);
#5676 = VERTEX_POINT('',#5677);
#5677 = CARTESIAN_POINT('',(0.55,-2.35,4.2));
#5678 = LINE('',#5679,#5680);
#5679 = CARTESIAN_POINT('',(0.55,-4.3,4.2));
#5680 = VECTOR('',#5681,1.);
#5681 = DIRECTION('',(-1.224646799147E-16,-1.,1.110223024625E-16));
#5682 = ORIENTED_EDGE('',*,*,#5683,.F.);
#5683 = EDGE_CURVE('',#5684,#5676,#5686,.T.);
#5684 = VERTEX_POINT('',#5685);
#5685 = CARTESIAN_POINT('',(3.45,-2.35,4.2));
#5686 = LINE('',#5687,#5688);
#5687 = CARTESIAN_POINT('',(4.45,-2.35,4.2));
#5688 = VECTOR('',#5689,1.);
#5689 = DIRECTION('',(-1.,2.755988902079E-16,-1.700131261252E-32));
#5690 = ORIENTED_EDGE('',*,*,#5691,.F.);
#5691 = EDGE_CURVE('',#5129,#5684,#5692,.T.);
#5692 = LINE('',#5693,#5694);
#5693 = CARTESIAN_POINT('',(3.45,-6.25,4.2));
#5694 = VECTOR('',#5695,1.);
#5695 = DIRECTION('',(1.224646799147E-16,1.,-1.110223024625E-16));
#5696 = PLANE('',#5697);
#5697 = AXIS2_PLACEMENT_3D('',#5698,#5699,#5700);
#5698 = CARTESIAN_POINT('',(5.45,-6.25,4.2));
#5699 = DIRECTION('',(1.359631073447E-32,1.110223024625E-16,1.));
#5700 = DIRECTION('',(-1.,1.224646799147E-16,6.927121900793E-45));
#5701 = ADVANCED_FACE('',(#5702,#5768,#5802,#5836),#5870,.T.);
#5702 = FACE_BOUND('',#5703,.T.);
#5703 = EDGE_LOOP('',(#5704,#5705,#5706,#5707,#5713,#5714,#5720,#5721,
    #5722,#5723,#5731,#5739,#5745,#5746,#5754,#5762));
#5704 = ORIENTED_EDGE('',*,*,#5368,.T.);
#5705 = ORIENTED_EDGE('',*,*,#4759,.T.);
#5706 = ORIENTED_EDGE('',*,*,#5596,.T.);
#5707 = ORIENTED_EDGE('',*,*,#5708,.T.);
#5708 = EDGE_CURVE('',#5597,#5621,#5709,.T.);
#5709 = LINE('',#5710,#5711);
#5710 = CARTESIAN_POINT('',(5.45,-2.05,4.2));
#5711 = VECTOR('',#5712,1.);
#5712 = DIRECTION('',(-1.,1.224646799147E-16,0.));
#5713 = ORIENTED_EDGE('',*,*,#5628,.T.);
#5714 = ORIENTED_EDGE('',*,*,#5715,.T.);
#5715 = EDGE_CURVE('',#5629,#5653,#5716,.T.);
#5716 = LINE('',#5717,#5718);
#5717 = CARTESIAN_POINT('',(5.45,-2.05,4.2));
#5718 = VECTOR('',#5719,1.);
#5719 = DIRECTION('',(-1.,1.224646799147E-16,0.));
#5720 = ORIENTED_EDGE('',*,*,#5660,.T.);
#5721 = ORIENTED_EDGE('',*,*,#5401,.T.);
#5722 = ORIENTED_EDGE('',*,*,#5304,.T.);
#5723 = ORIENTED_EDGE('',*,*,#5724,.F.);
#5724 = EDGE_CURVE('',#5725,#5305,#5727,.T.);
#5725 = VERTEX_POINT('',#5726);
#5726 = CARTESIAN_POINT('',(0.8,-2.05,1.1));
#5727 = LINE('',#5728,#5729);
#5728 = CARTESIAN_POINT('',(0.8,-2.05,1.1));
#5729 = VECTOR('',#5730,1.);
#5730 = DIRECTION('',(-1.359631073447E-32,-1.110223024625E-16,-1.));
#5731 = ORIENTED_EDGE('',*,*,#5732,.F.);
#5732 = EDGE_CURVE('',#5733,#5725,#5735,.T.);
#5733 = VERTEX_POINT('',#5734);
#5734 = CARTESIAN_POINT('',(1.2,-2.05,1.1));
#5735 = LINE('',#5736,#5737);
#5736 = CARTESIAN_POINT('',(1.2,-2.05,1.1));
#5737 = VECTOR('',#5738,1.);
#5738 = DIRECTION('',(-1.,1.224646799147E-16,0.));
#5739 = ORIENTED_EDGE('',*,*,#5740,.F.);
#5740 = EDGE_CURVE('',#5329,#5733,#5741,.T.);
#5741 = LINE('',#5742,#5743);
#5742 = CARTESIAN_POINT('',(1.2,-2.05,0.8));
#5743 = VECTOR('',#5744,1.);
#5744 = DIRECTION('',(1.359631073447E-32,1.110223024625E-16,1.));
#5745 = ORIENTED_EDGE('',*,*,#5336,.T.);
#5746 = ORIENTED_EDGE('',*,*,#5747,.F.);
#5747 = EDGE_CURVE('',#5748,#5337,#5750,.T.);
#5748 = VERTEX_POINT('',#5749);
#5749 = CARTESIAN_POINT('',(2.8,-2.05,1.1));
#5750 = LINE('',#5751,#5752);
#5751 = CARTESIAN_POINT('',(2.8,-2.05,1.1));
#5752 = VECTOR('',#5753,1.);
#5753 = DIRECTION('',(-1.359631073447E-32,-1.110223024625E-16,-1.));
#5754 = ORIENTED_EDGE('',*,*,#5755,.F.);
#5755 = EDGE_CURVE('',#5756,#5748,#5758,.T.);
#5756 = VERTEX_POINT('',#5757);
#5757 = CARTESIAN_POINT('',(3.2,-2.05,1.1));
#5758 = LINE('',#5759,#5760);
#5759 = CARTESIAN_POINT('',(3.2,-2.05,1.1));
#5760 = VECTOR('',#5761,1.);
#5761 = DIRECTION('',(-1.,1.224646799147E-16,0.));
#5762 = ORIENTED_EDGE('',*,*,#5763,.F.);
#5763 = EDGE_CURVE('',#5361,#5756,#5764,.T.);
#5764 = LINE('',#5765,#5766);
#5765 = CARTESIAN_POINT('',(3.2,-2.05,0.8));
#5766 = VECTOR('',#5767,1.);
#5767 = DIRECTION('',(1.359631073447E-32,1.110223024625E-16,1.));
#5768 = FACE_BOUND('',#5769,.T.);
#5769 = EDGE_LOOP('',(#5770,#5780,#5788,#5796));
#5770 = ORIENTED_EDGE('',*,*,#5771,.F.);
#5771 = EDGE_CURVE('',#5772,#5774,#5776,.T.);
#5772 = VERTEX_POINT('',#5773);
#5773 = CARTESIAN_POINT('',(1.75,-2.05,3.35));
#5774 = VERTEX_POINT('',#5775);
#5775 = CARTESIAN_POINT('',(1.75,-2.05,2.85));
#5776 = LINE('',#5777,#5778);
#5777 = CARTESIAN_POINT('',(1.75,-2.05,1.911519607843));
#5778 = VECTOR('',#5779,1.);
#5779 = DIRECTION('',(-1.359631073447E-32,-1.110223024625E-16,-1.));
#5780 = ORIENTED_EDGE('',*,*,#5781,.T.);
#5781 = EDGE_CURVE('',#5772,#5782,#5784,.T.);
#5782 = VERTEX_POINT('',#5783);
#5783 = CARTESIAN_POINT('',(2.25,-2.05,3.35));
#5784 = LINE('',#5785,#5786);
#5785 = CARTESIAN_POINT('',(2.125,-2.05,3.35));
#5786 = VECTOR('',#5787,1.);
#5787 = DIRECTION('',(1.,-1.224646799147E-16,0.));
#5788 = ORIENTED_EDGE('',*,*,#5789,.T.);
#5789 = EDGE_CURVE('',#5782,#5790,#5792,.T.);
#5790 = VERTEX_POINT('',#5791);
#5791 = CARTESIAN_POINT('',(2.25,-2.05,2.85));
#5792 = LINE('',#5793,#5794);
#5793 = CARTESIAN_POINT('',(2.25,-2.05,1.911519607843));
#5794 = VECTOR('',#5795,1.);
#5795 = DIRECTION('',(-1.359631073447E-32,-1.110223024625E-16,-1.));
#5796 = ORIENTED_EDGE('',*,*,#5797,.T.);
#5797 = EDGE_CURVE('',#5790,#5774,#5798,.T.);
#5798 = LINE('',#5799,#5800);
#5799 = CARTESIAN_POINT('',(2.125,-2.05,2.85));
#5800 = VECTOR('',#5801,1.);
#5801 = DIRECTION('',(-1.,1.224646799147E-16,0.));
#5802 = FACE_BOUND('',#5803,.T.);
#5803 = EDGE_LOOP('',(#5804,#5814,#5822,#5830));
#5804 = ORIENTED_EDGE('',*,*,#5805,.T.);
#5805 = EDGE_CURVE('',#5806,#5808,#5810,.T.);
#5806 = VERTEX_POINT('',#5807);
#5807 = CARTESIAN_POINT('',(4.25,-2.05,3.35));
#5808 = VERTEX_POINT('',#5809);
#5809 = CARTESIAN_POINT('',(4.25,-2.05,2.85));
#5810 = LINE('',#5811,#5812);
#5811 = CARTESIAN_POINT('',(4.25,-2.05,1.901106711288));
#5812 = VECTOR('',#5813,1.);
#5813 = DIRECTION('',(-1.359631073447E-32,-1.110223024625E-16,-1.));
#5814 = ORIENTED_EDGE('',*,*,#5815,.T.);
#5815 = EDGE_CURVE('',#5808,#5816,#5818,.T.);
#5816 = VERTEX_POINT('',#5817);
#5817 = CARTESIAN_POINT('',(3.75,-2.05,2.85));
#5818 = LINE('',#5819,#5820);
#5819 = CARTESIAN_POINT('',(3.125,-2.05,2.85));
#5820 = VECTOR('',#5821,1.);
#5821 = DIRECTION('',(-1.,1.224646799147E-16,0.));
#5822 = ORIENTED_EDGE('',*,*,#5823,.F.);
#5823 = EDGE_CURVE('',#5824,#5816,#5826,.T.);
#5824 = VERTEX_POINT('',#5825);
#5825 = CARTESIAN_POINT('',(3.75,-2.05,3.35));
#5826 = LINE('',#5827,#5828);
#5827 = CARTESIAN_POINT('',(3.75,-2.05,1.901106711288));
#5828 = VECTOR('',#5829,1.);
#5829 = DIRECTION('',(-1.359631073447E-32,-1.110223024625E-16,-1.));
#5830 = ORIENTED_EDGE('',*,*,#5831,.T.);
#5831 = EDGE_CURVE('',#5824,#5806,#5832,.T.);
#5832 = LINE('',#5833,#5834);
#5833 = CARTESIAN_POINT('',(3.125,-2.05,3.35));
#5834 = VECTOR('',#5835,1.);
#5835 = DIRECTION('',(1.,-1.224646799147E-16,0.));
#5836 = FACE_BOUND('',#5837,.T.);
#5837 = EDGE_LOOP('',(#5838,#5848,#5856,#5864));
#5838 = ORIENTED_EDGE('',*,*,#5839,.F.);
#5839 = EDGE_CURVE('',#5840,#5842,#5844,.T.);
#5840 = VERTEX_POINT('',#5841);
#5841 = CARTESIAN_POINT('',(-0.25,-2.05,3.35));
#5842 = VERTEX_POINT('',#5843);
#5843 = CARTESIAN_POINT('',(-0.25,-2.05,2.85));
#5844 = LINE('',#5845,#5846);
#5845 = CARTESIAN_POINT('',(-0.25,-2.05,1.901106711288));
#5846 = VECTOR('',#5847,1.);
#5847 = DIRECTION('',(-1.359631073447E-32,-1.110223024625E-16,-1.));
#5848 = ORIENTED_EDGE('',*,*,#5849,.T.);
#5849 = EDGE_CURVE('',#5840,#5850,#5852,.T.);
#5850 = VERTEX_POINT('',#5851);
#5851 = CARTESIAN_POINT('',(0.25,-2.05,3.35));
#5852 = LINE('',#5853,#5854);
#5853 = CARTESIAN_POINT('',(1.125,-2.05,3.35));
#5854 = VECTOR('',#5855,1.);
#5855 = DIRECTION('',(1.,-1.224646799147E-16,0.));
#5856 = ORIENTED_EDGE('',*,*,#5857,.T.);
#5857 = EDGE_CURVE('',#5850,#5858,#5860,.T.);
#5858 = VERTEX_POINT('',#5859);
#5859 = CARTESIAN_POINT('',(0.25,-2.05,2.85));
#5860 = LINE('',#5861,#5862);
#5861 = CARTESIAN_POINT('',(0.25,-2.05,1.901106711288));
#5862 = VECTOR('',#5863,1.);
#5863 = DIRECTION('',(-1.359631073447E-32,-1.110223024625E-16,-1.));
#5864 = ORIENTED_EDGE('',*,*,#5865,.T.);
#5865 = EDGE_CURVE('',#5858,#5842,#5866,.T.);
#5866 = LINE('',#5867,#5868);
#5867 = CARTESIAN_POINT('',(1.125,-2.05,2.85));
#5868 = VECTOR('',#5869,1.);
#5869 = DIRECTION('',(-1.,1.224646799147E-16,0.));
#5870 = PLANE('',#5871);
#5871 = AXIS2_PLACEMENT_3D('',#5872,#5873,#5874);
#5872 = CARTESIAN_POINT('',(2.,-2.05,2.5));
#5873 = DIRECTION('',(-1.224646799147E-16,-1.,1.110223024625E-16));
#5874 = DIRECTION('',(-1.359631073447E-32,-1.110223024625E-16,-1.));
#5875 = ADVANCED_FACE('',(#5876),#5910,.F.);
#5876 = FACE_BOUND('',#5877,.F.);
#5877 = EDGE_LOOP('',(#5878,#5879,#5887,#5895,#5903,#5909));
#5878 = ORIENTED_EDGE('',*,*,#4896,.T.);
#5879 = ORIENTED_EDGE('',*,*,#5880,.T.);
#5880 = EDGE_CURVE('',#4899,#5881,#5883,.T.);
#5881 = VERTEX_POINT('',#5882);
#5882 = CARTESIAN_POINT('',(4.75,-0.4,4.2));
#5883 = LINE('',#5884,#5885);
#5884 = CARTESIAN_POINT('',(4.75,-1.335399017773,4.2));
#5885 = VECTOR('',#5886,1.);
#5886 = DIRECTION('',(-1.224646799147E-16,-1.,1.110223024625E-16));
#5887 = ORIENTED_EDGE('',*,*,#5888,.T.);
#5888 = EDGE_CURVE('',#5881,#5889,#5891,.T.);
#5889 = VERTEX_POINT('',#5890);
#5890 = CARTESIAN_POINT('',(4.75,-0.35,3.6));
#5891 = LINE('',#5892,#5893);
#5892 = CARTESIAN_POINT('',(4.75,-0.45,4.8));
#5893 = VECTOR('',#5894,1.);
#5894 = DIRECTION('',(1.017013810865E-17,8.304547985373E-02,
    -0.996545758245));
#5895 = ORIENTED_EDGE('',*,*,#5896,.T.);
#5896 = EDGE_CURVE('',#5889,#5897,#5899,.T.);
#5897 = VERTEX_POINT('',#5898);
#5898 = CARTESIAN_POINT('',(4.75,-0.35,2.6));
#5899 = LINE('',#5900,#5901);
#5900 = CARTESIAN_POINT('',(4.75,-0.35,3.6));
#5901 = VECTOR('',#5902,1.);
#5902 = DIRECTION('',(-1.359631073447E-32,-1.110223024625E-16,-1.));
#5903 = ORIENTED_EDGE('',*,*,#5904,.T.);
#5904 = EDGE_CURVE('',#5897,#5188,#5905,.T.);
#5905 = LINE('',#5906,#5907);
#5906 = CARTESIAN_POINT('',(4.75,-0.35,2.6));
#5907 = VECTOR('',#5908,1.);
#5908 = DIRECTION('',(-5.319525767383E-18,-4.343722427631E-02,
    -0.999056158355));
#5909 = ORIENTED_EDGE('',*,*,#5187,.T.);
#5910 = PLANE('',#5911);
#5911 = AXIS2_PLACEMENT_3D('',#5912,#5913,#5914);
#5912 = CARTESIAN_POINT('',(4.75,-0.320798035545,2.550475523299));
#5913 = DIRECTION('',(1.,-1.224646799147E-16,0.));
#5914 = DIRECTION('',(1.224646799147E-16,1.,-1.110223024625E-16));
#5915 = ADVANCED_FACE('',(#5916),#5941,.T.);
#5916 = FACE_BOUND('',#5917,.T.);
#5917 = EDGE_LOOP('',(#5918,#5919,#5925,#5926,#5927,#5935));
#5918 = ORIENTED_EDGE('',*,*,#5708,.F.);
#5919 = ORIENTED_EDGE('',*,*,#5920,.T.);
#5920 = EDGE_CURVE('',#5597,#4931,#5921,.T.);
#5921 = LINE('',#5922,#5923);
#5922 = CARTESIAN_POINT('',(5.4,-4.45,4.2));
#5923 = VECTOR('',#5924,1.);
#5924 = DIRECTION('',(1.224646799147E-16,1.,-1.110223024625E-16));
#5925 = ORIENTED_EDGE('',*,*,#4938,.T.);
#5926 = ORIENTED_EDGE('',*,*,#5880,.T.);
#5927 = ORIENTED_EDGE('',*,*,#5928,.T.);
#5928 = EDGE_CURVE('',#5881,#5929,#5931,.T.);
#5929 = VERTEX_POINT('',#5930);
#5930 = CARTESIAN_POINT('',(4.4,-0.4,4.2));
#5931 = LINE('',#5932,#5933);
#5932 = CARTESIAN_POINT('',(4.825,-0.4,4.2));
#5933 = VECTOR('',#5934,1.);
#5934 = DIRECTION('',(-1.,1.224646799147E-16,0.));
#5935 = ORIENTED_EDGE('',*,*,#5936,.T.);
#5936 = EDGE_CURVE('',#5929,#5621,#5937,.T.);
#5937 = LINE('',#5938,#5939);
#5938 = CARTESIAN_POINT('',(4.4,-0.25,4.2));
#5939 = VECTOR('',#5940,1.);
#5940 = DIRECTION('',(-1.224646799147E-16,-1.,1.110223024625E-16));
#5941 = PLANE('',#5942);
#5942 = AXIS2_PLACEMENT_3D('',#5943,#5944,#5945);
#5943 = CARTESIAN_POINT('',(4.9,-2.35,4.2));
#5944 = DIRECTION('',(1.359631073447E-32,1.110223024625E-16,1.));
#5945 = DIRECTION('',(1.224646799147E-16,1.,-1.110223024625E-16));
#5946 = ADVANCED_FACE('',(#5947),#5959,.F.);
#5947 = FACE_BOUND('',#5948,.T.);
#5948 = EDGE_LOOP('',(#5949,#5950,#5951,#5952,#5953));
#5949 = ORIENTED_EDGE('',*,*,#5106,.T.);
#5950 = ORIENTED_EDGE('',*,*,#4930,.T.);
#5951 = ORIENTED_EDGE('',*,*,#5920,.F.);
#5952 = ORIENTED_EDGE('',*,*,#5604,.F.);
#5953 = ORIENTED_EDGE('',*,*,#5954,.F.);
#5954 = EDGE_CURVE('',#5099,#5605,#5955,.T.);
#5955 = LINE('',#5956,#5957);
#5956 = CARTESIAN_POINT('',(5.4,-4.45,4.8));
#5957 = VECTOR('',#5958,1.);
#5958 = DIRECTION('',(-1.359631073447E-32,-1.110223024625E-16,-1.));
#5959 = PLANE('',#5960);
#5960 = AXIS2_PLACEMENT_3D('',#5961,#5962,#5963);
#5961 = CARTESIAN_POINT('',(5.4,-4.45,4.8));
#5962 = DIRECTION('',(1.,-1.224646799147E-16,0.));
#5963 = DIRECTION('',(1.224646799147E-16,1.,-1.110223024625E-16));
#5964 = ADVANCED_FACE('',(#5965),#5976,.F.);
#5965 = FACE_BOUND('',#5966,.F.);
#5966 = EDGE_LOOP('',(#5967,#5968,#5974,#5975));
#5967 = ORIENTED_EDGE('',*,*,#5098,.F.);
#5968 = ORIENTED_EDGE('',*,*,#5969,.T.);
#5969 = EDGE_CURVE('',#5091,#5613,#5970,.T.);
#5970 = LINE('',#5971,#5972);
#5971 = CARTESIAN_POINT('',(4.4,-4.45,4.8));
#5972 = VECTOR('',#5973,1.);
#5973 = DIRECTION('',(-1.359631073447E-32,-1.110223024625E-16,-1.));
#5974 = ORIENTED_EDGE('',*,*,#5612,.T.);
#5975 = ORIENTED_EDGE('',*,*,#5954,.F.);
#5976 = PLANE('',#5977);
#5977 = AXIS2_PLACEMENT_3D('',#5978,#5979,#5980);
#5978 = CARTESIAN_POINT('',(4.4,-4.45,4.8));
#5979 = DIRECTION('',(-1.224646799147E-16,-1.,1.110223024625E-16));
#5980 = DIRECTION('',(1.,-1.224646799147E-16,-1.219283680787E-48));
#5981 = ADVANCED_FACE('',(#5982),#5994,.F.);
#5982 = FACE_BOUND('',#5983,.T.);
#5983 = EDGE_LOOP('',(#5984,#5985,#5986,#5987,#5988));
#5984 = ORIENTED_EDGE('',*,*,#5090,.T.);
#5985 = ORIENTED_EDGE('',*,*,#5969,.T.);
#5986 = ORIENTED_EDGE('',*,*,#5620,.F.);
#5987 = ORIENTED_EDGE('',*,*,#5936,.F.);
#5988 = ORIENTED_EDGE('',*,*,#5989,.F.);
#5989 = EDGE_CURVE('',#5083,#5929,#5990,.T.);
#5990 = LINE('',#5991,#5992);
#5991 = CARTESIAN_POINT('',(4.4,-0.449310344828,4.791724137931));
#5992 = VECTOR('',#5993,1.);
#5993 = DIRECTION('',(1.017013810865E-17,8.304547985373E-02,
    -0.996545758245));
#5994 = PLANE('',#5995);
#5995 = AXIS2_PLACEMENT_3D('',#5996,#5997,#5998);
#5996 = CARTESIAN_POINT('',(4.4,-0.25,4.8));
#5997 = DIRECTION('',(-1.,1.224646799147E-16,0.));
#5998 = DIRECTION('',(-1.224646799147E-16,-1.,1.110223024625E-16));
#5999 = ADVANCED_FACE('',(#6000),#6020,.F.);
#6000 = FACE_BOUND('',#6001,.F.);
#6001 = EDGE_LOOP('',(#6002,#6003,#6004,#6012,#6018,#6019));
#6002 = ORIENTED_EDGE('',*,*,#5989,.F.);
#6003 = ORIENTED_EDGE('',*,*,#5082,.T.);
#6004 = ORIENTED_EDGE('',*,*,#6005,.T.);
#6005 = EDGE_CURVE('',#5075,#6006,#6008,.T.);
#6006 = VERTEX_POINT('',#6007);
#6007 = CARTESIAN_POINT('',(3.25,-0.35,3.6));
#6008 = LINE('',#6009,#6010);
#6009 = CARTESIAN_POINT('',(3.25,-0.45,4.8));
#6010 = VECTOR('',#6011,1.);
#6011 = DIRECTION('',(1.017013810865E-17,8.304547985373E-02,
    -0.996545758245));
#6012 = ORIENTED_EDGE('',*,*,#6013,.F.);
#6013 = EDGE_CURVE('',#5889,#6006,#6014,.T.);
#6014 = LINE('',#6015,#6016);
#6015 = CARTESIAN_POINT('',(4.75,-0.35,3.6));
#6016 = VECTOR('',#6017,1.);
#6017 = DIRECTION('',(-1.,1.224646799147E-16,0.));
#6018 = ORIENTED_EDGE('',*,*,#5888,.F.);
#6019 = ORIENTED_EDGE('',*,*,#5928,.T.);
#6020 = PLANE('',#6021);
#6021 = AXIS2_PLACEMENT_3D('',#6022,#6023,#6024);
#6022 = CARTESIAN_POINT('',(4.75,-0.45,4.8));
#6023 = DIRECTION('',(-1.220416573038E-16,-0.996545758245,
    -8.304547985373E-02));
#6024 = DIRECTION('',(1.017013810865E-17,8.304547985373E-02,
    -0.996545758245));
#6025 = ADVANCED_FACE('',(#6026),#6051,.T.);
#6026 = FACE_BOUND('',#6027,.T.);
#6027 = EDGE_LOOP('',(#6028,#6029,#6030,#6038,#6044,#6045));
#6028 = ORIENTED_EDGE('',*,*,#5074,.T.);
#6029 = ORIENTED_EDGE('',*,*,#6005,.T.);
#6030 = ORIENTED_EDGE('',*,*,#6031,.T.);
#6031 = EDGE_CURVE('',#6006,#6032,#6034,.T.);
#6032 = VERTEX_POINT('',#6033);
#6033 = CARTESIAN_POINT('',(3.25,-0.35,2.6));
#6034 = LINE('',#6035,#6036);
#6035 = CARTESIAN_POINT('',(3.25,-0.35,3.6));
#6036 = VECTOR('',#6037,1.);
#6037 = DIRECTION('',(-1.359631073447E-32,-1.110223024625E-16,-1.));
#6038 = ORIENTED_EDGE('',*,*,#6039,.T.);
#6039 = EDGE_CURVE('',#6032,#5196,#6040,.T.);
#6040 = LINE('',#6041,#6042);
#6041 = CARTESIAN_POINT('',(3.25,-0.35,2.6));
#6042 = VECTOR('',#6043,1.);
#6043 = DIRECTION('',(-5.319525767383E-18,-4.343722427631E-02,
    -0.999056158355));
#6044 = ORIENTED_EDGE('',*,*,#5203,.T.);
#6045 = ORIENTED_EDGE('',*,*,#6046,.T.);
#6046 = EDGE_CURVE('',#5204,#5067,#6047,.T.);
#6047 = LINE('',#6048,#6049);
#6048 = CARTESIAN_POINT('',(3.25,-0.25,0.3));
#6049 = VECTOR('',#6050,1.);
#6050 = DIRECTION('',(1.359631073447E-32,1.110223024625E-16,1.));
#6051 = PLANE('',#6052);
#6052 = AXIS2_PLACEMENT_3D('',#6053,#6054,#6055);
#6053 = CARTESIAN_POINT('',(3.25,-0.320798035545,2.550475523299));
#6054 = DIRECTION('',(1.,-1.224646799147E-16,0.));
#6055 = DIRECTION('',(1.224646799147E-16,1.,-1.110223024625E-16));
#6056 = ADVANCED_FACE('',(#6057),#6068,.F.);
#6057 = FACE_BOUND('',#6058,.F.);
#6058 = EDGE_LOOP('',(#6059,#6060,#6061,#6062));
#6059 = ORIENTED_EDGE('',*,*,#5211,.T.);
#6060 = ORIENTED_EDGE('',*,*,#6046,.T.);
#6061 = ORIENTED_EDGE('',*,*,#5066,.T.);
#6062 = ORIENTED_EDGE('',*,*,#6063,.F.);
#6063 = EDGE_CURVE('',#5212,#5059,#6064,.T.);
#6064 = LINE('',#6065,#6066);
#6065 = CARTESIAN_POINT('',(2.75,-0.25,0.3));
#6066 = VECTOR('',#6067,1.);
#6067 = DIRECTION('',(1.359631073447E-32,1.110223024625E-16,1.));
#6068 = PLANE('',#6069);
#6069 = AXIS2_PLACEMENT_3D('',#6070,#6071,#6072);
#6070 = CARTESIAN_POINT('',(2.,-0.25,2.55));
#6071 = DIRECTION('',(-1.224646799147E-16,-1.,1.110223024625E-16));
#6072 = DIRECTION('',(-1.,1.224646799147E-16,1.219283680787E-48));
#6073 = ADVANCED_FACE('',(#6074),#6101,.F.);
#6074 = FACE_BOUND('',#6075,.F.);
#6075 = EDGE_LOOP('',(#6076,#6077,#6085,#6093,#6099,#6100));
#6076 = ORIENTED_EDGE('',*,*,#5058,.T.);
#6077 = ORIENTED_EDGE('',*,*,#6078,.T.);
#6078 = EDGE_CURVE('',#5051,#6079,#6081,.T.);
#6079 = VERTEX_POINT('',#6080);
#6080 = CARTESIAN_POINT('',(2.75,-0.35,3.6));
#6081 = LINE('',#6082,#6083);
#6082 = CARTESIAN_POINT('',(2.75,-0.45,4.8));
#6083 = VECTOR('',#6084,1.);
#6084 = DIRECTION('',(1.017013810865E-17,8.304547985373E-02,
    -0.996545758245));
#6085 = ORIENTED_EDGE('',*,*,#6086,.T.);
#6086 = EDGE_CURVE('',#6079,#6087,#6089,.T.);
#6087 = VERTEX_POINT('',#6088);
#6088 = CARTESIAN_POINT('',(2.75,-0.35,2.6));
#6089 = LINE('',#6090,#6091);
#6090 = CARTESIAN_POINT('',(2.75,-0.35,3.6));
#6091 = VECTOR('',#6092,1.);
#6092 = DIRECTION('',(-1.359631073447E-32,-1.110223024625E-16,-1.));
#6093 = ORIENTED_EDGE('',*,*,#6094,.T.);
#6094 = EDGE_CURVE('',#6087,#5220,#6095,.T.);
#6095 = LINE('',#6096,#6097);
#6096 = CARTESIAN_POINT('',(2.75,-0.35,2.6));
#6097 = VECTOR('',#6098,1.);
#6098 = DIRECTION('',(-5.319525767383E-18,-4.343722427631E-02,
    -0.999056158355));
#6099 = ORIENTED_EDGE('',*,*,#5219,.T.);
#6100 = ORIENTED_EDGE('',*,*,#6063,.T.);
#6101 = PLANE('',#6102);
#6102 = AXIS2_PLACEMENT_3D('',#6103,#6104,#6105);
#6103 = CARTESIAN_POINT('',(2.75,-0.320798035545,2.550475523299));
#6104 = DIRECTION('',(1.,-1.224646799147E-16,0.));
#6105 = DIRECTION('',(1.224646799147E-16,1.,-1.110223024625E-16));
#6106 = ADVANCED_FACE('',(#6107),#6125,.F.);
#6107 = FACE_BOUND('',#6108,.F.);
#6108 = EDGE_LOOP('',(#6109,#6110,#6118,#6124));
#6109 = ORIENTED_EDGE('',*,*,#5050,.T.);
#6110 = ORIENTED_EDGE('',*,*,#6111,.T.);
#6111 = EDGE_CURVE('',#5043,#6112,#6114,.T.);
#6112 = VERTEX_POINT('',#6113);
#6113 = CARTESIAN_POINT('',(1.25,-0.35,3.6));
#6114 = LINE('',#6115,#6116);
#6115 = CARTESIAN_POINT('',(1.25,-0.45,4.8));
#6116 = VECTOR('',#6117,1.);
#6117 = DIRECTION('',(1.017013810865E-17,8.304547985373E-02,
    -0.996545758245));
#6118 = ORIENTED_EDGE('',*,*,#6119,.F.);
#6119 = EDGE_CURVE('',#6079,#6112,#6120,.T.);
#6120 = LINE('',#6121,#6122);
#6121 = CARTESIAN_POINT('',(2.75,-0.35,3.6));
#6122 = VECTOR('',#6123,1.);
#6123 = DIRECTION('',(-1.,1.224646799147E-16,0.));
#6124 = ORIENTED_EDGE('',*,*,#6078,.F.);
#6125 = PLANE('',#6126);
#6126 = AXIS2_PLACEMENT_3D('',#6127,#6128,#6129);
#6127 = CARTESIAN_POINT('',(2.75,-0.45,4.8));
#6128 = DIRECTION('',(-1.220416573038E-16,-0.996545758245,
    -8.304547985373E-02));
#6129 = DIRECTION('',(1.017013810865E-17,8.304547985373E-02,
    -0.996545758245));
#6130 = ADVANCED_FACE('',(#6131),#6156,.T.);
#6131 = FACE_BOUND('',#6132,.T.);
#6132 = EDGE_LOOP('',(#6133,#6134,#6135,#6143,#6149,#6150));
#6133 = ORIENTED_EDGE('',*,*,#5042,.T.);
#6134 = ORIENTED_EDGE('',*,*,#6111,.T.);
#6135 = ORIENTED_EDGE('',*,*,#6136,.T.);
#6136 = EDGE_CURVE('',#6112,#6137,#6139,.T.);
#6137 = VERTEX_POINT('',#6138);
#6138 = CARTESIAN_POINT('',(1.25,-0.35,2.6));
#6139 = LINE('',#6140,#6141);
#6140 = CARTESIAN_POINT('',(1.25,-0.35,3.6));
#6141 = VECTOR('',#6142,1.);
#6142 = DIRECTION('',(-1.359631073447E-32,-1.110223024625E-16,-1.));
#6143 = ORIENTED_EDGE('',*,*,#6144,.T.);
#6144 = EDGE_CURVE('',#6137,#5228,#6145,.T.);
#6145 = LINE('',#6146,#6147);
#6146 = CARTESIAN_POINT('',(1.25,-0.35,2.6));
#6147 = VECTOR('',#6148,1.);
#6148 = DIRECTION('',(-5.319525767383E-18,-4.343722427631E-02,
    -0.999056158355));
#6149 = ORIENTED_EDGE('',*,*,#5235,.T.);
#6150 = ORIENTED_EDGE('',*,*,#6151,.T.);
#6151 = EDGE_CURVE('',#5236,#5035,#6152,.T.);
#6152 = LINE('',#6153,#6154);
#6153 = CARTESIAN_POINT('',(1.25,-0.25,0.3));
#6154 = VECTOR('',#6155,1.);
#6155 = DIRECTION('',(1.359631073447E-32,1.110223024625E-16,1.));
#6156 = PLANE('',#6157);
#6157 = AXIS2_PLACEMENT_3D('',#6158,#6159,#6160);
#6158 = CARTESIAN_POINT('',(1.25,-0.320798035545,2.550475523299));
#6159 = DIRECTION('',(1.,-1.224646799147E-16,0.));
#6160 = DIRECTION('',(1.224646799147E-16,1.,-1.110223024625E-16));
#6161 = ADVANCED_FACE('',(#6162),#6173,.F.);
#6162 = FACE_BOUND('',#6163,.F.);
#6163 = EDGE_LOOP('',(#6164,#6170,#6171,#6172));
#6164 = ORIENTED_EDGE('',*,*,#6165,.F.);
#6165 = EDGE_CURVE('',#5244,#5027,#6166,.T.);
#6166 = LINE('',#6167,#6168);
#6167 = CARTESIAN_POINT('',(0.75,-0.25,0.3));
#6168 = VECTOR('',#6169,1.);
#6169 = DIRECTION('',(1.359631073447E-32,1.110223024625E-16,1.));
#6170 = ORIENTED_EDGE('',*,*,#5243,.T.);
#6171 = ORIENTED_EDGE('',*,*,#6151,.T.);
#6172 = ORIENTED_EDGE('',*,*,#5034,.T.);
#6173 = PLANE('',#6174);
#6174 = AXIS2_PLACEMENT_3D('',#6175,#6176,#6177);
#6175 = CARTESIAN_POINT('',(2.,-0.25,2.55));
#6176 = DIRECTION('',(-1.224646799147E-16,-1.,1.110223024625E-16));
#6177 = DIRECTION('',(-1.,1.224646799147E-16,1.219283680787E-48));
#6178 = ADVANCED_FACE('',(#6179),#6206,.F.);
#6179 = FACE_BOUND('',#6180,.F.);
#6180 = EDGE_LOOP('',(#6181,#6182,#6190,#6198,#6204,#6205));
#6181 = ORIENTED_EDGE('',*,*,#5026,.T.);
#6182 = ORIENTED_EDGE('',*,*,#6183,.T.);
#6183 = EDGE_CURVE('',#5019,#6184,#6186,.T.);
#6184 = VERTEX_POINT('',#6185);
#6185 = CARTESIAN_POINT('',(0.75,-0.35,3.6));
#6186 = LINE('',#6187,#6188);
#6187 = CARTESIAN_POINT('',(0.75,-0.45,4.8));
#6188 = VECTOR('',#6189,1.);
#6189 = DIRECTION('',(1.017013810865E-17,8.304547985373E-02,
    -0.996545758245));
#6190 = ORIENTED_EDGE('',*,*,#6191,.T.);
#6191 = EDGE_CURVE('',#6184,#6192,#6194,.T.);
#6192 = VERTEX_POINT('',#6193);
#6193 = CARTESIAN_POINT('',(0.75,-0.35,2.6));
#6194 = LINE('',#6195,#6196);
#6195 = CARTESIAN_POINT('',(0.75,-0.35,3.6));
#6196 = VECTOR('',#6197,1.);
#6197 = DIRECTION('',(-1.359631073447E-32,-1.110223024625E-16,-1.));
#6198 = ORIENTED_EDGE('',*,*,#6199,.T.);
#6199 = EDGE_CURVE('',#6192,#5252,#6200,.T.);
#6200 = LINE('',#6201,#6202);
#6201 = CARTESIAN_POINT('',(0.75,-0.35,2.6));
#6202 = VECTOR('',#6203,1.);
#6203 = DIRECTION('',(-5.319525767383E-18,-4.343722427631E-02,
    -0.999056158355));
#6204 = ORIENTED_EDGE('',*,*,#5251,.T.);
#6205 = ORIENTED_EDGE('',*,*,#6165,.T.);
#6206 = PLANE('',#6207);
#6207 = AXIS2_PLACEMENT_3D('',#6208,#6209,#6210);
#6208 = CARTESIAN_POINT('',(0.75,-0.320798035545,2.550475523299));
#6209 = DIRECTION('',(1.,-1.224646799147E-16,0.));
#6210 = DIRECTION('',(1.224646799147E-16,1.,-1.110223024625E-16));
#6211 = ADVANCED_FACE('',(#6212),#6246,.F.);
#6212 = FACE_BOUND('',#6213,.F.);
#6213 = EDGE_LOOP('',(#6214,#6215,#6216,#6224,#6232,#6240));
#6214 = ORIENTED_EDGE('',*,*,#6183,.F.);
#6215 = ORIENTED_EDGE('',*,*,#5018,.T.);
#6216 = ORIENTED_EDGE('',*,*,#6217,.T.);
#6217 = EDGE_CURVE('',#5011,#6218,#6220,.T.);
#6218 = VERTEX_POINT('',#6219);
#6219 = CARTESIAN_POINT('',(-0.4,-0.4,4.2));
#6220 = LINE('',#6221,#6222);
#6221 = CARTESIAN_POINT('',(-0.4,-0.449310344828,4.791724137931));
#6222 = VECTOR('',#6223,1.);
#6223 = DIRECTION('',(1.017013810865E-17,8.304547985373E-02,
    -0.996545758245));
#6224 = ORIENTED_EDGE('',*,*,#6225,.F.);
#6225 = EDGE_CURVE('',#6226,#6218,#6228,.T.);
#6226 = VERTEX_POINT('',#6227);
#6227 = CARTESIAN_POINT('',(-0.75,-0.4,4.2));
#6228 = LINE('',#6229,#6230);
#6229 = CARTESIAN_POINT('',(-7.5E-02,-0.4,4.2));
#6230 = VECTOR('',#6231,1.);
#6231 = DIRECTION('',(1.,-1.224646799147E-16,-7.914683180688E-31));
#6232 = ORIENTED_EDGE('',*,*,#6233,.T.);
#6233 = EDGE_CURVE('',#6226,#6234,#6236,.T.);
#6234 = VERTEX_POINT('',#6235);
#6235 = CARTESIAN_POINT('',(-0.75,-0.35,3.6));
#6236 = LINE('',#6237,#6238);
#6237 = CARTESIAN_POINT('',(-0.75,-0.45,4.8));
#6238 = VECTOR('',#6239,1.);
#6239 = DIRECTION('',(1.017013810865E-17,8.304547985373E-02,
    -0.996545758245));
#6240 = ORIENTED_EDGE('',*,*,#6241,.F.);
#6241 = EDGE_CURVE('',#6184,#6234,#6242,.T.);
#6242 = LINE('',#6243,#6244);
#6243 = CARTESIAN_POINT('',(0.75,-0.35,3.6));
#6244 = VECTOR('',#6245,1.);
#6245 = DIRECTION('',(-1.,1.224646799147E-16,0.));
#6246 = PLANE('',#6247);
#6247 = AXIS2_PLACEMENT_3D('',#6248,#6249,#6250);
#6248 = CARTESIAN_POINT('',(0.75,-0.45,4.8));
#6249 = DIRECTION('',(-1.220416573038E-16,-0.996545758245,
    -8.304547985373E-02));
#6250 = DIRECTION('',(1.017013810865E-17,8.304547985373E-02,
    -0.996545758245));
#6251 = ADVANCED_FACE('',(#6252),#6269,.T.);
#6252 = FACE_BOUND('',#6253,.T.);
#6253 = EDGE_LOOP('',(#6254,#6255,#6256,#6262,#6263));
#6254 = ORIENTED_EDGE('',*,*,#5010,.F.);
#6255 = ORIENTED_EDGE('',*,*,#6217,.T.);
#6256 = ORIENTED_EDGE('',*,*,#6257,.T.);
#6257 = EDGE_CURVE('',#6218,#5629,#6258,.T.);
#6258 = LINE('',#6259,#6260);
#6259 = CARTESIAN_POINT('',(-0.4,-0.25,4.2));
#6260 = VECTOR('',#6261,1.);
#6261 = DIRECTION('',(-1.224646799147E-16,-1.,1.110223024625E-16));
#6262 = ORIENTED_EDGE('',*,*,#5636,.T.);
#6263 = ORIENTED_EDGE('',*,*,#6264,.F.);
#6264 = EDGE_CURVE('',#5003,#5637,#6265,.T.);
#6265 = LINE('',#6266,#6267);
#6266 = CARTESIAN_POINT('',(-0.4,-4.45,4.8));
#6267 = VECTOR('',#6268,1.);
#6268 = DIRECTION('',(-1.359631073447E-32,-1.110223024625E-16,-1.));
#6269 = PLANE('',#6270);
#6270 = AXIS2_PLACEMENT_3D('',#6271,#6272,#6273);
#6271 = CARTESIAN_POINT('',(-0.4,-0.25,4.8));
#6272 = DIRECTION('',(-1.,1.224646799147E-16,0.));
#6273 = DIRECTION('',(-1.224646799147E-16,-1.,1.110223024625E-16));
#6274 = ADVANCED_FACE('',(#6275),#6318,.T.);
#6275 = FACE_BOUND('',#6276,.T.);
#6276 = EDGE_LOOP('',(#6277,#6278,#6279,#6280,#6288,#6296,#6304,#6312));
#6277 = ORIENTED_EDGE('',*,*,#5002,.F.);
#6278 = ORIENTED_EDGE('',*,*,#6264,.T.);
#6279 = ORIENTED_EDGE('',*,*,#5644,.T.);
#6280 = ORIENTED_EDGE('',*,*,#6281,.F.);
#6281 = EDGE_CURVE('',#6282,#5645,#6284,.T.);
#6282 = VERTEX_POINT('',#6283);
#6283 = CARTESIAN_POINT('',(-1.4,-4.45,4.8));
#6284 = LINE('',#6285,#6286);
#6285 = CARTESIAN_POINT('',(-1.4,-4.45,4.8));
#6286 = VECTOR('',#6287,1.);
#6287 = DIRECTION('',(-1.359631073447E-32,-1.110223024625E-16,-1.));
#6288 = ORIENTED_EDGE('',*,*,#6289,.F.);
#6289 = EDGE_CURVE('',#6290,#6282,#6292,.T.);
#6290 = VERTEX_POINT('',#6291);
#6291 = CARTESIAN_POINT('',(-0.95,-4.45,4.8));
#6292 = LINE('',#6293,#6294);
#6293 = CARTESIAN_POINT('',(-0.4,-4.45,4.8));
#6294 = VECTOR('',#6295,1.);
#6295 = DIRECTION('',(-1.,1.224646799147E-16,0.));
#6296 = ORIENTED_EDGE('',*,*,#6297,.F.);
#6297 = EDGE_CURVE('',#6298,#6290,#6300,.T.);
#6298 = VERTEX_POINT('',#6299);
#6299 = CARTESIAN_POINT('',(-0.95,-4.45,4.85));
#6300 = LINE('',#6301,#6302);
#6301 = CARTESIAN_POINT('',(-0.95,-4.45,4.85));
#6302 = VECTOR('',#6303,1.);
#6303 = DIRECTION('',(-1.359631073447E-32,-1.110223024625E-16,-1.));
#6304 = ORIENTED_EDGE('',*,*,#6305,.F.);
#6305 = EDGE_CURVE('',#6306,#6298,#6308,.T.);
#6306 = VERTEX_POINT('',#6307);
#6307 = CARTESIAN_POINT('',(-0.45,-4.45,4.85));
#6308 = LINE('',#6309,#6310);
#6309 = CARTESIAN_POINT('',(-0.45,-4.45,4.85));
#6310 = VECTOR('',#6311,1.);
#6311 = DIRECTION('',(-1.,1.224646799147E-16,0.));
#6312 = ORIENTED_EDGE('',*,*,#6313,.F.);
#6313 = EDGE_CURVE('',#4995,#6306,#6314,.T.);
#6314 = LINE('',#6315,#6316);
#6315 = CARTESIAN_POINT('',(-0.45,-4.45,4.8));
#6316 = VECTOR('',#6317,1.);
#6317 = DIRECTION('',(1.359631073447E-32,1.110223024625E-16,1.));
#6318 = PLANE('',#6319);
#6319 = AXIS2_PLACEMENT_3D('',#6320,#6321,#6322);
#6320 = CARTESIAN_POINT('',(-0.893939393939,-4.45,4.517424242424));
#6321 = DIRECTION('',(1.224646799147E-16,1.,-1.110223024625E-16));
#6322 = DIRECTION('',(1.,-1.224646799147E-16,1.556083111243E-45));
#6323 = ADVANCED_FACE('',(#6324),#6342,.F.);
#6324 = FACE_BOUND('',#6325,.F.);
#6325 = EDGE_LOOP('',(#6326,#6327,#6335,#6341));
#6326 = ORIENTED_EDGE('',*,*,#4994,.T.);
#6327 = ORIENTED_EDGE('',*,*,#6328,.T.);
#6328 = EDGE_CURVE('',#4987,#6329,#6331,.T.);
#6329 = VERTEX_POINT('',#6330);
#6330 = CARTESIAN_POINT('',(-0.45,-6.25,4.85));
#6331 = LINE('',#6332,#6333);
#6332 = CARTESIAN_POINT('',(-0.45,-6.25,4.8));
#6333 = VECTOR('',#6334,1.);
#6334 = DIRECTION('',(1.359631073447E-32,1.110223024625E-16,1.));
#6335 = ORIENTED_EDGE('',*,*,#6336,.F.);
#6336 = EDGE_CURVE('',#6306,#6329,#6337,.T.);
#6337 = LINE('',#6338,#6339);
#6338 = CARTESIAN_POINT('',(-0.45,-4.45,4.85));
#6339 = VECTOR('',#6340,1.);
#6340 = DIRECTION('',(-1.224646799147E-16,-1.,1.110223024625E-16));
#6341 = ORIENTED_EDGE('',*,*,#6313,.F.);
#6342 = PLANE('',#6343);
#6343 = AXIS2_PLACEMENT_3D('',#6344,#6345,#6346);
#6344 = CARTESIAN_POINT('',(-0.45,-4.45,4.8));
#6345 = DIRECTION('',(-1.,1.224646799147E-16,0.));
#6346 = DIRECTION('',(1.359631073446E-32,1.110223024625E-16,1.));
#6347 = ADVANCED_FACE('',(#6348),#6389,.T.);
#6348 = FACE_BOUND('',#6349,.T.);
#6349 = EDGE_LOOP('',(#6350,#6356,#6357,#6358,#6366,#6374,#6380,#6381,
    #6387,#6388));
#6350 = ORIENTED_EDGE('',*,*,#6351,.F.);
#6351 = EDGE_CURVE('',#4979,#5668,#6352,.T.);
#6352 = LINE('',#6353,#6354);
#6353 = CARTESIAN_POINT('',(0.55,-6.25,4.8));
#6354 = VECTOR('',#6355,1.);
#6355 = DIRECTION('',(-1.359631073447E-32,-1.110223024625E-16,-1.));
#6356 = ORIENTED_EDGE('',*,*,#4986,.T.);
#6357 = ORIENTED_EDGE('',*,*,#6328,.T.);
#6358 = ORIENTED_EDGE('',*,*,#6359,.T.);
#6359 = EDGE_CURVE('',#6329,#6360,#6362,.T.);
#6360 = VERTEX_POINT('',#6361);
#6361 = CARTESIAN_POINT('',(-0.95,-6.25,4.85));
#6362 = LINE('',#6363,#6364);
#6363 = CARTESIAN_POINT('',(-0.45,-6.25,4.85));
#6364 = VECTOR('',#6365,1.);
#6365 = DIRECTION('',(-1.,1.224646799147E-16,0.));
#6366 = ORIENTED_EDGE('',*,*,#6367,.T.);
#6367 = EDGE_CURVE('',#6360,#6368,#6370,.T.);
#6368 = VERTEX_POINT('',#6369);
#6369 = CARTESIAN_POINT('',(-0.95,-6.25,4.8));
#6370 = LINE('',#6371,#6372);
#6371 = CARTESIAN_POINT('',(-0.95,-6.25,4.85));
#6372 = VECTOR('',#6373,1.);
#6373 = DIRECTION('',(-1.359631073447E-32,-1.110223024625E-16,-1.));
#6374 = ORIENTED_EDGE('',*,*,#6375,.T.);
#6375 = EDGE_CURVE('',#6368,#5516,#6376,.T.);
#6376 = LINE('',#6377,#6378);
#6377 = CARTESIAN_POINT('',(5.95,-6.25,4.8));
#6378 = VECTOR('',#6379,1.);
#6379 = DIRECTION('',(-1.,1.224646799147E-16,0.));
#6380 = ORIENTED_EDGE('',*,*,#5515,.T.);
#6381 = ORIENTED_EDGE('',*,*,#6382,.F.);
#6382 = EDGE_CURVE('',#5386,#5508,#6383,.T.);
#6383 = LINE('',#6384,#6385);
#6384 = CARTESIAN_POINT('',(5.95,-6.25,3.3));
#6385 = VECTOR('',#6386,1.);
#6386 = DIRECTION('',(-1.,1.224646799147E-16,0.));
#6387 = ORIENTED_EDGE('',*,*,#5383,.F.);
#6388 = ORIENTED_EDGE('',*,*,#5667,.F.);
#6389 = PLANE('',#6390);
#6390 = AXIS2_PLACEMENT_3D('',#6391,#6392,#6393);
#6391 = CARTESIAN_POINT('',(-0.922222222222,-6.25,4.28487654321));
#6392 = DIRECTION('',(8.559605107782E-17,-1.,8.677730044361E-17));
#6393 = DIRECTION('',(-1.,-8.559605107782E-17,2.309938140683E-32));
#6394 = ADVANCED_FACE('',(#6395),#6406,.F.);
#6395 = FACE_BOUND('',#6396,.F.);
#6396 = EDGE_LOOP('',(#6397,#6398,#6404,#6405));
#6397 = ORIENTED_EDGE('',*,*,#4978,.F.);
#6398 = ORIENTED_EDGE('',*,*,#6399,.T.);
#6399 = EDGE_CURVE('',#4971,#5676,#6400,.T.);
#6400 = LINE('',#6401,#6402);
#6401 = CARTESIAN_POINT('',(0.55,-2.35,4.8));
#6402 = VECTOR('',#6403,1.);
#6403 = DIRECTION('',(-1.359631073447E-32,-1.110223024625E-16,-1.));
#6404 = ORIENTED_EDGE('',*,*,#5675,.T.);
#6405 = ORIENTED_EDGE('',*,*,#6351,.F.);
#6406 = PLANE('',#6407);
#6407 = AXIS2_PLACEMENT_3D('',#6408,#6409,#6410);
#6408 = CARTESIAN_POINT('',(0.55,-2.35,4.8));
#6409 = DIRECTION('',(-1.,1.224646799147E-16,0.));
#6410 = DIRECTION('',(-1.224646799147E-16,-1.,1.110223024625E-16));
#6411 = ADVANCED_FACE('',(#6412),#6423,.F.);
#6412 = FACE_BOUND('',#6413,.F.);
#6413 = EDGE_LOOP('',(#6414,#6415,#6421,#6422));
#6414 = ORIENTED_EDGE('',*,*,#4970,.F.);
#6415 = ORIENTED_EDGE('',*,*,#6416,.T.);
#6416 = EDGE_CURVE('',#4963,#5684,#6417,.T.);
#6417 = LINE('',#6418,#6419);
#6418 = CARTESIAN_POINT('',(3.45,-2.35,4.8));
#6419 = VECTOR('',#6420,1.);
#6420 = DIRECTION('',(-1.359631073447E-32,-1.110223024625E-16,-1.));
#6421 = ORIENTED_EDGE('',*,*,#5683,.T.);
#6422 = ORIENTED_EDGE('',*,*,#6399,.F.);
#6423 = PLANE('',#6424);
#6424 = AXIS2_PLACEMENT_3D('',#6425,#6426,#6427);
#6425 = CARTESIAN_POINT('',(3.45,-2.35,4.8));
#6426 = DIRECTION('',(2.755988902079E-16,1.,-1.110223024625E-16));
#6427 = DIRECTION('',(-1.,2.755988902079E-16,-1.700131261252E-32));
#6428 = ADVANCED_FACE('',(#6429),#6435,.F.);
#6429 = FACE_BOUND('',#6430,.F.);
#6430 = EDGE_LOOP('',(#6431,#6432,#6433,#6434));
#6431 = ORIENTED_EDGE('',*,*,#4962,.F.);
#6432 = ORIENTED_EDGE('',*,*,#5128,.T.);
#6433 = ORIENTED_EDGE('',*,*,#5691,.T.);
#6434 = ORIENTED_EDGE('',*,*,#6416,.F.);
#6435 = PLANE('',#6436);
#6436 = AXIS2_PLACEMENT_3D('',#6437,#6438,#6439);
#6437 = CARTESIAN_POINT('',(3.45,-6.25,4.8));
#6438 = DIRECTION('',(1.,-1.224646799147E-16,-0.));
#6439 = DIRECTION('',(1.224646799147E-16,1.,-1.679568165459E-16));
#6440 = ADVANCED_FACE('',(#6441),#6482,.F.);
#6441 = FACE_BOUND('',#6442,.F.);
#6442 = EDGE_LOOP('',(#6443,#6453,#6459,#6460,#6466,#6467,#6468,#6476));
#6443 = ORIENTED_EDGE('',*,*,#6444,.F.);
#6444 = EDGE_CURVE('',#6445,#6447,#6449,.T.);
#6445 = VERTEX_POINT('',#6446);
#6446 = CARTESIAN_POINT('',(-1.4,-0.25,4.8));
#6447 = VERTEX_POINT('',#6448);
#6448 = CARTESIAN_POINT('',(-1.4,-0.25,4.2));
#6449 = LINE('',#6450,#6451);
#6450 = CARTESIAN_POINT('',(-1.4,-0.25,4.8));
#6451 = VECTOR('',#6452,1.);
#6452 = DIRECTION('',(-1.359631073447E-32,-1.110223024625E-16,-1.));
#6453 = ORIENTED_EDGE('',*,*,#6454,.T.);
#6454 = EDGE_CURVE('',#6445,#5465,#6455,.T.);
#6455 = LINE('',#6456,#6457);
#6456 = CARTESIAN_POINT('',(5.95,-0.25,4.8));
#6457 = VECTOR('',#6458,1.);
#6458 = DIRECTION('',(-1.,1.224646799147E-16,0.));
#6459 = ORIENTED_EDGE('',*,*,#5464,.T.);
#6460 = ORIENTED_EDGE('',*,*,#6461,.F.);
#6461 = EDGE_CURVE('',#5562,#5467,#6462,.T.);
#6462 = LINE('',#6463,#6464);
#6463 = CARTESIAN_POINT('',(-0.95,-0.25,4.1));
#6464 = VECTOR('',#6465,1.);
#6465 = DIRECTION('',(-1.,1.224646799147E-16,0.));
#6466 = ORIENTED_EDGE('',*,*,#5561,.F.);
#6467 = ORIENTED_EDGE('',*,*,#5163,.T.);
#6468 = ORIENTED_EDGE('',*,*,#6469,.T.);
#6469 = EDGE_CURVE('',#5166,#6470,#6472,.T.);
#6470 = VERTEX_POINT('',#6471);
#6471 = CARTESIAN_POINT('',(-0.75,-0.25,4.2));
#6472 = LINE('',#6473,#6474);
#6473 = CARTESIAN_POINT('',(-0.75,-0.25,0.3));
#6474 = VECTOR('',#6475,1.);
#6475 = DIRECTION('',(1.359631073447E-32,1.110223024625E-16,1.));
#6476 = ORIENTED_EDGE('',*,*,#6477,.F.);
#6477 = EDGE_CURVE('',#6447,#6470,#6478,.T.);
#6478 = LINE('',#6479,#6480);
#6479 = CARTESIAN_POINT('',(-1.4,-0.25,4.2));
#6480 = VECTOR('',#6481,1.);
#6481 = DIRECTION('',(1.,-1.224646799147E-16,0.));
#6482 = PLANE('',#6483);
#6483 = AXIS2_PLACEMENT_3D('',#6484,#6485,#6486);
#6484 = CARTESIAN_POINT('',(2.,-0.25,2.55));
#6485 = DIRECTION('',(-1.224646799147E-16,-1.,1.110223024625E-16));
#6486 = DIRECTION('',(-1.,1.224646799147E-16,1.219283680787E-48));
#6487 = ADVANCED_FACE('',(#6488),#6513,.T.);
#6488 = FACE_BOUND('',#6489,.T.);
#6489 = EDGE_LOOP('',(#6490,#6491,#6497,#6498,#6506,#6512));
#6490 = ORIENTED_EDGE('',*,*,#6469,.T.);
#6491 = ORIENTED_EDGE('',*,*,#6492,.F.);
#6492 = EDGE_CURVE('',#6226,#6470,#6493,.T.);
#6493 = LINE('',#6494,#6495);
#6494 = CARTESIAN_POINT('',(-0.75,-1.335399017773,4.2));
#6495 = VECTOR('',#6496,1.);
#6496 = DIRECTION('',(1.224646799147E-16,1.,-1.110223024625E-16));
#6497 = ORIENTED_EDGE('',*,*,#6233,.T.);
#6498 = ORIENTED_EDGE('',*,*,#6499,.T.);
#6499 = EDGE_CURVE('',#6234,#6500,#6502,.T.);
#6500 = VERTEX_POINT('',#6501);
#6501 = CARTESIAN_POINT('',(-0.75,-0.35,2.6));
#6502 = LINE('',#6503,#6504);
#6503 = CARTESIAN_POINT('',(-0.75,-0.35,3.6));
#6504 = VECTOR('',#6505,1.);
#6505 = DIRECTION('',(-1.359631073447E-32,-1.110223024625E-16,-1.));
#6506 = ORIENTED_EDGE('',*,*,#6507,.T.);
#6507 = EDGE_CURVE('',#6500,#5260,#6508,.T.);
#6508 = LINE('',#6509,#6510);
#6509 = CARTESIAN_POINT('',(-0.75,-0.35,2.6));
#6510 = VECTOR('',#6511,1.);
#6511 = DIRECTION('',(-5.319525767383E-18,-4.343722427631E-02,
    -0.999056158355));
#6512 = ORIENTED_EDGE('',*,*,#5267,.T.);
#6513 = PLANE('',#6514);
#6514 = AXIS2_PLACEMENT_3D('',#6515,#6516,#6517);
#6515 = CARTESIAN_POINT('',(-0.75,-0.320798035545,2.550475523299));
#6516 = DIRECTION('',(1.,-1.224646799147E-16,0.));
#6517 = DIRECTION('',(1.224646799147E-16,1.,-1.110223024625E-16));
#6518 = ADVANCED_FACE('',(#6519),#6530,.F.);
#6519 = FACE_BOUND('',#6520,.F.);
#6520 = EDGE_LOOP('',(#6521,#6527,#6528,#6529));
#6521 = ORIENTED_EDGE('',*,*,#6522,.T.);
#6522 = EDGE_CURVE('',#6192,#6500,#6523,.T.);
#6523 = LINE('',#6524,#6525);
#6524 = CARTESIAN_POINT('',(0.75,-0.35,2.6));
#6525 = VECTOR('',#6526,1.);
#6526 = DIRECTION('',(-1.,1.224646799147E-16,0.));
#6527 = ORIENTED_EDGE('',*,*,#6507,.T.);
#6528 = ORIENTED_EDGE('',*,*,#5259,.F.);
#6529 = ORIENTED_EDGE('',*,*,#6199,.F.);
#6530 = PLANE('',#6531);
#6531 = AXIS2_PLACEMENT_3D('',#6532,#6533,#6534);
#6532 = CARTESIAN_POINT('',(0.75,-0.35,2.6));
#6533 = DIRECTION('',(-1.223490926498E-16,-0.999056158355,
    4.343722427631E-02));
#6534 = DIRECTION('',(-5.319525767383E-18,-4.343722427631E-02,
    -0.999056158355));
#6535 = ADVANCED_FACE('',(#6536),#6547,.F.);
#6536 = FACE_BOUND('',#6537,.F.);
#6537 = EDGE_LOOP('',(#6538,#6544,#6545,#6546));
#6538 = ORIENTED_EDGE('',*,*,#6539,.T.);
#6539 = EDGE_CURVE('',#6087,#6137,#6540,.T.);
#6540 = LINE('',#6541,#6542);
#6541 = CARTESIAN_POINT('',(2.75,-0.35,2.6));
#6542 = VECTOR('',#6543,1.);
#6543 = DIRECTION('',(-1.,1.224646799147E-16,0.));
#6544 = ORIENTED_EDGE('',*,*,#6144,.T.);
#6545 = ORIENTED_EDGE('',*,*,#5227,.F.);
#6546 = ORIENTED_EDGE('',*,*,#6094,.F.);
#6547 = PLANE('',#6548);
#6548 = AXIS2_PLACEMENT_3D('',#6549,#6550,#6551);
#6549 = CARTESIAN_POINT('',(2.75,-0.35,2.6));
#6550 = DIRECTION('',(-1.223490926498E-16,-0.999056158355,
    4.343722427631E-02));
#6551 = DIRECTION('',(-5.319525767383E-18,-4.343722427631E-02,
    -0.999056158355));
#6552 = ADVANCED_FACE('',(#6553),#6564,.F.);
#6553 = FACE_BOUND('',#6554,.F.);
#6554 = EDGE_LOOP('',(#6555,#6561,#6562,#6563));
#6555 = ORIENTED_EDGE('',*,*,#6556,.T.);
#6556 = EDGE_CURVE('',#5897,#6032,#6557,.T.);
#6557 = LINE('',#6558,#6559);
#6558 = CARTESIAN_POINT('',(4.75,-0.35,2.6));
#6559 = VECTOR('',#6560,1.);
#6560 = DIRECTION('',(-1.,1.224646799147E-16,0.));
#6561 = ORIENTED_EDGE('',*,*,#6039,.T.);
#6562 = ORIENTED_EDGE('',*,*,#5195,.F.);
#6563 = ORIENTED_EDGE('',*,*,#5904,.F.);
#6564 = PLANE('',#6565);
#6565 = AXIS2_PLACEMENT_3D('',#6566,#6567,#6568);
#6566 = CARTESIAN_POINT('',(4.75,-0.35,2.6));
#6567 = DIRECTION('',(-1.223490926498E-16,-0.999056158355,
    4.343722427631E-02));
#6568 = DIRECTION('',(-5.319525767383E-18,-4.343722427631E-02,
    -0.999056158355));
#6569 = ADVANCED_FACE('',(#6570),#6588,.F.);
#6570 = FACE_BOUND('',#6571,.F.);
#6571 = EDGE_LOOP('',(#6572,#6573,#6581,#6587));
#6572 = ORIENTED_EDGE('',*,*,#5360,.T.);
#6573 = ORIENTED_EDGE('',*,*,#6574,.T.);
#6574 = EDGE_CURVE('',#5353,#6575,#6577,.T.);
#6575 = VERTEX_POINT('',#6576);
#6576 = CARTESIAN_POINT('',(3.2,-3.95,1.1));
#6577 = LINE('',#6578,#6579);
#6578 = CARTESIAN_POINT('',(3.2,-3.95,0.8));
#6579 = VECTOR('',#6580,1.);
#6580 = DIRECTION('',(1.359631073447E-32,1.110223024625E-16,1.));
#6581 = ORIENTED_EDGE('',*,*,#6582,.F.);
#6582 = EDGE_CURVE('',#5756,#6575,#6583,.T.);
#6583 = LINE('',#6584,#6585);
#6584 = CARTESIAN_POINT('',(3.2,-2.05,1.1));
#6585 = VECTOR('',#6586,1.);
#6586 = DIRECTION('',(-1.224646799147E-16,-1.,1.110223024625E-16));
#6587 = ORIENTED_EDGE('',*,*,#5763,.F.);
#6588 = PLANE('',#6589);
#6589 = AXIS2_PLACEMENT_3D('',#6590,#6591,#6592);
#6590 = CARTESIAN_POINT('',(3.2,-2.05,0.8));
#6591 = DIRECTION('',(-1.,1.224646799147E-16,0.));
#6592 = DIRECTION('',(1.359631073446E-32,1.110223024625E-16,1.));
#6593 = ADVANCED_FACE('',(#6594),#6612,.T.);
#6594 = FACE_BOUND('',#6595,.T.);
#6595 = EDGE_LOOP('',(#6596,#6604,#6610,#6611));
#6596 = ORIENTED_EDGE('',*,*,#6597,.T.);
#6597 = EDGE_CURVE('',#6575,#6598,#6600,.T.);
#6598 = VERTEX_POINT('',#6599);
#6599 = CARTESIAN_POINT('',(2.8,-3.95,1.1));
#6600 = LINE('',#6601,#6602);
#6601 = CARTESIAN_POINT('',(3.2,-3.95,1.1));
#6602 = VECTOR('',#6603,1.);
#6603 = DIRECTION('',(-1.,1.224646799147E-16,0.));
#6604 = ORIENTED_EDGE('',*,*,#6605,.T.);
#6605 = EDGE_CURVE('',#6598,#5345,#6606,.T.);
#6606 = LINE('',#6607,#6608);
#6607 = CARTESIAN_POINT('',(2.8,-3.95,1.1));
#6608 = VECTOR('',#6609,1.);
#6609 = DIRECTION('',(-1.359631073447E-32,-1.110223024625E-16,-1.));
#6610 = ORIENTED_EDGE('',*,*,#5352,.T.);
#6611 = ORIENTED_EDGE('',*,*,#6574,.T.);
#6612 = PLANE('',#6613);
#6613 = AXIS2_PLACEMENT_3D('',#6614,#6615,#6616);
#6614 = CARTESIAN_POINT('',(3.,-3.95,0.95));
#6615 = DIRECTION('',(-1.224646799147E-16,-1.,1.110223024625E-16));
#6616 = DIRECTION('',(-1.,1.224646799147E-16,1.219283680787E-48));
#6617 = ADVANCED_FACE('',(#6618),#6629,.F.);
#6618 = FACE_BOUND('',#6619,.F.);
#6619 = EDGE_LOOP('',(#6620,#6626,#6627,#6628));
#6620 = ORIENTED_EDGE('',*,*,#6621,.T.);
#6621 = EDGE_CURVE('',#5748,#6598,#6622,.T.);
#6622 = LINE('',#6623,#6624);
#6623 = CARTESIAN_POINT('',(2.8,-2.05,1.1));
#6624 = VECTOR('',#6625,1.);
#6625 = DIRECTION('',(-1.224646799147E-16,-1.,1.110223024625E-16));
#6626 = ORIENTED_EDGE('',*,*,#6605,.T.);
#6627 = ORIENTED_EDGE('',*,*,#5344,.F.);
#6628 = ORIENTED_EDGE('',*,*,#5747,.F.);
#6629 = PLANE('',#6630);
#6630 = AXIS2_PLACEMENT_3D('',#6631,#6632,#6633);
#6631 = CARTESIAN_POINT('',(2.8,-2.05,1.1));
#6632 = DIRECTION('',(1.,-1.224646799147E-16,0.));
#6633 = DIRECTION('',(-1.359631073446E-32,-1.110223024625E-16,-1.));
#6634 = ADVANCED_FACE('',(#6635),#6653,.F.);
#6635 = FACE_BOUND('',#6636,.F.);
#6636 = EDGE_LOOP('',(#6637,#6638,#6646,#6652));
#6637 = ORIENTED_EDGE('',*,*,#5328,.T.);
#6638 = ORIENTED_EDGE('',*,*,#6639,.T.);
#6639 = EDGE_CURVE('',#5321,#6640,#6642,.T.);
#6640 = VERTEX_POINT('',#6641);
#6641 = CARTESIAN_POINT('',(1.2,-3.95,1.1));
#6642 = LINE('',#6643,#6644);
#6643 = CARTESIAN_POINT('',(1.2,-3.95,0.8));
#6644 = VECTOR('',#6645,1.);
#6645 = DIRECTION('',(1.359631073447E-32,1.110223024625E-16,1.));
#6646 = ORIENTED_EDGE('',*,*,#6647,.F.);
#6647 = EDGE_CURVE('',#5733,#6640,#6648,.T.);
#6648 = LINE('',#6649,#6650);
#6649 = CARTESIAN_POINT('',(1.2,-2.05,1.1));
#6650 = VECTOR('',#6651,1.);
#6651 = DIRECTION('',(-1.224646799147E-16,-1.,1.110223024625E-16));
#6652 = ORIENTED_EDGE('',*,*,#5740,.F.);
#6653 = PLANE('',#6654);
#6654 = AXIS2_PLACEMENT_3D('',#6655,#6656,#6657);
#6655 = CARTESIAN_POINT('',(1.2,-2.05,0.8));
#6656 = DIRECTION('',(-1.,1.224646799147E-16,0.));
#6657 = DIRECTION('',(1.359631073446E-32,1.110223024625E-16,1.));
#6658 = ADVANCED_FACE('',(#6659),#6677,.T.);
#6659 = FACE_BOUND('',#6660,.T.);
#6660 = EDGE_LOOP('',(#6661,#6669,#6675,#6676));
#6661 = ORIENTED_EDGE('',*,*,#6662,.T.);
#6662 = EDGE_CURVE('',#6640,#6663,#6665,.T.);
#6663 = VERTEX_POINT('',#6664);
#6664 = CARTESIAN_POINT('',(0.8,-3.95,1.1));
#6665 = LINE('',#6666,#6667);
#6666 = CARTESIAN_POINT('',(1.2,-3.95,1.1));
#6667 = VECTOR('',#6668,1.);
#6668 = DIRECTION('',(-1.,1.224646799147E-16,0.));
#6669 = ORIENTED_EDGE('',*,*,#6670,.T.);
#6670 = EDGE_CURVE('',#6663,#5313,#6671,.T.);
#6671 = LINE('',#6672,#6673);
#6672 = CARTESIAN_POINT('',(0.8,-3.95,1.1));
#6673 = VECTOR('',#6674,1.);
#6674 = DIRECTION('',(-1.359631073447E-32,-1.110223024625E-16,-1.));
#6675 = ORIENTED_EDGE('',*,*,#5320,.T.);
#6676 = ORIENTED_EDGE('',*,*,#6639,.T.);
#6677 = PLANE('',#6678);
#6678 = AXIS2_PLACEMENT_3D('',#6679,#6680,#6681);
#6679 = CARTESIAN_POINT('',(1.,-3.95,0.95));
#6680 = DIRECTION('',(-1.224646799147E-16,-1.,1.110223024625E-16));
#6681 = DIRECTION('',(-1.,1.224646799147E-16,1.219283680787E-48));
#6682 = ADVANCED_FACE('',(#6683),#6694,.F.);
#6683 = FACE_BOUND('',#6684,.F.);
#6684 = EDGE_LOOP('',(#6685,#6691,#6692,#6693));
#6685 = ORIENTED_EDGE('',*,*,#6686,.T.);
#6686 = EDGE_CURVE('',#5725,#6663,#6687,.T.);
#6687 = LINE('',#6688,#6689);
#6688 = CARTESIAN_POINT('',(0.8,-2.05,1.1));
#6689 = VECTOR('',#6690,1.);
#6690 = DIRECTION('',(-1.224646799147E-16,-1.,1.110223024625E-16));
#6691 = ORIENTED_EDGE('',*,*,#6670,.T.);
#6692 = ORIENTED_EDGE('',*,*,#5312,.F.);
#6693 = ORIENTED_EDGE('',*,*,#5724,.F.);
#6694 = PLANE('',#6695);
#6695 = AXIS2_PLACEMENT_3D('',#6696,#6697,#6698);
#6696 = CARTESIAN_POINT('',(0.8,-2.05,1.1));
#6697 = DIRECTION('',(1.,-1.224646799147E-16,0.));
#6698 = DIRECTION('',(-1.359631073446E-32,-1.110223024625E-16,-1.));
#6699 = ADVANCED_FACE('',(#6700),#6711,.T.);
#6700 = FACE_BOUND('',#6701,.T.);
#6701 = EDGE_LOOP('',(#6702,#6703,#6704,#6705));
#6702 = ORIENTED_EDGE('',*,*,#5426,.T.);
#6703 = ORIENTED_EDGE('',*,*,#6382,.T.);
#6704 = ORIENTED_EDGE('',*,*,#5507,.T.);
#6705 = ORIENTED_EDGE('',*,*,#6706,.F.);
#6706 = EDGE_CURVE('',#5418,#5499,#6707,.T.);
#6707 = LINE('',#6708,#6709);
#6708 = CARTESIAN_POINT('',(5.95,-4.65,3.3));
#6709 = VECTOR('',#6710,1.);
#6710 = DIRECTION('',(-1.,1.224646799147E-16,0.));
#6711 = PLANE('',#6712);
#6712 = AXIS2_PLACEMENT_3D('',#6713,#6714,#6715);
#6713 = CARTESIAN_POINT('',(5.95,-6.25,3.3));
#6714 = DIRECTION('',(-1.359631073447E-32,-1.110223024625E-16,-1.));
#6715 = DIRECTION('',(1.224646799147E-16,1.,-1.110223024625E-16));
#6716 = ADVANCED_FACE('',(#6717),#6723,.F.);
#6717 = FACE_BOUND('',#6718,.F.);
#6718 = EDGE_LOOP('',(#6719,#6720,#6721,#6722));
#6719 = ORIENTED_EDGE('',*,*,#5441,.T.);
#6720 = ORIENTED_EDGE('',*,*,#5498,.T.);
#6721 = ORIENTED_EDGE('',*,*,#6706,.F.);
#6722 = ORIENTED_EDGE('',*,*,#5417,.F.);
#6723 = CYLINDRICAL_SURFACE('',#6724,0.4);
#6724 = AXIS2_PLACEMENT_3D('',#6725,#6726,#6727);
#6725 = CARTESIAN_POINT('',(5.95,-4.65,2.9));
#6726 = DIRECTION('',(1.,-1.224646799147E-16,0.));
#6727 = DIRECTION('',(1.359631073446E-32,1.110223024625E-16,1.));
#6728 = ADVANCED_FACE('',(#6729),#6740,.F.);
#6729 = FACE_BOUND('',#6730,.F.);
#6730 = EDGE_LOOP('',(#6731,#6732,#6733,#6739));
#6731 = ORIENTED_EDGE('',*,*,#6461,.T.);
#6732 = ORIENTED_EDGE('',*,*,#5474,.T.);
#6733 = ORIENTED_EDGE('',*,*,#6734,.F.);
#6734 = EDGE_CURVE('',#5570,#5475,#6735,.T.);
#6735 = LINE('',#6736,#6737);
#6736 = CARTESIAN_POINT('',(-0.95,1.35,3.2));
#6737 = VECTOR('',#6738,1.);
#6738 = DIRECTION('',(-1.,1.224646799147E-16,0.));
#6739 = ORIENTED_EDGE('',*,*,#5569,.F.);
#6740 = PLANE('',#6741);
#6741 = AXIS2_PLACEMENT_3D('',#6742,#6743,#6744);
#6742 = CARTESIAN_POINT('',(-0.95,-0.25,4.1));
#6743 = DIRECTION('',(-6.003968578616E-17,-0.490261239633,
    -0.871575537124));
#6744 = DIRECTION('',(1.067372191754E-16,0.871575537124,-0.490261239633)
  );
#6745 = ADVANCED_FACE('',(#6746),#6752,.F.);
#6746 = FACE_BOUND('',#6747,.F.);
#6747 = EDGE_LOOP('',(#6748,#6749,#6750,#6751));
#6748 = ORIENTED_EDGE('',*,*,#6734,.T.);
#6749 = ORIENTED_EDGE('',*,*,#5482,.T.);
#6750 = ORIENTED_EDGE('',*,*,#5537,.F.);
#6751 = ORIENTED_EDGE('',*,*,#5577,.F.);
#6752 = PLANE('',#6753);
#6753 = AXIS2_PLACEMENT_3D('',#6754,#6755,#6756);
#6754 = CARTESIAN_POINT('',(-0.95,1.35,3.2));
#6755 = DIRECTION('',(-1.224646799147E-16,-1.,0.));
#6756 = DIRECTION('',(-0.,0.,-1.));
#6757 = ADVANCED_FACE('',(#6758),#6776,.F.);
#6758 = FACE_BOUND('',#6759,.F.);
#6759 = EDGE_LOOP('',(#6760,#6761,#6767,#6768,#6774,#6775));
#6760 = ORIENTED_EDGE('',*,*,#6454,.F.);
#6761 = ORIENTED_EDGE('',*,*,#6762,.F.);
#6762 = EDGE_CURVE('',#6282,#6445,#6763,.T.);
#6763 = LINE('',#6764,#6765);
#6764 = CARTESIAN_POINT('',(-1.4,-4.45,4.8));
#6765 = VECTOR('',#6766,1.);
#6766 = DIRECTION('',(1.224646799147E-16,1.,-1.110223024625E-16));
#6767 = ORIENTED_EDGE('',*,*,#6289,.F.);
#6768 = ORIENTED_EDGE('',*,*,#6769,.T.);
#6769 = EDGE_CURVE('',#6290,#6368,#6770,.T.);
#6770 = LINE('',#6771,#6772);
#6771 = CARTESIAN_POINT('',(-0.95,-4.45,4.8));
#6772 = VECTOR('',#6773,1.);
#6773 = DIRECTION('',(-1.224646799147E-16,-1.,1.110223024625E-16));
#6774 = ORIENTED_EDGE('',*,*,#6375,.T.);
#6775 = ORIENTED_EDGE('',*,*,#5523,.F.);
#6776 = PLANE('',#6777);
#6777 = AXIS2_PLACEMENT_3D('',#6778,#6779,#6780);
#6778 = CARTESIAN_POINT('',(5.95,-0.25,4.8));
#6779 = DIRECTION('',(-1.359631073447E-32,-1.110223024625E-16,-1.));
#6780 = DIRECTION('',(-1.,1.224646799147E-16,6.927121900793E-45));
#6781 = ADVANCED_FACE('',(#6782),#6794,.T.);
#6782 = FACE_BOUND('',#6783,.T.);
#6783 = EDGE_LOOP('',(#6784,#6785,#6786,#6787,#6793));
#6784 = ORIENTED_EDGE('',*,*,#6762,.F.);
#6785 = ORIENTED_EDGE('',*,*,#6281,.T.);
#6786 = ORIENTED_EDGE('',*,*,#5652,.T.);
#6787 = ORIENTED_EDGE('',*,*,#6788,.T.);
#6788 = EDGE_CURVE('',#5653,#6447,#6789,.T.);
#6789 = LINE('',#6790,#6791);
#6790 = CARTESIAN_POINT('',(-1.4,-4.45,4.2));
#6791 = VECTOR('',#6792,1.);
#6792 = DIRECTION('',(1.224646799147E-16,1.,-1.110223024625E-16));
#6793 = ORIENTED_EDGE('',*,*,#6444,.F.);
#6794 = PLANE('',#6795);
#6795 = AXIS2_PLACEMENT_3D('',#6796,#6797,#6798);
#6796 = CARTESIAN_POINT('',(-1.4,-4.45,4.8));
#6797 = DIRECTION('',(1.,-1.224646799147E-16,0.));
#6798 = DIRECTION('',(1.224646799147E-16,1.,-1.110223024625E-16));
#6799 = ADVANCED_FACE('',(#6800),#6806,.F.);
#6800 = FACE_BOUND('',#6801,.F.);
#6801 = EDGE_LOOP('',(#6802,#6803,#6804,#6805));
#6802 = ORIENTED_EDGE('',*,*,#6582,.T.);
#6803 = ORIENTED_EDGE('',*,*,#6597,.T.);
#6804 = ORIENTED_EDGE('',*,*,#6621,.F.);
#6805 = ORIENTED_EDGE('',*,*,#5755,.F.);
#6806 = PLANE('',#6807);
#6807 = AXIS2_PLACEMENT_3D('',#6808,#6809,#6810);
#6808 = CARTESIAN_POINT('',(3.2,-2.05,1.1));
#6809 = DIRECTION('',(-1.359631073447E-32,-1.110223024625E-16,-1.));
#6810 = DIRECTION('',(-1.,1.224646799147E-16,6.927121900793E-45));
#6811 = ADVANCED_FACE('',(#6812),#6820,.F.);
#6812 = FACE_BOUND('',#6813,.F.);
#6813 = EDGE_LOOP('',(#6814,#6815,#6816,#6817,#6818,#6819));
#6814 = ORIENTED_EDGE('',*,*,#5715,.T.);
#6815 = ORIENTED_EDGE('',*,*,#6788,.T.);
#6816 = ORIENTED_EDGE('',*,*,#6477,.T.);
#6817 = ORIENTED_EDGE('',*,*,#6492,.F.);
#6818 = ORIENTED_EDGE('',*,*,#6225,.T.);
#6819 = ORIENTED_EDGE('',*,*,#6257,.T.);
#6820 = PLANE('',#6821);
#6821 = AXIS2_PLACEMENT_3D('',#6822,#6823,#6824);
#6822 = CARTESIAN_POINT('',(-0.9,-2.35,4.2));
#6823 = DIRECTION('',(-8.050646288033E-31,-1.110223024625E-16,-1.));
#6824 = DIRECTION('',(-1.,1.224646799147E-16,7.914683180688E-31));
#6825 = ADVANCED_FACE('',(#6826),#6832,.F.);
#6826 = FACE_BOUND('',#6827,.F.);
#6827 = EDGE_LOOP('',(#6828,#6829,#6830,#6831));
#6828 = ORIENTED_EDGE('',*,*,#6647,.T.);
#6829 = ORIENTED_EDGE('',*,*,#6662,.T.);
#6830 = ORIENTED_EDGE('',*,*,#6686,.F.);
#6831 = ORIENTED_EDGE('',*,*,#5732,.F.);
#6832 = PLANE('',#6833);
#6833 = AXIS2_PLACEMENT_3D('',#6834,#6835,#6836);
#6834 = CARTESIAN_POINT('',(1.2,-2.05,1.1));
#6835 = DIRECTION('',(-1.359631073447E-32,-1.110223024625E-16,-1.));
#6836 = DIRECTION('',(-1.,1.224646799147E-16,6.927121900793E-45));
#6837 = ADVANCED_FACE('',(#6838),#6863,.T.);
#6838 = FACE_BOUND('',#6839,.T.);
#6839 = EDGE_LOOP('',(#6840,#6850,#6856,#6857));
#6840 = ORIENTED_EDGE('',*,*,#6841,.T.);
#6841 = EDGE_CURVE('',#6842,#6844,#6846,.T.);
#6842 = VERTEX_POINT('',#6843);
#6843 = CARTESIAN_POINT('',(1.75,-5.55,2.85));
#6844 = VERTEX_POINT('',#6845);
#6845 = CARTESIAN_POINT('',(1.75,-5.55,3.35));
#6846 = LINE('',#6847,#6848);
#6847 = CARTESIAN_POINT('',(1.75,-5.55,2.85));
#6848 = VECTOR('',#6849,1.);
#6849 = DIRECTION('',(0.,0.,1.));
#6850 = ORIENTED_EDGE('',*,*,#6851,.T.);
#6851 = EDGE_CURVE('',#6844,#5772,#6852,.T.);
#6852 = LINE('',#6853,#6854);
#6853 = CARTESIAN_POINT('',(1.75,-5.75,3.35));
#6854 = VECTOR('',#6855,1.);
#6855 = DIRECTION('',(1.224646799147E-16,1.,0.));
#6856 = ORIENTED_EDGE('',*,*,#5771,.T.);
#6857 = ORIENTED_EDGE('',*,*,#6858,.T.);
#6858 = EDGE_CURVE('',#5774,#6842,#6859,.T.);
#6859 = LINE('',#6860,#6861);
#6860 = CARTESIAN_POINT('',(1.75,-0.25,2.85));
#6861 = VECTOR('',#6862,1.);
#6862 = DIRECTION('',(-1.224646799147E-16,-1.,0.));
#6863 = PLANE('',#6864);
#6864 = AXIS2_PLACEMENT_3D('',#6865,#6866,#6867);
#6865 = CARTESIAN_POINT('',(1.75,-1.401960784314,1.323039215686));
#6866 = DIRECTION('',(-1.,1.224646799147E-16,0.));
#6867 = DIRECTION('',(0.,0.,1.));
#6868 = ADVANCED_FACE('',(#6869),#6887,.F.);
#6869 = FACE_BOUND('',#6870,.F.);
#6870 = EDGE_LOOP('',(#6871,#6879,#6880,#6881));
#6871 = ORIENTED_EDGE('',*,*,#6872,.F.);
#6872 = EDGE_CURVE('',#5790,#6873,#6875,.T.);
#6873 = VERTEX_POINT('',#6874);
#6874 = CARTESIAN_POINT('',(2.25,-5.55,2.85));
#6875 = LINE('',#6876,#6877);
#6876 = CARTESIAN_POINT('',(2.25,-0.25,2.85));
#6877 = VECTOR('',#6878,1.);
#6878 = DIRECTION('',(-1.224646799147E-16,-1.,0.));
#6879 = ORIENTED_EDGE('',*,*,#5797,.T.);
#6880 = ORIENTED_EDGE('',*,*,#6858,.T.);
#6881 = ORIENTED_EDGE('',*,*,#6882,.F.);
#6882 = EDGE_CURVE('',#6873,#6842,#6883,.T.);
#6883 = LINE('',#6884,#6885);
#6884 = CARTESIAN_POINT('',(2.25,-5.55,2.85));
#6885 = VECTOR('',#6886,1.);
#6886 = DIRECTION('',(-1.,1.224646799147E-16,0.));
#6887 = PLANE('',#6888);
#6888 = AXIS2_PLACEMENT_3D('',#6889,#6890,#6891);
#6889 = CARTESIAN_POINT('',(2.25,-0.25,2.85));
#6890 = DIRECTION('',(0.,0.,1.));
#6891 = DIRECTION('',(-1.224646799147E-16,-1.,0.));
#6892 = ADVANCED_FACE('',(#6893),#6911,.F.);
#6893 = FACE_BOUND('',#6894,.F.);
#6894 = EDGE_LOOP('',(#6895,#6903,#6909,#6910));
#6895 = ORIENTED_EDGE('',*,*,#6896,.T.);
#6896 = EDGE_CURVE('',#6873,#6897,#6899,.T.);
#6897 = VERTEX_POINT('',#6898);
#6898 = CARTESIAN_POINT('',(2.25,-5.55,3.35));
#6899 = LINE('',#6900,#6901);
#6900 = CARTESIAN_POINT('',(2.25,-5.55,2.85));
#6901 = VECTOR('',#6902,1.);
#6902 = DIRECTION('',(0.,0.,1.));
#6903 = ORIENTED_EDGE('',*,*,#6904,.T.);
#6904 = EDGE_CURVE('',#6897,#5782,#6905,.T.);
#6905 = LINE('',#6906,#6907);
#6906 = CARTESIAN_POINT('',(2.25,-5.75,3.35));
#6907 = VECTOR('',#6908,1.);
#6908 = DIRECTION('',(1.224646799147E-16,1.,0.));
#6909 = ORIENTED_EDGE('',*,*,#5789,.T.);
#6910 = ORIENTED_EDGE('',*,*,#6872,.T.);
#6911 = PLANE('',#6912);
#6912 = AXIS2_PLACEMENT_3D('',#6913,#6914,#6915);
#6913 = CARTESIAN_POINT('',(2.25,-1.401960784314,1.323039215686));
#6914 = DIRECTION('',(-1.,1.224646799147E-16,0.));
#6915 = DIRECTION('',(0.,0.,1.));
#6916 = ADVANCED_FACE('',(#6917),#6928,.F.);
#6917 = FACE_BOUND('',#6918,.F.);
#6918 = EDGE_LOOP('',(#6919,#6920,#6926,#6927));
#6919 = ORIENTED_EDGE('',*,*,#6904,.F.);
#6920 = ORIENTED_EDGE('',*,*,#6921,.T.);
#6921 = EDGE_CURVE('',#6897,#6844,#6922,.T.);
#6922 = LINE('',#6923,#6924);
#6923 = CARTESIAN_POINT('',(2.25,-5.55,3.35));
#6924 = VECTOR('',#6925,1.);
#6925 = DIRECTION('',(-1.,1.224646799147E-16,0.));
#6926 = ORIENTED_EDGE('',*,*,#6851,.T.);
#6927 = ORIENTED_EDGE('',*,*,#5781,.T.);
#6928 = PLANE('',#6929);
#6929 = AXIS2_PLACEMENT_3D('',#6930,#6931,#6932);
#6930 = CARTESIAN_POINT('',(2.25,-5.75,3.35));
#6931 = DIRECTION('',(-0.,0.,-1.));
#6932 = DIRECTION('',(1.224646799147E-16,1.,0.));
#6933 = ADVANCED_FACE('',(#6934),#6959,.F.);
#6934 = FACE_BOUND('',#6935,.F.);
#6935 = EDGE_LOOP('',(#6936,#6946,#6952,#6953));
#6936 = ORIENTED_EDGE('',*,*,#6937,.T.);
#6937 = EDGE_CURVE('',#6938,#6940,#6942,.T.);
#6938 = VERTEX_POINT('',#6939);
#6939 = CARTESIAN_POINT('',(4.25,-5.55,2.85));
#6940 = VERTEX_POINT('',#6941);
#6941 = CARTESIAN_POINT('',(4.25,-5.55,3.35));
#6942 = LINE('',#6943,#6944);
#6943 = CARTESIAN_POINT('',(4.25,-5.55,2.85));
#6944 = VECTOR('',#6945,1.);
#6945 = DIRECTION('',(0.,0.,1.));
#6946 = ORIENTED_EDGE('',*,*,#6947,.T.);
#6947 = EDGE_CURVE('',#6940,#5806,#6948,.T.);
#6948 = LINE('',#6949,#6950);
#6949 = CARTESIAN_POINT('',(4.25,-5.75,3.35));
#6950 = VECTOR('',#6951,1.);
#6951 = DIRECTION('',(1.224646799147E-16,1.,0.));
#6952 = ORIENTED_EDGE('',*,*,#5805,.T.);
#6953 = ORIENTED_EDGE('',*,*,#6954,.T.);
#6954 = EDGE_CURVE('',#5808,#6938,#6955,.T.);
#6955 = LINE('',#6956,#6957);
#6956 = CARTESIAN_POINT('',(4.25,-0.25,2.85));
#6957 = VECTOR('',#6958,1.);
#6958 = DIRECTION('',(-1.224646799147E-16,-1.,0.));
#6959 = PLANE('',#6960);
#6960 = AXIS2_PLACEMENT_3D('',#6961,#6962,#6963);
#6961 = CARTESIAN_POINT('',(4.25,-1.421959173294,1.302213422577));
#6962 = DIRECTION('',(-1.,1.224646799147E-16,0.));
#6963 = DIRECTION('',(0.,0.,1.));
#6964 = ADVANCED_FACE('',(#6965),#6983,.F.);
#6965 = FACE_BOUND('',#6966,.F.);
#6966 = EDGE_LOOP('',(#6967,#6968,#6976,#6982));
#6967 = ORIENTED_EDGE('',*,*,#6947,.F.);
#6968 = ORIENTED_EDGE('',*,*,#6969,.T.);
#6969 = EDGE_CURVE('',#6940,#6970,#6972,.T.);
#6970 = VERTEX_POINT('',#6971);
#6971 = CARTESIAN_POINT('',(3.75,-5.55,3.35));
#6972 = LINE('',#6973,#6974);
#6973 = CARTESIAN_POINT('',(4.25,-5.55,3.35));
#6974 = VECTOR('',#6975,1.);
#6975 = DIRECTION('',(-1.,1.224646799147E-16,0.));
#6976 = ORIENTED_EDGE('',*,*,#6977,.T.);
#6977 = EDGE_CURVE('',#6970,#5824,#6978,.T.);
#6978 = LINE('',#6979,#6980);
#6979 = CARTESIAN_POINT('',(3.75,-5.75,3.35));
#6980 = VECTOR('',#6981,1.);
#6981 = DIRECTION('',(1.224646799147E-16,1.,0.));
#6982 = ORIENTED_EDGE('',*,*,#5831,.T.);
#6983 = PLANE('',#6984);
#6984 = AXIS2_PLACEMENT_3D('',#6985,#6986,#6987);
#6985 = CARTESIAN_POINT('',(4.25,-5.75,3.35));
#6986 = DIRECTION('',(-0.,0.,-1.));
#6987 = DIRECTION('',(1.224646799147E-16,1.,0.));
#6988 = ADVANCED_FACE('',(#6989),#7007,.T.);
#6989 = FACE_BOUND('',#6990,.T.);
#6990 = EDGE_LOOP('',(#6991,#6999,#7000,#7001));
#6991 = ORIENTED_EDGE('',*,*,#6992,.T.);
#6992 = EDGE_CURVE('',#6993,#6970,#6995,.T.);
#6993 = VERTEX_POINT('',#6994);
#6994 = CARTESIAN_POINT('',(3.75,-5.55,2.85));
#6995 = LINE('',#6996,#6997);
#6996 = CARTESIAN_POINT('',(3.75,-5.55,2.85));
#6997 = VECTOR('',#6998,1.);
#6998 = DIRECTION('',(0.,0.,1.));
#6999 = ORIENTED_EDGE('',*,*,#6977,.T.);
#7000 = ORIENTED_EDGE('',*,*,#5823,.T.);
#7001 = ORIENTED_EDGE('',*,*,#7002,.T.);
#7002 = EDGE_CURVE('',#5816,#6993,#7003,.T.);
#7003 = LINE('',#7004,#7005);
#7004 = CARTESIAN_POINT('',(3.75,-0.25,2.85));
#7005 = VECTOR('',#7006,1.);
#7006 = DIRECTION('',(-1.224646799147E-16,-1.,0.));
#7007 = PLANE('',#7008);
#7008 = AXIS2_PLACEMENT_3D('',#7009,#7010,#7011);
#7009 = CARTESIAN_POINT('',(3.75,-1.421959173294,1.302213422577));
#7010 = DIRECTION('',(-1.,1.224646799147E-16,0.));
#7011 = DIRECTION('',(0.,0.,1.));
#7012 = ADVANCED_FACE('',(#7013),#7024,.F.);
#7013 = FACE_BOUND('',#7014,.F.);
#7014 = EDGE_LOOP('',(#7015,#7016,#7017,#7018));
#7015 = ORIENTED_EDGE('',*,*,#6954,.F.);
#7016 = ORIENTED_EDGE('',*,*,#5815,.T.);
#7017 = ORIENTED_EDGE('',*,*,#7002,.T.);
#7018 = ORIENTED_EDGE('',*,*,#7019,.F.);
#7019 = EDGE_CURVE('',#6938,#6993,#7020,.T.);
#7020 = LINE('',#7021,#7022);
#7021 = CARTESIAN_POINT('',(4.25,-5.55,2.85));
#7022 = VECTOR('',#7023,1.);
#7023 = DIRECTION('',(-1.,1.224646799147E-16,0.));
#7024 = PLANE('',#7025);
#7025 = AXIS2_PLACEMENT_3D('',#7026,#7027,#7028);
#7026 = CARTESIAN_POINT('',(4.25,-0.25,2.85));
#7027 = DIRECTION('',(0.,0.,1.));
#7028 = DIRECTION('',(-1.224646799147E-16,-1.,0.));
#7029 = ADVANCED_FACE('',(#7030),#7055,.T.);
#7030 = FACE_BOUND('',#7031,.T.);
#7031 = EDGE_LOOP('',(#7032,#7042,#7048,#7049));
#7032 = ORIENTED_EDGE('',*,*,#7033,.T.);
#7033 = EDGE_CURVE('',#7034,#7036,#7038,.T.);
#7034 = VERTEX_POINT('',#7035);
#7035 = CARTESIAN_POINT('',(-0.25,-5.55,2.85));
#7036 = VERTEX_POINT('',#7037);
#7037 = CARTESIAN_POINT('',(-0.25,-5.55,3.35));
#7038 = LINE('',#7039,#7040);
#7039 = CARTESIAN_POINT('',(-0.25,-5.55,2.85));
#7040 = VECTOR('',#7041,1.);
#7041 = DIRECTION('',(0.,0.,1.));
#7042 = ORIENTED_EDGE('',*,*,#7043,.T.);
#7043 = EDGE_CURVE('',#7036,#5840,#7044,.T.);
#7044 = LINE('',#7045,#7046);
#7045 = CARTESIAN_POINT('',(-0.25,-5.75,3.35));
#7046 = VECTOR('',#7047,1.);
#7047 = DIRECTION('',(1.224646799147E-16,1.,0.));
#7048 = ORIENTED_EDGE('',*,*,#5839,.T.);
#7049 = ORIENTED_EDGE('',*,*,#7050,.T.);
#7050 = EDGE_CURVE('',#5842,#7034,#7051,.T.);
#7051 = LINE('',#7052,#7053);
#7052 = CARTESIAN_POINT('',(-0.25,-0.25,2.85));
#7053 = VECTOR('',#7054,1.);
#7054 = DIRECTION('',(-1.224646799147E-16,-1.,0.));
#7055 = PLANE('',#7056);
#7056 = AXIS2_PLACEMENT_3D('',#7057,#7058,#7059);
#7057 = CARTESIAN_POINT('',(-0.25,-1.421959173294,1.302213422577));
#7058 = DIRECTION('',(-1.,1.224646799147E-16,0.));
#7059 = DIRECTION('',(0.,0.,1.));
#7060 = ADVANCED_FACE('',(#7061),#7079,.F.);
#7061 = FACE_BOUND('',#7062,.F.);
#7062 = EDGE_LOOP('',(#7063,#7071,#7072,#7073));
#7063 = ORIENTED_EDGE('',*,*,#7064,.F.);
#7064 = EDGE_CURVE('',#5858,#7065,#7067,.T.);
#7065 = VERTEX_POINT('',#7066);
#7066 = CARTESIAN_POINT('',(0.25,-5.55,2.85));
#7067 = LINE('',#7068,#7069);
#7068 = CARTESIAN_POINT('',(0.25,-0.25,2.85));
#7069 = VECTOR('',#7070,1.);
#7070 = DIRECTION('',(-1.224646799147E-16,-1.,0.));
#7071 = ORIENTED_EDGE('',*,*,#5865,.T.);
#7072 = ORIENTED_EDGE('',*,*,#7050,.T.);
#7073 = ORIENTED_EDGE('',*,*,#7074,.F.);
#7074 = EDGE_CURVE('',#7065,#7034,#7075,.T.);
#7075 = LINE('',#7076,#7077);
#7076 = CARTESIAN_POINT('',(0.25,-5.55,2.85));
#7077 = VECTOR('',#7078,1.);
#7078 = DIRECTION('',(-1.,1.224646799147E-16,0.));
#7079 = PLANE('',#7080);
#7080 = AXIS2_PLACEMENT_3D('',#7081,#7082,#7083);
#7081 = CARTESIAN_POINT('',(0.25,-0.25,2.85));
#7082 = DIRECTION('',(0.,0.,1.));
#7083 = DIRECTION('',(-1.224646799147E-16,-1.,0.));
#7084 = ADVANCED_FACE('',(#7085),#7103,.F.);
#7085 = FACE_BOUND('',#7086,.F.);
#7086 = EDGE_LOOP('',(#7087,#7095,#7101,#7102));
#7087 = ORIENTED_EDGE('',*,*,#7088,.T.);
#7088 = EDGE_CURVE('',#7065,#7089,#7091,.T.);
#7089 = VERTEX_POINT('',#7090);
#7090 = CARTESIAN_POINT('',(0.25,-5.55,3.35));
#7091 = LINE('',#7092,#7093);
#7092 = CARTESIAN_POINT('',(0.25,-5.55,2.85));
#7093 = VECTOR('',#7094,1.);
#7094 = DIRECTION('',(0.,0.,1.));
#7095 = ORIENTED_EDGE('',*,*,#7096,.T.);
#7096 = EDGE_CURVE('',#7089,#5850,#7097,.T.);
#7097 = LINE('',#7098,#7099);
#7098 = CARTESIAN_POINT('',(0.25,-5.75,3.35));
#7099 = VECTOR('',#7100,1.);
#7100 = DIRECTION('',(1.224646799147E-16,1.,0.));
#7101 = ORIENTED_EDGE('',*,*,#5857,.T.);
#7102 = ORIENTED_EDGE('',*,*,#7064,.T.);
#7103 = PLANE('',#7104);
#7104 = AXIS2_PLACEMENT_3D('',#7105,#7106,#7107);
#7105 = CARTESIAN_POINT('',(0.25,-1.421959173294,1.302213422577));
#7106 = DIRECTION('',(-1.,1.224646799147E-16,0.));
#7107 = DIRECTION('',(0.,0.,1.));
#7108 = ADVANCED_FACE('',(#7109),#7120,.F.);
#7109 = FACE_BOUND('',#7110,.F.);
#7110 = EDGE_LOOP('',(#7111,#7112,#7118,#7119));
#7111 = ORIENTED_EDGE('',*,*,#7096,.F.);
#7112 = ORIENTED_EDGE('',*,*,#7113,.T.);
#7113 = EDGE_CURVE('',#7089,#7036,#7114,.T.);
#7114 = LINE('',#7115,#7116);
#7115 = CARTESIAN_POINT('',(0.25,-5.55,3.35));
#7116 = VECTOR('',#7117,1.);
#7117 = DIRECTION('',(-1.,1.224646799147E-16,0.));
#7118 = ORIENTED_EDGE('',*,*,#7043,.T.);
#7119 = ORIENTED_EDGE('',*,*,#5849,.T.);
#7120 = PLANE('',#7121);
#7121 = AXIS2_PLACEMENT_3D('',#7122,#7123,#7124);
#7122 = CARTESIAN_POINT('',(0.25,-5.75,3.35));
#7123 = DIRECTION('',(-0.,0.,-1.));
#7124 = DIRECTION('',(1.224646799147E-16,1.,0.));
#7125 = ADVANCED_FACE('',(#7126,#7132),#7166,.F.);
#7126 = FACE_BOUND('',#7127,.F.);
#7127 = EDGE_LOOP('',(#7128,#7129,#7130,#7131));
#7128 = ORIENTED_EDGE('',*,*,#6013,.T.);
#7129 = ORIENTED_EDGE('',*,*,#6031,.T.);
#7130 = ORIENTED_EDGE('',*,*,#6556,.F.);
#7131 = ORIENTED_EDGE('',*,*,#5896,.F.);
#7132 = FACE_BOUND('',#7133,.F.);
#7133 = EDGE_LOOP('',(#7134,#7144,#7152,#7160));
#7134 = ORIENTED_EDGE('',*,*,#7135,.T.);
#7135 = EDGE_CURVE('',#7136,#7138,#7140,.T.);
#7136 = VERTEX_POINT('',#7137);
#7137 = CARTESIAN_POINT('',(4.25,-0.35,3.35));
#7138 = VERTEX_POINT('',#7139);
#7139 = CARTESIAN_POINT('',(4.25,-0.35,2.85));
#7140 = LINE('',#7141,#7142);
#7141 = CARTESIAN_POINT('',(4.25,-0.35,2.451106711288));
#7142 = VECTOR('',#7143,1.);
#7143 = DIRECTION('',(-1.359631073447E-32,-1.110223024625E-16,-1.));
#7144 = ORIENTED_EDGE('',*,*,#7145,.T.);
#7145 = EDGE_CURVE('',#7138,#7146,#7148,.T.);
#7146 = VERTEX_POINT('',#7147);
#7147 = CARTESIAN_POINT('',(3.75,-0.35,2.85));
#7148 = LINE('',#7149,#7150);
#7149 = CARTESIAN_POINT('',(4.5,-0.35,2.85));
#7150 = VECTOR('',#7151,1.);
#7151 = DIRECTION('',(-1.,1.224646799147E-16,0.));
#7152 = ORIENTED_EDGE('',*,*,#7153,.F.);
#7153 = EDGE_CURVE('',#7154,#7146,#7156,.T.);
#7154 = VERTEX_POINT('',#7155);
#7155 = CARTESIAN_POINT('',(3.75,-0.35,3.35));
#7156 = LINE('',#7157,#7158);
#7157 = CARTESIAN_POINT('',(3.75,-0.35,2.451106711288));
#7158 = VECTOR('',#7159,1.);
#7159 = DIRECTION('',(-1.359631073447E-32,-1.110223024625E-16,-1.));
#7160 = ORIENTED_EDGE('',*,*,#7161,.T.);
#7161 = EDGE_CURVE('',#7154,#7136,#7162,.T.);
#7162 = LINE('',#7163,#7164);
#7163 = CARTESIAN_POINT('',(4.5,-0.35,3.35));
#7164 = VECTOR('',#7165,1.);
#7165 = DIRECTION('',(1.,-1.224646799147E-16,0.));
#7166 = PLANE('',#7167);
#7167 = AXIS2_PLACEMENT_3D('',#7168,#7169,#7170);
#7168 = CARTESIAN_POINT('',(4.75,-0.35,3.6));
#7169 = DIRECTION('',(-1.224646799147E-16,-1.,1.110223024625E-16));
#7170 = DIRECTION('',(-1.359631073447E-32,-1.110223024625E-16,-1.));
#7171 = ADVANCED_FACE('',(#7172,#7178),#7212,.F.);
#7172 = FACE_BOUND('',#7173,.F.);
#7173 = EDGE_LOOP('',(#7174,#7175,#7176,#7177));
#7174 = ORIENTED_EDGE('',*,*,#6119,.T.);
#7175 = ORIENTED_EDGE('',*,*,#6136,.T.);
#7176 = ORIENTED_EDGE('',*,*,#6539,.F.);
#7177 = ORIENTED_EDGE('',*,*,#6086,.F.);
#7178 = FACE_BOUND('',#7179,.F.);
#7179 = EDGE_LOOP('',(#7180,#7190,#7198,#7206));
#7180 = ORIENTED_EDGE('',*,*,#7181,.F.);
#7181 = EDGE_CURVE('',#7182,#7184,#7186,.T.);
#7182 = VERTEX_POINT('',#7183);
#7183 = CARTESIAN_POINT('',(1.75,-0.35,3.35));
#7184 = VERTEX_POINT('',#7185);
#7185 = CARTESIAN_POINT('',(1.75,-0.35,2.85));
#7186 = LINE('',#7187,#7188);
#7187 = CARTESIAN_POINT('',(1.75,-0.35,2.461519607843));
#7188 = VECTOR('',#7189,1.);
#7189 = DIRECTION('',(-1.359631073447E-32,-1.110223024625E-16,-1.));
#7190 = ORIENTED_EDGE('',*,*,#7191,.T.);
#7191 = EDGE_CURVE('',#7182,#7192,#7194,.T.);
#7192 = VERTEX_POINT('',#7193);
#7193 = CARTESIAN_POINT('',(2.25,-0.35,3.35));
#7194 = LINE('',#7195,#7196);
#7195 = CARTESIAN_POINT('',(2.5,-0.35,3.35));
#7196 = VECTOR('',#7197,1.);
#7197 = DIRECTION('',(1.,-1.224646799147E-16,0.));
#7198 = ORIENTED_EDGE('',*,*,#7199,.T.);
#7199 = EDGE_CURVE('',#7192,#7200,#7202,.T.);
#7200 = VERTEX_POINT('',#7201);
#7201 = CARTESIAN_POINT('',(2.25,-0.35,2.85));
#7202 = LINE('',#7203,#7204);
#7203 = CARTESIAN_POINT('',(2.25,-0.35,2.461519607843));
#7204 = VECTOR('',#7205,1.);
#7205 = DIRECTION('',(-1.359631073447E-32,-1.110223024625E-16,-1.));
#7206 = ORIENTED_EDGE('',*,*,#7207,.T.);
#7207 = EDGE_CURVE('',#7200,#7184,#7208,.T.);
#7208 = LINE('',#7209,#7210);
#7209 = CARTESIAN_POINT('',(2.5,-0.35,2.85));
#7210 = VECTOR('',#7211,1.);
#7211 = DIRECTION('',(-1.,1.224646799147E-16,0.));
#7212 = PLANE('',#7213);
#7213 = AXIS2_PLACEMENT_3D('',#7214,#7215,#7216);
#7214 = CARTESIAN_POINT('',(2.75,-0.35,3.6));
#7215 = DIRECTION('',(-1.224646799147E-16,-1.,1.110223024625E-16));
#7216 = DIRECTION('',(-1.359631073447E-32,-1.110223024625E-16,-1.));
#7217 = ADVANCED_FACE('',(#7218,#7224),#7258,.F.);
#7218 = FACE_BOUND('',#7219,.F.);
#7219 = EDGE_LOOP('',(#7220,#7221,#7222,#7223));
#7220 = ORIENTED_EDGE('',*,*,#6241,.T.);
#7221 = ORIENTED_EDGE('',*,*,#6499,.T.);
#7222 = ORIENTED_EDGE('',*,*,#6522,.F.);
#7223 = ORIENTED_EDGE('',*,*,#6191,.F.);
#7224 = FACE_BOUND('',#7225,.F.);
#7225 = EDGE_LOOP('',(#7226,#7236,#7244,#7252));
#7226 = ORIENTED_EDGE('',*,*,#7227,.F.);
#7227 = EDGE_CURVE('',#7228,#7230,#7232,.T.);
#7228 = VERTEX_POINT('',#7229);
#7229 = CARTESIAN_POINT('',(-0.25,-0.35,3.35));
#7230 = VERTEX_POINT('',#7231);
#7231 = CARTESIAN_POINT('',(-0.25,-0.35,2.85));
#7232 = LINE('',#7233,#7234);
#7233 = CARTESIAN_POINT('',(-0.25,-0.35,2.451106711288));
#7234 = VECTOR('',#7235,1.);
#7235 = DIRECTION('',(-1.359631073447E-32,-1.110223024625E-16,-1.));
#7236 = ORIENTED_EDGE('',*,*,#7237,.T.);
#7237 = EDGE_CURVE('',#7228,#7238,#7240,.T.);
#7238 = VERTEX_POINT('',#7239);
#7239 = CARTESIAN_POINT('',(0.25,-0.35,3.35));
#7240 = LINE('',#7241,#7242);
#7241 = CARTESIAN_POINT('',(0.5,-0.35,3.35));
#7242 = VECTOR('',#7243,1.);
#7243 = DIRECTION('',(1.,-1.224646799147E-16,0.));
#7244 = ORIENTED_EDGE('',*,*,#7245,.T.);
#7245 = EDGE_CURVE('',#7238,#7246,#7248,.T.);
#7246 = VERTEX_POINT('',#7247);
#7247 = CARTESIAN_POINT('',(0.25,-0.35,2.85));
#7248 = LINE('',#7249,#7250);
#7249 = CARTESIAN_POINT('',(0.25,-0.35,2.451106711288));
#7250 = VECTOR('',#7251,1.);
#7251 = DIRECTION('',(-1.359631073447E-32,-1.110223024625E-16,-1.));
#7252 = ORIENTED_EDGE('',*,*,#7253,.T.);
#7253 = EDGE_CURVE('',#7246,#7230,#7254,.T.);
#7254 = LINE('',#7255,#7256);
#7255 = CARTESIAN_POINT('',(0.5,-0.35,2.85));
#7256 = VECTOR('',#7257,1.);
#7257 = DIRECTION('',(-1.,1.224646799147E-16,0.));
#7258 = PLANE('',#7259);
#7259 = AXIS2_PLACEMENT_3D('',#7260,#7261,#7262);
#7260 = CARTESIAN_POINT('',(0.75,-0.35,3.6));
#7261 = DIRECTION('',(-1.224646799147E-16,-1.,1.110223024625E-16));
#7262 = DIRECTION('',(-1.359631073447E-32,-1.110223024625E-16,-1.));
#7263 = ADVANCED_FACE('',(#7264),#7275,.F.);
#7264 = FACE_BOUND('',#7265,.F.);
#7265 = EDGE_LOOP('',(#7266,#7272,#7273,#7274));
#7266 = ORIENTED_EDGE('',*,*,#7267,.T.);
#7267 = EDGE_CURVE('',#6298,#6360,#7268,.T.);
#7268 = LINE('',#7269,#7270);
#7269 = CARTESIAN_POINT('',(-0.95,-4.45,4.85));
#7270 = VECTOR('',#7271,1.);
#7271 = DIRECTION('',(-1.224646799147E-16,-1.,1.110223024625E-16));
#7272 = ORIENTED_EDGE('',*,*,#6367,.T.);
#7273 = ORIENTED_EDGE('',*,*,#6769,.F.);
#7274 = ORIENTED_EDGE('',*,*,#6297,.F.);
#7275 = PLANE('',#7276);
#7276 = AXIS2_PLACEMENT_3D('',#7277,#7278,#7279);
#7277 = CARTESIAN_POINT('',(-0.95,-4.45,4.85));
#7278 = DIRECTION('',(1.,-1.224646799147E-16,0.));
#7279 = DIRECTION('',(-1.359631073446E-32,-1.110223024625E-16,-1.));
#7280 = ADVANCED_FACE('',(#7281),#7287,.F.);
#7281 = FACE_BOUND('',#7282,.F.);
#7282 = EDGE_LOOP('',(#7283,#7284,#7285,#7286));
#7283 = ORIENTED_EDGE('',*,*,#6336,.T.);
#7284 = ORIENTED_EDGE('',*,*,#6359,.T.);
#7285 = ORIENTED_EDGE('',*,*,#7267,.F.);
#7286 = ORIENTED_EDGE('',*,*,#6305,.F.);
#7287 = PLANE('',#7288);
#7288 = AXIS2_PLACEMENT_3D('',#7289,#7290,#7291);
#7289 = CARTESIAN_POINT('',(-0.45,-4.45,4.85));
#7290 = DIRECTION('',(-1.359631073447E-32,-1.110223024625E-16,-1.));
#7291 = DIRECTION('',(-1.,1.224646799147E-16,6.927121900793E-45));
#7292 = ADVANCED_FACE('',(#7293),#7318,.F.);
#7293 = FACE_BOUND('',#7294,.F.);
#7294 = EDGE_LOOP('',(#7295,#7303,#7304,#7312));
#7295 = ORIENTED_EDGE('',*,*,#7296,.F.);
#7296 = EDGE_CURVE('',#6842,#7297,#7299,.T.);
#7297 = VERTEX_POINT('',#7298);
#7298 = CARTESIAN_POINT('',(1.95,-5.75,3.05));
#7299 = LINE('',#7300,#7301);
#7300 = CARTESIAN_POINT('',(1.9,-5.7,3.));
#7301 = VECTOR('',#7302,1.);
#7302 = DIRECTION('',(0.57735026919,-0.57735026919,0.57735026919));
#7303 = ORIENTED_EDGE('',*,*,#6841,.T.);
#7304 = ORIENTED_EDGE('',*,*,#7305,.T.);
#7305 = EDGE_CURVE('',#6844,#7306,#7308,.T.);
#7306 = VERTEX_POINT('',#7307);
#7307 = CARTESIAN_POINT('',(1.95,-5.75,3.15));
#7308 = LINE('',#7309,#7310);
#7309 = CARTESIAN_POINT('',(1.983333333333,-5.783333333333,
    3.116666666667));
#7310 = VECTOR('',#7311,1.);
#7311 = DIRECTION('',(0.57735026919,-0.57735026919,-0.57735026919));
#7312 = ORIENTED_EDGE('',*,*,#7313,.F.);
#7313 = EDGE_CURVE('',#7297,#7306,#7314,.T.);
#7314 = LINE('',#7315,#7316);
#7315 = CARTESIAN_POINT('',(1.95,-5.75,2.85));
#7316 = VECTOR('',#7317,1.);
#7317 = DIRECTION('',(0.,0.,1.));
#7318 = PLANE('',#7319);
#7319 = AXIS2_PLACEMENT_3D('',#7320,#7321,#7322);
#7320 = CARTESIAN_POINT('',(1.85,-5.65,2.85));
#7321 = DIRECTION('',(0.707106781187,0.707106781187,1.735417226644E-18)
  );
#7322 = DIRECTION('',(-1.227125289148E-18,-1.227125289148E-18,1.));
#7323 = ADVANCED_FACE('',(#7324),#7342,.T.);
#7324 = FACE_BOUND('',#7325,.F.);
#7325 = EDGE_LOOP('',(#7326,#7334,#7335,#7336));
#7326 = ORIENTED_EDGE('',*,*,#7327,.F.);
#7327 = EDGE_CURVE('',#6873,#7328,#7330,.T.);
#7328 = VERTEX_POINT('',#7329);
#7329 = CARTESIAN_POINT('',(2.05,-5.75,3.05));
#7330 = LINE('',#7331,#7332);
#7331 = CARTESIAN_POINT('',(2.183333333333,-5.616666666667,
    2.916666666667));
#7332 = VECTOR('',#7333,1.);
#7333 = DIRECTION('',(-0.57735026919,-0.57735026919,0.57735026919));
#7334 = ORIENTED_EDGE('',*,*,#6882,.T.);
#7335 = ORIENTED_EDGE('',*,*,#7296,.T.);
#7336 = ORIENTED_EDGE('',*,*,#7337,.F.);
#7337 = EDGE_CURVE('',#7328,#7297,#7338,.T.);
#7338 = LINE('',#7339,#7340);
#7339 = CARTESIAN_POINT('',(2.25,-5.75,3.05));
#7340 = VECTOR('',#7341,1.);
#7341 = DIRECTION('',(-1.,1.224646799147E-16,0.));
#7342 = PLANE('',#7343);
#7343 = AXIS2_PLACEMENT_3D('',#7344,#7345,#7346);
#7344 = CARTESIAN_POINT('',(2.25,-5.65,2.95));
#7345 = DIRECTION('',(-8.659560562349E-17,-0.707106781187,
    -0.707106781187));
#7346 = DIRECTION('',(1.,-1.224646799147E-16,2.105273685727E-29));
#7347 = ADVANCED_FACE('',(#7348),#7366,.T.);
#7348 = FACE_BOUND('',#7349,.T.);
#7349 = EDGE_LOOP('',(#7350,#7351,#7352,#7360));
#7350 = ORIENTED_EDGE('',*,*,#7327,.F.);
#7351 = ORIENTED_EDGE('',*,*,#6896,.T.);
#7352 = ORIENTED_EDGE('',*,*,#7353,.T.);
#7353 = EDGE_CURVE('',#6897,#7354,#7356,.T.);
#7354 = VERTEX_POINT('',#7355);
#7355 = CARTESIAN_POINT('',(2.05,-5.75,3.15));
#7356 = LINE('',#7357,#7358);
#7357 = CARTESIAN_POINT('',(2.1,-5.7,3.2));
#7358 = VECTOR('',#7359,1.);
#7359 = DIRECTION('',(-0.57735026919,-0.57735026919,-0.57735026919));
#7360 = ORIENTED_EDGE('',*,*,#7361,.F.);
#7361 = EDGE_CURVE('',#7328,#7354,#7362,.T.);
#7362 = LINE('',#7363,#7364);
#7363 = CARTESIAN_POINT('',(2.05,-5.75,2.85));
#7364 = VECTOR('',#7365,1.);
#7365 = DIRECTION('',(0.,0.,1.));
#7366 = PLANE('',#7367);
#7367 = AXIS2_PLACEMENT_3D('',#7368,#7369,#7370);
#7368 = CARTESIAN_POINT('',(2.15,-5.65,2.85));
#7369 = DIRECTION('',(0.707106781187,-0.707106781187,-1.735417226644E-18
    ));
#7370 = DIRECTION('',(1.227125289148E-18,-1.227125289148E-18,1.));
#7371 = ADVANCED_FACE('',(#7372),#7383,.T.);
#7372 = FACE_BOUND('',#7373,.T.);
#7373 = EDGE_LOOP('',(#7374,#7375,#7376,#7377));
#7374 = ORIENTED_EDGE('',*,*,#7353,.F.);
#7375 = ORIENTED_EDGE('',*,*,#6921,.T.);
#7376 = ORIENTED_EDGE('',*,*,#7305,.T.);
#7377 = ORIENTED_EDGE('',*,*,#7378,.F.);
#7378 = EDGE_CURVE('',#7354,#7306,#7379,.T.);
#7379 = LINE('',#7380,#7381);
#7380 = CARTESIAN_POINT('',(2.25,-5.75,3.15));
#7381 = VECTOR('',#7382,1.);
#7382 = DIRECTION('',(-1.,1.224646799147E-16,0.));
#7383 = PLANE('',#7384);
#7384 = AXIS2_PLACEMENT_3D('',#7385,#7386,#7387);
#7385 = CARTESIAN_POINT('',(2.25,-5.65,3.25));
#7386 = DIRECTION('',(-8.659560562349E-17,-0.707106781187,0.707106781187
    ));
#7387 = DIRECTION('',(-1.,1.224646799147E-16,2.105273685727E-29));
#7388 = ADVANCED_FACE('',(#7389),#7414,.T.);
#7389 = FACE_BOUND('',#7390,.T.);
#7390 = EDGE_LOOP('',(#7391,#7399,#7400,#7408));
#7391 = ORIENTED_EDGE('',*,*,#7392,.F.);
#7392 = EDGE_CURVE('',#6938,#7393,#7395,.T.);
#7393 = VERTEX_POINT('',#7394);
#7394 = CARTESIAN_POINT('',(4.05,-5.75,3.05));
#7395 = LINE('',#7396,#7397);
#7396 = CARTESIAN_POINT('',(4.183333333333,-5.616666666667,
    2.916666666667));
#7397 = VECTOR('',#7398,1.);
#7398 = DIRECTION('',(-0.57735026919,-0.57735026919,0.57735026919));
#7399 = ORIENTED_EDGE('',*,*,#6937,.T.);
#7400 = ORIENTED_EDGE('',*,*,#7401,.F.);
#7401 = EDGE_CURVE('',#7402,#6940,#7404,.T.);
#7402 = VERTEX_POINT('',#7403);
#7403 = CARTESIAN_POINT('',(4.05,-5.75,3.15));
#7404 = LINE('',#7405,#7406);
#7405 = CARTESIAN_POINT('',(4.1,-5.7,3.2));
#7406 = VECTOR('',#7407,1.);
#7407 = DIRECTION('',(0.57735026919,0.57735026919,0.57735026919));
#7408 = ORIENTED_EDGE('',*,*,#7409,.F.);
#7409 = EDGE_CURVE('',#7393,#7402,#7410,.T.);
#7410 = LINE('',#7411,#7412);
#7411 = CARTESIAN_POINT('',(4.05,-5.75,2.85));
#7412 = VECTOR('',#7413,1.);
#7413 = DIRECTION('',(0.,0.,1.));
#7414 = PLANE('',#7415);
#7415 = AXIS2_PLACEMENT_3D('',#7416,#7417,#7418);
#7416 = CARTESIAN_POINT('',(4.15,-5.65,2.85));
#7417 = DIRECTION('',(0.707106781187,-0.707106781187,-1.735417226644E-18
    ));
#7418 = DIRECTION('',(1.227125289148E-18,-1.227125289148E-18,1.));
#7419 = ADVANCED_FACE('',(#7420),#7438,.T.);
#7420 = FACE_BOUND('',#7421,.F.);
#7421 = EDGE_LOOP('',(#7422,#7423,#7431,#7437));
#7422 = ORIENTED_EDGE('',*,*,#7401,.F.);
#7423 = ORIENTED_EDGE('',*,*,#7424,.T.);
#7424 = EDGE_CURVE('',#7402,#7425,#7427,.T.);
#7425 = VERTEX_POINT('',#7426);
#7426 = CARTESIAN_POINT('',(3.95,-5.75,3.15));
#7427 = LINE('',#7428,#7429);
#7428 = CARTESIAN_POINT('',(4.25,-5.75,3.15));
#7429 = VECTOR('',#7430,1.);
#7430 = DIRECTION('',(-1.,1.224646799147E-16,0.));
#7431 = ORIENTED_EDGE('',*,*,#7432,.F.);
#7432 = EDGE_CURVE('',#6970,#7425,#7433,.T.);
#7433 = LINE('',#7434,#7435);
#7434 = CARTESIAN_POINT('',(3.983333333333,-5.783333333333,
    3.116666666667));
#7435 = VECTOR('',#7436,1.);
#7436 = DIRECTION('',(0.57735026919,-0.57735026919,-0.57735026919));
#7437 = ORIENTED_EDGE('',*,*,#6969,.F.);
#7438 = PLANE('',#7439);
#7439 = AXIS2_PLACEMENT_3D('',#7440,#7441,#7442);
#7440 = CARTESIAN_POINT('',(4.25,-5.65,3.25));
#7441 = DIRECTION('',(-8.659560562349E-17,-0.707106781187,0.707106781187
    ));
#7442 = DIRECTION('',(1.,-1.224646799147E-16,-2.105273685727E-29));
#7443 = ADVANCED_FACE('',(#7444),#7462,.F.);
#7444 = FACE_BOUND('',#7445,.F.);
#7445 = EDGE_LOOP('',(#7446,#7454,#7455,#7456));
#7446 = ORIENTED_EDGE('',*,*,#7447,.F.);
#7447 = EDGE_CURVE('',#6993,#7448,#7450,.T.);
#7448 = VERTEX_POINT('',#7449);
#7449 = CARTESIAN_POINT('',(3.95,-5.75,3.05));
#7450 = LINE('',#7451,#7452);
#7451 = CARTESIAN_POINT('',(3.9,-5.7,3.));
#7452 = VECTOR('',#7453,1.);
#7453 = DIRECTION('',(0.57735026919,-0.57735026919,0.57735026919));
#7454 = ORIENTED_EDGE('',*,*,#6992,.T.);
#7455 = ORIENTED_EDGE('',*,*,#7432,.T.);
#7456 = ORIENTED_EDGE('',*,*,#7457,.F.);
#7457 = EDGE_CURVE('',#7448,#7425,#7458,.T.);
#7458 = LINE('',#7459,#7460);
#7459 = CARTESIAN_POINT('',(3.95,-5.75,2.85));
#7460 = VECTOR('',#7461,1.);
#7461 = DIRECTION('',(0.,0.,1.));
#7462 = PLANE('',#7463);
#7463 = AXIS2_PLACEMENT_3D('',#7464,#7465,#7466);
#7464 = CARTESIAN_POINT('',(3.85,-5.65,2.85));
#7465 = DIRECTION('',(0.707106781187,0.707106781187,1.735417226644E-18)
  );
#7466 = DIRECTION('',(-1.227125289148E-18,-1.227125289148E-18,1.));
#7467 = ADVANCED_FACE('',(#7468),#7479,.T.);
#7468 = FACE_BOUND('',#7469,.F.);
#7469 = EDGE_LOOP('',(#7470,#7471,#7472,#7473));
#7470 = ORIENTED_EDGE('',*,*,#7392,.F.);
#7471 = ORIENTED_EDGE('',*,*,#7019,.T.);
#7472 = ORIENTED_EDGE('',*,*,#7447,.T.);
#7473 = ORIENTED_EDGE('',*,*,#7474,.F.);
#7474 = EDGE_CURVE('',#7393,#7448,#7475,.T.);
#7475 = LINE('',#7476,#7477);
#7476 = CARTESIAN_POINT('',(4.25,-5.75,3.05));
#7477 = VECTOR('',#7478,1.);
#7478 = DIRECTION('',(-1.,1.224646799147E-16,0.));
#7479 = PLANE('',#7480);
#7480 = AXIS2_PLACEMENT_3D('',#7481,#7482,#7483);
#7481 = CARTESIAN_POINT('',(4.25,-5.65,2.95));
#7482 = DIRECTION('',(-8.659560562349E-17,-0.707106781187,
    -0.707106781187));
#7483 = DIRECTION('',(1.,-1.224646799147E-16,2.105273685727E-29));
#7484 = ADVANCED_FACE('',(#7485),#7510,.F.);
#7485 = FACE_BOUND('',#7486,.F.);
#7486 = EDGE_LOOP('',(#7487,#7495,#7496,#7504));
#7487 = ORIENTED_EDGE('',*,*,#7488,.F.);
#7488 = EDGE_CURVE('',#7034,#7489,#7491,.T.);
#7489 = VERTEX_POINT('',#7490);
#7490 = CARTESIAN_POINT('',(-5.E-02,-5.75,3.05));
#7491 = LINE('',#7492,#7493);
#7492 = CARTESIAN_POINT('',(-0.1,-5.7,3.));
#7493 = VECTOR('',#7494,1.);
#7494 = DIRECTION('',(0.57735026919,-0.57735026919,0.57735026919));
#7495 = ORIENTED_EDGE('',*,*,#7033,.T.);
#7496 = ORIENTED_EDGE('',*,*,#7497,.T.);
#7497 = EDGE_CURVE('',#7036,#7498,#7500,.T.);
#7498 = VERTEX_POINT('',#7499);
#7499 = CARTESIAN_POINT('',(-5.E-02,-5.75,3.15));
#7500 = LINE('',#7501,#7502);
#7501 = CARTESIAN_POINT('',(-1.666666666667E-02,-5.783333333333,
    3.116666666667));
#7502 = VECTOR('',#7503,1.);
#7503 = DIRECTION('',(0.57735026919,-0.57735026919,-0.57735026919));
#7504 = ORIENTED_EDGE('',*,*,#7505,.F.);
#7505 = EDGE_CURVE('',#7489,#7498,#7506,.T.);
#7506 = LINE('',#7507,#7508);
#7507 = CARTESIAN_POINT('',(-5.E-02,-5.75,2.85));
#7508 = VECTOR('',#7509,1.);
#7509 = DIRECTION('',(0.,0.,1.));
#7510 = PLANE('',#7511);
#7511 = AXIS2_PLACEMENT_3D('',#7512,#7513,#7514);
#7512 = CARTESIAN_POINT('',(-0.15,-5.65,2.85));
#7513 = DIRECTION('',(0.707106781187,0.707106781187,1.735417226644E-18)
  );
#7514 = DIRECTION('',(-1.227125289148E-18,-1.227125289148E-18,1.));
#7515 = ADVANCED_FACE('',(#7516),#7534,.T.);
#7516 = FACE_BOUND('',#7517,.F.);
#7517 = EDGE_LOOP('',(#7518,#7526,#7527,#7528));
#7518 = ORIENTED_EDGE('',*,*,#7519,.F.);
#7519 = EDGE_CURVE('',#7065,#7520,#7522,.T.);
#7520 = VERTEX_POINT('',#7521);
#7521 = CARTESIAN_POINT('',(5.E-02,-5.75,3.05));
#7522 = LINE('',#7523,#7524);
#7523 = CARTESIAN_POINT('',(0.183333333333,-5.616666666667,
    2.916666666667));
#7524 = VECTOR('',#7525,1.);
#7525 = DIRECTION('',(-0.57735026919,-0.57735026919,0.57735026919));
#7526 = ORIENTED_EDGE('',*,*,#7074,.T.);
#7527 = ORIENTED_EDGE('',*,*,#7488,.T.);
#7528 = ORIENTED_EDGE('',*,*,#7529,.F.);
#7529 = EDGE_CURVE('',#7520,#7489,#7530,.T.);
#7530 = LINE('',#7531,#7532);
#7531 = CARTESIAN_POINT('',(0.25,-5.75,3.05));
#7532 = VECTOR('',#7533,1.);
#7533 = DIRECTION('',(-1.,1.224646799147E-16,0.));
#7534 = PLANE('',#7535);
#7535 = AXIS2_PLACEMENT_3D('',#7536,#7537,#7538);
#7536 = CARTESIAN_POINT('',(0.25,-5.65,2.95));
#7537 = DIRECTION('',(-8.659560562349E-17,-0.707106781187,
    -0.707106781187));
#7538 = DIRECTION('',(1.,-1.224646799147E-16,2.105273685727E-29));
#7539 = ADVANCED_FACE('',(#7540),#7558,.T.);
#7540 = FACE_BOUND('',#7541,.T.);
#7541 = EDGE_LOOP('',(#7542,#7543,#7544,#7552));
#7542 = ORIENTED_EDGE('',*,*,#7519,.F.);
#7543 = ORIENTED_EDGE('',*,*,#7088,.T.);
#7544 = ORIENTED_EDGE('',*,*,#7545,.F.);
#7545 = EDGE_CURVE('',#7546,#7089,#7548,.T.);
#7546 = VERTEX_POINT('',#7547);
#7547 = CARTESIAN_POINT('',(5.E-02,-5.75,3.15));
#7548 = LINE('',#7549,#7550);
#7549 = CARTESIAN_POINT('',(0.1,-5.7,3.2));
#7550 = VECTOR('',#7551,1.);
#7551 = DIRECTION('',(0.57735026919,0.57735026919,0.57735026919));
#7552 = ORIENTED_EDGE('',*,*,#7553,.F.);
#7553 = EDGE_CURVE('',#7520,#7546,#7554,.T.);
#7554 = LINE('',#7555,#7556);
#7555 = CARTESIAN_POINT('',(5.E-02,-5.75,2.85));
#7556 = VECTOR('',#7557,1.);
#7557 = DIRECTION('',(0.,0.,1.));
#7558 = PLANE('',#7559);
#7559 = AXIS2_PLACEMENT_3D('',#7560,#7561,#7562);
#7560 = CARTESIAN_POINT('',(0.15,-5.65,2.85));
#7561 = DIRECTION('',(0.707106781187,-0.707106781187,-1.735417226644E-18
    ));
#7562 = DIRECTION('',(1.227125289148E-18,-1.227125289148E-18,1.));
#7563 = ADVANCED_FACE('',(#7564),#7575,.T.);
#7564 = FACE_BOUND('',#7565,.F.);
#7565 = EDGE_LOOP('',(#7566,#7567,#7573,#7574));
#7566 = ORIENTED_EDGE('',*,*,#7545,.F.);
#7567 = ORIENTED_EDGE('',*,*,#7568,.T.);
#7568 = EDGE_CURVE('',#7546,#7498,#7569,.T.);
#7569 = LINE('',#7570,#7571);
#7570 = CARTESIAN_POINT('',(0.25,-5.75,3.15));
#7571 = VECTOR('',#7572,1.);
#7572 = DIRECTION('',(-1.,1.224646799147E-16,0.));
#7573 = ORIENTED_EDGE('',*,*,#7497,.F.);
#7574 = ORIENTED_EDGE('',*,*,#7113,.F.);
#7575 = PLANE('',#7576);
#7576 = AXIS2_PLACEMENT_3D('',#7577,#7578,#7579);
#7577 = CARTESIAN_POINT('',(0.25,-5.65,3.25));
#7578 = DIRECTION('',(-8.659560562349E-17,-0.707106781187,0.707106781187
    ));
#7579 = DIRECTION('',(1.,-1.224646799147E-16,-2.105273685727E-29));
#7580 = ADVANCED_FACE('',(#7581),#7672,.F.);
#7581 = FACE_BOUND('',#7582,.F.);
#7582 = EDGE_LOOP('',(#7583,#7584,#7592,#7601,#7609,#7617,#7625,#7633,
    #7641,#7649,#7657,#7666));
#7583 = ORIENTED_EDGE('',*,*,#7135,.F.);
#7584 = ORIENTED_EDGE('',*,*,#7585,.T.);
#7585 = EDGE_CURVE('',#7136,#7586,#7588,.T.);
#7586 = VERTEX_POINT('',#7587);
#7587 = CARTESIAN_POINT('',(4.25,-0.3,3.35));
#7588 = LINE('',#7589,#7590);
#7589 = CARTESIAN_POINT('',(4.25,-5.75,3.35));
#7590 = VECTOR('',#7591,1.);
#7591 = DIRECTION('',(1.224646799147E-16,1.,0.));
#7592 = ORIENTED_EDGE('',*,*,#7593,.T.);
#7593 = EDGE_CURVE('',#7586,#7594,#7596,.T.);
#7594 = VERTEX_POINT('',#7595);
#7595 = CARTESIAN_POINT('',(4.25,0.25,2.8));
#7596 = CIRCLE('',#7597,0.55);
#7597 = AXIS2_PLACEMENT_3D('',#7598,#7599,#7600);
#7598 = CARTESIAN_POINT('',(4.25,-0.3,2.8));
#7599 = DIRECTION('',(-1.,1.224646799147E-16,0.));
#7600 = DIRECTION('',(0.,0.,1.));
#7601 = ORIENTED_EDGE('',*,*,#7602,.T.);
#7602 = EDGE_CURVE('',#7594,#7603,#7605,.T.);
#7603 = VERTEX_POINT('',#7604);
#7604 = CARTESIAN_POINT('',(4.25,0.25,-0.9));
#7605 = LINE('',#7606,#7607);
#7606 = CARTESIAN_POINT('',(4.25,0.25,3.35));
#7607 = VECTOR('',#7608,1.);
#7608 = DIRECTION('',(-0.,0.,-1.));
#7609 = ORIENTED_EDGE('',*,*,#7610,.T.);
#7610 = EDGE_CURVE('',#7603,#7611,#7613,.T.);
#7611 = VERTEX_POINT('',#7612);
#7612 = CARTESIAN_POINT('',(4.25,-5.E-02,-1.5));
#7613 = LINE('',#7614,#7615);
#7614 = CARTESIAN_POINT('',(4.25,0.25,-0.9));
#7615 = VECTOR('',#7616,1.);
#7616 = DIRECTION('',(-5.476786982641E-17,-0.4472135955,-0.894427191));
#7617 = ORIENTED_EDGE('',*,*,#7618,.T.);
#7618 = EDGE_CURVE('',#7611,#7619,#7621,.T.);
#7619 = VERTEX_POINT('',#7620);
#7620 = CARTESIAN_POINT('',(4.25,0.218421052632,-3.2));
#7621 = LINE('',#7622,#7623);
#7622 = CARTESIAN_POINT('',(4.25,-5.E-02,-1.5));
#7623 = VECTOR('',#7624,1.);
#7624 = DIRECTION('',(1.909990663905E-17,0.155962573473,-0.987762965329)
  );
#7625 = ORIENTED_EDGE('',*,*,#7626,.T.);
#7626 = EDGE_CURVE('',#7619,#7627,#7629,.T.);
#7627 = VERTEX_POINT('',#7628);
#7628 = CARTESIAN_POINT('',(4.25,-0.281578947368,-3.2));
#7629 = LINE('',#7630,#7631);
#7630 = CARTESIAN_POINT('',(4.25,0.25,-3.2));
#7631 = VECTOR('',#7632,1.);
#7632 = DIRECTION('',(-1.224646799147E-16,-1.,0.));
#7633 = ORIENTED_EDGE('',*,*,#7634,.T.);
#7634 = EDGE_CURVE('',#7627,#7635,#7637,.T.);
#7635 = VERTEX_POINT('',#7636);
#7636 = CARTESIAN_POINT('',(4.25,-0.55,-1.5));
#7637 = LINE('',#7638,#7639);
#7638 = CARTESIAN_POINT('',(4.25,-0.25,-3.4));
#7639 = VECTOR('',#7640,1.);
#7640 = DIRECTION('',(-1.909990663905E-17,-0.155962573473,0.987762965329
    ));
#7641 = ORIENTED_EDGE('',*,*,#7642,.T.);
#7642 = EDGE_CURVE('',#7635,#7643,#7645,.T.);
#7643 = VERTEX_POINT('',#7644);
#7644 = CARTESIAN_POINT('',(4.25,-0.25,-0.9));
#7645 = LINE('',#7646,#7647);
#7646 = CARTESIAN_POINT('',(4.25,-0.55,-1.5));
#7647 = VECTOR('',#7648,1.);
#7648 = DIRECTION('',(5.476786982641E-17,0.4472135955,0.894427191));
#7649 = ORIENTED_EDGE('',*,*,#7650,.T.);
#7650 = EDGE_CURVE('',#7643,#7651,#7653,.T.);
#7651 = VERTEX_POINT('',#7652);
#7652 = CARTESIAN_POINT('',(4.25,-0.25,2.8));
#7653 = LINE('',#7654,#7655);
#7654 = CARTESIAN_POINT('',(4.25,-0.25,-0.9));
#7655 = VECTOR('',#7656,1.);
#7656 = DIRECTION('',(0.,0.,1.));
#7657 = ORIENTED_EDGE('',*,*,#7658,.F.);
#7658 = EDGE_CURVE('',#7659,#7651,#7661,.T.);
#7659 = VERTEX_POINT('',#7660);
#7660 = CARTESIAN_POINT('',(4.25,-0.3,2.85));
#7661 = CIRCLE('',#7662,5.E-02);
#7662 = AXIS2_PLACEMENT_3D('',#7663,#7664,#7665);
#7663 = CARTESIAN_POINT('',(4.25,-0.3,2.8));
#7664 = DIRECTION('',(-1.,1.224646799147E-16,0.));
#7665 = DIRECTION('',(0.,0.,1.));
#7666 = ORIENTED_EDGE('',*,*,#7667,.T.);
#7667 = EDGE_CURVE('',#7659,#7138,#7668,.T.);
#7668 = LINE('',#7669,#7670);
#7669 = CARTESIAN_POINT('',(4.25,-0.25,2.85));
#7670 = VECTOR('',#7671,1.);
#7671 = DIRECTION('',(-1.224646799147E-16,-1.,0.));
#7672 = PLANE('',#7673);
#7673 = AXIS2_PLACEMENT_3D('',#7674,#7675,#7676);
#7674 = CARTESIAN_POINT('',(4.25,-1.421959173294,1.302213422577));
#7675 = DIRECTION('',(-1.,1.224646799147E-16,0.));
#7676 = DIRECTION('',(0.,0.,1.));
#7677 = ADVANCED_FACE('',(#7678),#7696,.F.);
#7678 = FACE_BOUND('',#7679,.F.);
#7679 = EDGE_LOOP('',(#7680,#7681,#7682,#7690));
#7680 = ORIENTED_EDGE('',*,*,#7585,.F.);
#7681 = ORIENTED_EDGE('',*,*,#7161,.F.);
#7682 = ORIENTED_EDGE('',*,*,#7683,.T.);
#7683 = EDGE_CURVE('',#7154,#7684,#7686,.T.);
#7684 = VERTEX_POINT('',#7685);
#7685 = CARTESIAN_POINT('',(3.75,-0.3,3.35));
#7686 = LINE('',#7687,#7688);
#7687 = CARTESIAN_POINT('',(3.75,-5.75,3.35));
#7688 = VECTOR('',#7689,1.);
#7689 = DIRECTION('',(1.224646799147E-16,1.,0.));
#7690 = ORIENTED_EDGE('',*,*,#7691,.F.);
#7691 = EDGE_CURVE('',#7586,#7684,#7692,.T.);
#7692 = LINE('',#7693,#7694);
#7693 = CARTESIAN_POINT('',(4.25,-0.3,3.35));
#7694 = VECTOR('',#7695,1.);
#7695 = DIRECTION('',(-1.,1.224646799147E-16,0.));
#7696 = PLANE('',#7697);
#7697 = AXIS2_PLACEMENT_3D('',#7698,#7699,#7700);
#7698 = CARTESIAN_POINT('',(4.25,-5.75,3.35));
#7699 = DIRECTION('',(-0.,0.,-1.));
#7700 = DIRECTION('',(1.224646799147E-16,1.,0.));
#7701 = ADVANCED_FACE('',(#7702),#7786,.T.);
#7702 = FACE_BOUND('',#7703,.T.);
#7703 = EDGE_LOOP('',(#7704,#7705,#7706,#7715,#7723,#7731,#7739,#7747,
    #7755,#7763,#7771,#7780));
#7704 = ORIENTED_EDGE('',*,*,#7153,.F.);
#7705 = ORIENTED_EDGE('',*,*,#7683,.T.);
#7706 = ORIENTED_EDGE('',*,*,#7707,.T.);
#7707 = EDGE_CURVE('',#7684,#7708,#7710,.T.);
#7708 = VERTEX_POINT('',#7709);
#7709 = CARTESIAN_POINT('',(3.75,0.25,2.8));
#7710 = CIRCLE('',#7711,0.55);
#7711 = AXIS2_PLACEMENT_3D('',#7712,#7713,#7714);
#7712 = CARTESIAN_POINT('',(3.75,-0.3,2.8));
#7713 = DIRECTION('',(-1.,1.224646799147E-16,0.));
#7714 = DIRECTION('',(0.,0.,1.));
#7715 = ORIENTED_EDGE('',*,*,#7716,.T.);
#7716 = EDGE_CURVE('',#7708,#7717,#7719,.T.);
#7717 = VERTEX_POINT('',#7718);
#7718 = CARTESIAN_POINT('',(3.75,0.25,-0.9));
#7719 = LINE('',#7720,#7721);
#7720 = CARTESIAN_POINT('',(3.75,0.25,3.35));
#7721 = VECTOR('',#7722,1.);
#7722 = DIRECTION('',(-0.,0.,-1.));
#7723 = ORIENTED_EDGE('',*,*,#7724,.T.);
#7724 = EDGE_CURVE('',#7717,#7725,#7727,.T.);
#7725 = VERTEX_POINT('',#7726);
#7726 = CARTESIAN_POINT('',(3.75,-5.E-02,-1.5));
#7727 = LINE('',#7728,#7729);
#7728 = CARTESIAN_POINT('',(3.75,0.25,-0.9));
#7729 = VECTOR('',#7730,1.);
#7730 = DIRECTION('',(-5.476786982641E-17,-0.4472135955,-0.894427191));
#7731 = ORIENTED_EDGE('',*,*,#7732,.T.);
#7732 = EDGE_CURVE('',#7725,#7733,#7735,.T.);
#7733 = VERTEX_POINT('',#7734);
#7734 = CARTESIAN_POINT('',(3.75,0.218421052632,-3.2));
#7735 = LINE('',#7736,#7737);
#7736 = CARTESIAN_POINT('',(3.75,-5.E-02,-1.5));
#7737 = VECTOR('',#7738,1.);
#7738 = DIRECTION('',(1.909990663905E-17,0.155962573473,-0.987762965329)
  );
#7739 = ORIENTED_EDGE('',*,*,#7740,.T.);
#7740 = EDGE_CURVE('',#7733,#7741,#7743,.T.);
#7741 = VERTEX_POINT('',#7742);
#7742 = CARTESIAN_POINT('',(3.75,-0.281578947368,-3.2));
#7743 = LINE('',#7744,#7745);
#7744 = CARTESIAN_POINT('',(3.75,0.25,-3.2));
#7745 = VECTOR('',#7746,1.);
#7746 = DIRECTION('',(-1.224646799147E-16,-1.,0.));
#7747 = ORIENTED_EDGE('',*,*,#7748,.T.);
#7748 = EDGE_CURVE('',#7741,#7749,#7751,.T.);
#7749 = VERTEX_POINT('',#7750);
#7750 = CARTESIAN_POINT('',(3.75,-0.55,-1.5));
#7751 = LINE('',#7752,#7753);
#7752 = CARTESIAN_POINT('',(3.75,-0.25,-3.4));
#7753 = VECTOR('',#7754,1.);
#7754 = DIRECTION('',(-1.909990663905E-17,-0.155962573473,0.987762965329
    ));
#7755 = ORIENTED_EDGE('',*,*,#7756,.T.);
#7756 = EDGE_CURVE('',#7749,#7757,#7759,.T.);
#7757 = VERTEX_POINT('',#7758);
#7758 = CARTESIAN_POINT('',(3.75,-0.25,-0.9));
#7759 = LINE('',#7760,#7761);
#7760 = CARTESIAN_POINT('',(3.75,-0.55,-1.5));
#7761 = VECTOR('',#7762,1.);
#7762 = DIRECTION('',(5.476786982641E-17,0.4472135955,0.894427191));
#7763 = ORIENTED_EDGE('',*,*,#7764,.T.);
#7764 = EDGE_CURVE('',#7757,#7765,#7767,.T.);
#7765 = VERTEX_POINT('',#7766);
#7766 = CARTESIAN_POINT('',(3.75,-0.25,2.8));
#7767 = LINE('',#7768,#7769);
#7768 = CARTESIAN_POINT('',(3.75,-0.25,-0.9));
#7769 = VECTOR('',#7770,1.);
#7770 = DIRECTION('',(0.,0.,1.));
#7771 = ORIENTED_EDGE('',*,*,#7772,.F.);
#7772 = EDGE_CURVE('',#7773,#7765,#7775,.T.);
#7773 = VERTEX_POINT('',#7774);
#7774 = CARTESIAN_POINT('',(3.75,-0.3,2.85));
#7775 = CIRCLE('',#7776,5.E-02);
#7776 = AXIS2_PLACEMENT_3D('',#7777,#7778,#7779);
#7777 = CARTESIAN_POINT('',(3.75,-0.3,2.8));
#7778 = DIRECTION('',(-1.,1.224646799147E-16,0.));
#7779 = DIRECTION('',(0.,0.,1.));
#7780 = ORIENTED_EDGE('',*,*,#7781,.T.);
#7781 = EDGE_CURVE('',#7773,#7146,#7782,.T.);
#7782 = LINE('',#7783,#7784);
#7783 = CARTESIAN_POINT('',(3.75,-0.25,2.85));
#7784 = VECTOR('',#7785,1.);
#7785 = DIRECTION('',(-1.224646799147E-16,-1.,0.));
#7786 = PLANE('',#7787);
#7787 = AXIS2_PLACEMENT_3D('',#7788,#7789,#7790);
#7788 = CARTESIAN_POINT('',(3.75,-1.421959173294,1.302213422577));
#7789 = DIRECTION('',(-1.,1.224646799147E-16,0.));
#7790 = DIRECTION('',(0.,0.,1.));
#7791 = ADVANCED_FACE('',(#7792),#7803,.F.);
#7792 = FACE_BOUND('',#7793,.F.);
#7793 = EDGE_LOOP('',(#7794,#7795,#7801,#7802));
#7794 = ORIENTED_EDGE('',*,*,#7667,.F.);
#7795 = ORIENTED_EDGE('',*,*,#7796,.T.);
#7796 = EDGE_CURVE('',#7659,#7773,#7797,.T.);
#7797 = LINE('',#7798,#7799);
#7798 = CARTESIAN_POINT('',(4.25,-0.3,2.85));
#7799 = VECTOR('',#7800,1.);
#7800 = DIRECTION('',(-1.,1.224646799147E-16,0.));
#7801 = ORIENTED_EDGE('',*,*,#7781,.T.);
#7802 = ORIENTED_EDGE('',*,*,#7145,.F.);
#7803 = PLANE('',#7804);
#7804 = AXIS2_PLACEMENT_3D('',#7805,#7806,#7807);
#7805 = CARTESIAN_POINT('',(4.25,-0.25,2.85));
#7806 = DIRECTION('',(0.,0.,1.));
#7807 = DIRECTION('',(-1.224646799147E-16,-1.,0.));
#7808 = ADVANCED_FACE('',(#7809),#7868,.T.);
#7809 = FACE_BOUND('',#7810,.T.);
#7810 = EDGE_LOOP('',(#7811,#7812,#7820,#7829,#7837,#7845,#7853,#7862));
#7811 = ORIENTED_EDGE('',*,*,#7181,.F.);
#7812 = ORIENTED_EDGE('',*,*,#7813,.T.);
#7813 = EDGE_CURVE('',#7182,#7814,#7816,.T.);
#7814 = VERTEX_POINT('',#7815);
#7815 = CARTESIAN_POINT('',(1.75,-0.3,3.35));
#7816 = LINE('',#7817,#7818);
#7817 = CARTESIAN_POINT('',(1.75,-5.75,3.35));
#7818 = VECTOR('',#7819,1.);
#7819 = DIRECTION('',(1.224646799147E-16,1.,0.));
#7820 = ORIENTED_EDGE('',*,*,#7821,.T.);
#7821 = EDGE_CURVE('',#7814,#7822,#7824,.T.);
#7822 = VERTEX_POINT('',#7823);
#7823 = CARTESIAN_POINT('',(1.75,0.25,2.8));
#7824 = CIRCLE('',#7825,0.55);
#7825 = AXIS2_PLACEMENT_3D('',#7826,#7827,#7828);
#7826 = CARTESIAN_POINT('',(1.75,-0.3,2.8));
#7827 = DIRECTION('',(-1.,1.224646799147E-16,0.));
#7828 = DIRECTION('',(0.,0.,1.));
#7829 = ORIENTED_EDGE('',*,*,#7830,.T.);
#7830 = EDGE_CURVE('',#7822,#7831,#7833,.T.);
#7831 = VERTEX_POINT('',#7832);
#7832 = CARTESIAN_POINT('',(1.75,0.25,-3.2));
#7833 = LINE('',#7834,#7835);
#7834 = CARTESIAN_POINT('',(1.75,0.25,3.35));
#7835 = VECTOR('',#7836,1.);
#7836 = DIRECTION('',(-0.,0.,-1.));
#7837 = ORIENTED_EDGE('',*,*,#7838,.T.);
#7838 = EDGE_CURVE('',#7831,#7839,#7841,.T.);
#7839 = VERTEX_POINT('',#7840);
#7840 = CARTESIAN_POINT('',(1.75,-0.25,-3.2));
#7841 = LINE('',#7842,#7843);
#7842 = CARTESIAN_POINT('',(1.75,0.25,-3.2));
#7843 = VECTOR('',#7844,1.);
#7844 = DIRECTION('',(-1.224646799147E-16,-1.,0.));
#7845 = ORIENTED_EDGE('',*,*,#7846,.T.);
#7846 = EDGE_CURVE('',#7839,#7847,#7849,.T.);
#7847 = VERTEX_POINT('',#7848);
#7848 = CARTESIAN_POINT('',(1.75,-0.25,2.8));
#7849 = LINE('',#7850,#7851);
#7850 = CARTESIAN_POINT('',(1.75,-0.25,-3.4));
#7851 = VECTOR('',#7852,1.);
#7852 = DIRECTION('',(0.,0.,1.));
#7853 = ORIENTED_EDGE('',*,*,#7854,.F.);
#7854 = EDGE_CURVE('',#7855,#7847,#7857,.T.);
#7855 = VERTEX_POINT('',#7856);
#7856 = CARTESIAN_POINT('',(1.75,-0.3,2.85));
#7857 = CIRCLE('',#7858,5.E-02);
#7858 = AXIS2_PLACEMENT_3D('',#7859,#7860,#7861);
#7859 = CARTESIAN_POINT('',(1.75,-0.3,2.8));
#7860 = DIRECTION('',(-1.,1.224646799147E-16,0.));
#7861 = DIRECTION('',(0.,0.,1.));
#7862 = ORIENTED_EDGE('',*,*,#7863,.T.);
#7863 = EDGE_CURVE('',#7855,#7184,#7864,.T.);
#7864 = LINE('',#7865,#7866);
#7865 = CARTESIAN_POINT('',(1.75,-0.25,2.85));
#7866 = VECTOR('',#7867,1.);
#7867 = DIRECTION('',(-1.224646799147E-16,-1.,0.));
#7868 = PLANE('',#7869);
#7869 = AXIS2_PLACEMENT_3D('',#7870,#7871,#7872);
#7870 = CARTESIAN_POINT('',(1.75,-1.401960784314,1.323039215686));
#7871 = DIRECTION('',(-1.,1.224646799147E-16,0.));
#7872 = DIRECTION('',(0.,0.,1.));
#7873 = ADVANCED_FACE('',(#7874),#7892,.F.);
#7874 = FACE_BOUND('',#7875,.F.);
#7875 = EDGE_LOOP('',(#7876,#7884,#7890,#7891));
#7876 = ORIENTED_EDGE('',*,*,#7877,.F.);
#7877 = EDGE_CURVE('',#7878,#7200,#7880,.T.);
#7878 = VERTEX_POINT('',#7879);
#7879 = CARTESIAN_POINT('',(2.25,-0.3,2.85));
#7880 = LINE('',#7881,#7882);
#7881 = CARTESIAN_POINT('',(2.25,-0.25,2.85));
#7882 = VECTOR('',#7883,1.);
#7883 = DIRECTION('',(-1.224646799147E-16,-1.,0.));
#7884 = ORIENTED_EDGE('',*,*,#7885,.T.);
#7885 = EDGE_CURVE('',#7878,#7855,#7886,.T.);
#7886 = LINE('',#7887,#7888);
#7887 = CARTESIAN_POINT('',(2.25,-0.3,2.85));
#7888 = VECTOR('',#7889,1.);
#7889 = DIRECTION('',(-1.,1.224646799147E-16,0.));
#7890 = ORIENTED_EDGE('',*,*,#7863,.T.);
#7891 = ORIENTED_EDGE('',*,*,#7207,.F.);
#7892 = PLANE('',#7893);
#7893 = AXIS2_PLACEMENT_3D('',#7894,#7895,#7896);
#7894 = CARTESIAN_POINT('',(2.25,-0.25,2.85));
#7895 = DIRECTION('',(0.,0.,1.));
#7896 = DIRECTION('',(-1.224646799147E-16,-1.,0.));
#7897 = ADVANCED_FACE('',(#7898),#7950,.F.);
#7898 = FACE_BOUND('',#7899,.F.);
#7899 = EDGE_LOOP('',(#7900,#7901,#7909,#7918,#7926,#7934,#7942,#7949));
#7900 = ORIENTED_EDGE('',*,*,#7199,.F.);
#7901 = ORIENTED_EDGE('',*,*,#7902,.T.);
#7902 = EDGE_CURVE('',#7192,#7903,#7905,.T.);
#7903 = VERTEX_POINT('',#7904);
#7904 = CARTESIAN_POINT('',(2.25,-0.3,3.35));
#7905 = LINE('',#7906,#7907);
#7906 = CARTESIAN_POINT('',(2.25,-5.75,3.35));
#7907 = VECTOR('',#7908,1.);
#7908 = DIRECTION('',(1.224646799147E-16,1.,0.));
#7909 = ORIENTED_EDGE('',*,*,#7910,.T.);
#7910 = EDGE_CURVE('',#7903,#7911,#7913,.T.);
#7911 = VERTEX_POINT('',#7912);
#7912 = CARTESIAN_POINT('',(2.25,0.25,2.8));
#7913 = CIRCLE('',#7914,0.55);
#7914 = AXIS2_PLACEMENT_3D('',#7915,#7916,#7917);
#7915 = CARTESIAN_POINT('',(2.25,-0.3,2.8));
#7916 = DIRECTION('',(-1.,1.224646799147E-16,0.));
#7917 = DIRECTION('',(0.,0.,1.));
#7918 = ORIENTED_EDGE('',*,*,#7919,.T.);
#7919 = EDGE_CURVE('',#7911,#7920,#7922,.T.);
#7920 = VERTEX_POINT('',#7921);
#7921 = CARTESIAN_POINT('',(2.25,0.25,-3.2));
#7922 = LINE('',#7923,#7924);
#7923 = CARTESIAN_POINT('',(2.25,0.25,3.35));
#7924 = VECTOR('',#7925,1.);
#7925 = DIRECTION('',(-0.,0.,-1.));
#7926 = ORIENTED_EDGE('',*,*,#7927,.T.);
#7927 = EDGE_CURVE('',#7920,#7928,#7930,.T.);
#7928 = VERTEX_POINT('',#7929);
#7929 = CARTESIAN_POINT('',(2.25,-0.25,-3.2));
#7930 = LINE('',#7931,#7932);
#7931 = CARTESIAN_POINT('',(2.25,0.25,-3.2));
#7932 = VECTOR('',#7933,1.);
#7933 = DIRECTION('',(-1.224646799147E-16,-1.,0.));
#7934 = ORIENTED_EDGE('',*,*,#7935,.T.);
#7935 = EDGE_CURVE('',#7928,#7936,#7938,.T.);
#7936 = VERTEX_POINT('',#7937);
#7937 = CARTESIAN_POINT('',(2.25,-0.25,2.8));
#7938 = LINE('',#7939,#7940);
#7939 = CARTESIAN_POINT('',(2.25,-0.25,-3.4));
#7940 = VECTOR('',#7941,1.);
#7941 = DIRECTION('',(0.,0.,1.));
#7942 = ORIENTED_EDGE('',*,*,#7943,.F.);
#7943 = EDGE_CURVE('',#7878,#7936,#7944,.T.);
#7944 = CIRCLE('',#7945,5.E-02);
#7945 = AXIS2_PLACEMENT_3D('',#7946,#7947,#7948);
#7946 = CARTESIAN_POINT('',(2.25,-0.3,2.8));
#7947 = DIRECTION('',(-1.,1.224646799147E-16,0.));
#7948 = DIRECTION('',(0.,0.,1.));
#7949 = ORIENTED_EDGE('',*,*,#7877,.T.);
#7950 = PLANE('',#7951);
#7951 = AXIS2_PLACEMENT_3D('',#7952,#7953,#7954);
#7952 = CARTESIAN_POINT('',(2.25,-1.401960784314,1.323039215686));
#7953 = DIRECTION('',(-1.,1.224646799147E-16,0.));
#7954 = DIRECTION('',(0.,0.,1.));
#7955 = ADVANCED_FACE('',(#7956),#7967,.F.);
#7956 = FACE_BOUND('',#7957,.F.);
#7957 = EDGE_LOOP('',(#7958,#7959,#7960,#7961));
#7958 = ORIENTED_EDGE('',*,*,#7902,.F.);
#7959 = ORIENTED_EDGE('',*,*,#7191,.F.);
#7960 = ORIENTED_EDGE('',*,*,#7813,.T.);
#7961 = ORIENTED_EDGE('',*,*,#7962,.F.);
#7962 = EDGE_CURVE('',#7903,#7814,#7963,.T.);
#7963 = LINE('',#7964,#7965);
#7964 = CARTESIAN_POINT('',(2.25,-0.3,3.35));
#7965 = VECTOR('',#7966,1.);
#7966 = DIRECTION('',(-1.,1.224646799147E-16,0.));
#7967 = PLANE('',#7968);
#7968 = AXIS2_PLACEMENT_3D('',#7969,#7970,#7971);
#7969 = CARTESIAN_POINT('',(2.25,-5.75,3.35));
#7970 = DIRECTION('',(-0.,0.,-1.));
#7971 = DIRECTION('',(1.224646799147E-16,1.,0.));
#7972 = ADVANCED_FACE('',(#7973),#8064,.T.);
#7973 = FACE_BOUND('',#7974,.T.);
#7974 = EDGE_LOOP('',(#7975,#7976,#7984,#7993,#8001,#8009,#8017,#8025,
    #8033,#8041,#8049,#8058));
#7975 = ORIENTED_EDGE('',*,*,#7227,.F.);
#7976 = ORIENTED_EDGE('',*,*,#7977,.T.);
#7977 = EDGE_CURVE('',#7228,#7978,#7980,.T.);
#7978 = VERTEX_POINT('',#7979);
#7979 = CARTESIAN_POINT('',(-0.25,-0.3,3.35));
#7980 = LINE('',#7981,#7982);
#7981 = CARTESIAN_POINT('',(-0.25,-5.75,3.35));
#7982 = VECTOR('',#7983,1.);
#7983 = DIRECTION('',(1.224646799147E-16,1.,0.));
#7984 = ORIENTED_EDGE('',*,*,#7985,.T.);
#7985 = EDGE_CURVE('',#7978,#7986,#7988,.T.);
#7986 = VERTEX_POINT('',#7987);
#7987 = CARTESIAN_POINT('',(-0.25,0.25,2.8));
#7988 = CIRCLE('',#7989,0.55);
#7989 = AXIS2_PLACEMENT_3D('',#7990,#7991,#7992);
#7990 = CARTESIAN_POINT('',(-0.25,-0.3,2.8));
#7991 = DIRECTION('',(-1.,1.224646799147E-16,0.));
#7992 = DIRECTION('',(0.,0.,1.));
#7993 = ORIENTED_EDGE('',*,*,#7994,.T.);
#7994 = EDGE_CURVE('',#7986,#7995,#7997,.T.);
#7995 = VERTEX_POINT('',#7996);
#7996 = CARTESIAN_POINT('',(-0.25,0.25,-0.9));
#7997 = LINE('',#7998,#7999);
#7998 = CARTESIAN_POINT('',(-0.25,0.25,3.35));
#7999 = VECTOR('',#8000,1.);
#8000 = DIRECTION('',(-0.,0.,-1.));
#8001 = ORIENTED_EDGE('',*,*,#8002,.T.);
#8002 = EDGE_CURVE('',#7995,#8003,#8005,.T.);
#8003 = VERTEX_POINT('',#8004);
#8004 = CARTESIAN_POINT('',(-0.25,-5.E-02,-1.5));
#8005 = LINE('',#8006,#8007);
#8006 = CARTESIAN_POINT('',(-0.25,0.25,-0.9));
#8007 = VECTOR('',#8008,1.);
#8008 = DIRECTION('',(-5.476786982641E-17,-0.4472135955,-0.894427191));
#8009 = ORIENTED_EDGE('',*,*,#8010,.T.);
#8010 = EDGE_CURVE('',#8003,#8011,#8013,.T.);
#8011 = VERTEX_POINT('',#8012);
#8012 = CARTESIAN_POINT('',(-0.25,0.218421052632,-3.2));
#8013 = LINE('',#8014,#8015);
#8014 = CARTESIAN_POINT('',(-0.25,-5.E-02,-1.5));
#8015 = VECTOR('',#8016,1.);
#8016 = DIRECTION('',(1.909990663905E-17,0.155962573473,-0.987762965329)
  );
#8017 = ORIENTED_EDGE('',*,*,#8018,.T.);
#8018 = EDGE_CURVE('',#8011,#8019,#8021,.T.);
#8019 = VERTEX_POINT('',#8020);
#8020 = CARTESIAN_POINT('',(-0.25,-0.281578947368,-3.2));
#8021 = LINE('',#8022,#8023);
#8022 = CARTESIAN_POINT('',(-0.25,0.25,-3.2));
#8023 = VECTOR('',#8024,1.);
#8024 = DIRECTION('',(-1.224646799147E-16,-1.,0.));
#8025 = ORIENTED_EDGE('',*,*,#8026,.T.);
#8026 = EDGE_CURVE('',#8019,#8027,#8029,.T.);
#8027 = VERTEX_POINT('',#8028);
#8028 = CARTESIAN_POINT('',(-0.25,-0.55,-1.5));
#8029 = LINE('',#8030,#8031);
#8030 = CARTESIAN_POINT('',(-0.25,-0.25,-3.4));
#8031 = VECTOR('',#8032,1.);
#8032 = DIRECTION('',(-1.909990663905E-17,-0.155962573473,0.987762965329
    ));
#8033 = ORIENTED_EDGE('',*,*,#8034,.T.);
#8034 = EDGE_CURVE('',#8027,#8035,#8037,.T.);
#8035 = VERTEX_POINT('',#8036);
#8036 = CARTESIAN_POINT('',(-0.25,-0.25,-0.9));
#8037 = LINE('',#8038,#8039);
#8038 = CARTESIAN_POINT('',(-0.25,-0.55,-1.5));
#8039 = VECTOR('',#8040,1.);
#8040 = DIRECTION('',(5.476786982641E-17,0.4472135955,0.894427191));
#8041 = ORIENTED_EDGE('',*,*,#8042,.T.);
#8042 = EDGE_CURVE('',#8035,#8043,#8045,.T.);
#8043 = VERTEX_POINT('',#8044);
#8044 = CARTESIAN_POINT('',(-0.25,-0.25,2.8));
#8045 = LINE('',#8046,#8047);
#8046 = CARTESIAN_POINT('',(-0.25,-0.25,-0.9));
#8047 = VECTOR('',#8048,1.);
#8048 = DIRECTION('',(0.,0.,1.));
#8049 = ORIENTED_EDGE('',*,*,#8050,.F.);
#8050 = EDGE_CURVE('',#8051,#8043,#8053,.T.);
#8051 = VERTEX_POINT('',#8052);
#8052 = CARTESIAN_POINT('',(-0.25,-0.3,2.85));
#8053 = CIRCLE('',#8054,5.E-02);
#8054 = AXIS2_PLACEMENT_3D('',#8055,#8056,#8057);
#8055 = CARTESIAN_POINT('',(-0.25,-0.3,2.8));
#8056 = DIRECTION('',(-1.,1.224646799147E-16,0.));
#8057 = DIRECTION('',(0.,0.,1.));
#8058 = ORIENTED_EDGE('',*,*,#8059,.T.);
#8059 = EDGE_CURVE('',#8051,#7230,#8060,.T.);
#8060 = LINE('',#8061,#8062);
#8061 = CARTESIAN_POINT('',(-0.25,-0.25,2.85));
#8062 = VECTOR('',#8063,1.);
#8063 = DIRECTION('',(-1.224646799147E-16,-1.,0.));
#8064 = PLANE('',#8065);
#8065 = AXIS2_PLACEMENT_3D('',#8066,#8067,#8068);
#8066 = CARTESIAN_POINT('',(-0.25,-1.421959173294,1.302213422577));
#8067 = DIRECTION('',(-1.,1.224646799147E-16,0.));
#8068 = DIRECTION('',(0.,0.,1.));
#8069 = ADVANCED_FACE('',(#8070),#8088,.F.);
#8070 = FACE_BOUND('',#8071,.F.);
#8071 = EDGE_LOOP('',(#8072,#8080,#8086,#8087));
#8072 = ORIENTED_EDGE('',*,*,#8073,.F.);
#8073 = EDGE_CURVE('',#8074,#7246,#8076,.T.);
#8074 = VERTEX_POINT('',#8075);
#8075 = CARTESIAN_POINT('',(0.25,-0.3,2.85));
#8076 = LINE('',#8077,#8078);
#8077 = CARTESIAN_POINT('',(0.25,-0.25,2.85));
#8078 = VECTOR('',#8079,1.);
#8079 = DIRECTION('',(-1.224646799147E-16,-1.,0.));
#8080 = ORIENTED_EDGE('',*,*,#8081,.T.);
#8081 = EDGE_CURVE('',#8074,#8051,#8082,.T.);
#8082 = LINE('',#8083,#8084);
#8083 = CARTESIAN_POINT('',(0.25,-0.3,2.85));
#8084 = VECTOR('',#8085,1.);
#8085 = DIRECTION('',(-1.,1.224646799147E-16,0.));
#8086 = ORIENTED_EDGE('',*,*,#8059,.T.);
#8087 = ORIENTED_EDGE('',*,*,#7253,.F.);
#8088 = PLANE('',#8089);
#8089 = AXIS2_PLACEMENT_3D('',#8090,#8091,#8092);
#8090 = CARTESIAN_POINT('',(0.25,-0.25,2.85));
#8091 = DIRECTION('',(0.,0.,1.));
#8092 = DIRECTION('',(-1.224646799147E-16,-1.,0.));
#8093 = ADVANCED_FACE('',(#8094),#8178,.F.);
#8094 = FACE_BOUND('',#8095,.F.);
#8095 = EDGE_LOOP('',(#8096,#8097,#8105,#8114,#8122,#8130,#8138,#8146,
    #8154,#8162,#8170,#8177));
#8096 = ORIENTED_EDGE('',*,*,#7245,.F.);
#8097 = ORIENTED_EDGE('',*,*,#8098,.T.);
#8098 = EDGE_CURVE('',#7238,#8099,#8101,.T.);
#8099 = VERTEX_POINT('',#8100);
#8100 = CARTESIAN_POINT('',(0.25,-0.3,3.35));
#8101 = LINE('',#8102,#8103);
#8102 = CARTESIAN_POINT('',(0.25,-5.75,3.35));
#8103 = VECTOR('',#8104,1.);
#8104 = DIRECTION('',(1.224646799147E-16,1.,0.));
#8105 = ORIENTED_EDGE('',*,*,#8106,.T.);
#8106 = EDGE_CURVE('',#8099,#8107,#8109,.T.);
#8107 = VERTEX_POINT('',#8108);
#8108 = CARTESIAN_POINT('',(0.25,0.25,2.8));
#8109 = CIRCLE('',#8110,0.55);
#8110 = AXIS2_PLACEMENT_3D('',#8111,#8112,#8113);
#8111 = CARTESIAN_POINT('',(0.25,-0.3,2.8));
#8112 = DIRECTION('',(-1.,1.224646799147E-16,0.));
#8113 = DIRECTION('',(0.,0.,1.));
#8114 = ORIENTED_EDGE('',*,*,#8115,.T.);
#8115 = EDGE_CURVE('',#8107,#8116,#8118,.T.);
#8116 = VERTEX_POINT('',#8117);
#8117 = CARTESIAN_POINT('',(0.25,0.25,-0.9));
#8118 = LINE('',#8119,#8120);
#8119 = CARTESIAN_POINT('',(0.25,0.25,3.35));
#8120 = VECTOR('',#8121,1.);
#8121 = DIRECTION('',(-0.,0.,-1.));
#8122 = ORIENTED_EDGE('',*,*,#8123,.T.);
#8123 = EDGE_CURVE('',#8116,#8124,#8126,.T.);
#8124 = VERTEX_POINT('',#8125);
#8125 = CARTESIAN_POINT('',(0.25,-5.E-02,-1.5));
#8126 = LINE('',#8127,#8128);
#8127 = CARTESIAN_POINT('',(0.25,0.25,-0.9));
#8128 = VECTOR('',#8129,1.);
#8129 = DIRECTION('',(-5.476786982641E-17,-0.4472135955,-0.894427191));
#8130 = ORIENTED_EDGE('',*,*,#8131,.T.);
#8131 = EDGE_CURVE('',#8124,#8132,#8134,.T.);
#8132 = VERTEX_POINT('',#8133);
#8133 = CARTESIAN_POINT('',(0.25,0.218421052632,-3.2));
#8134 = LINE('',#8135,#8136);
#8135 = CARTESIAN_POINT('',(0.25,-5.E-02,-1.5));
#8136 = VECTOR('',#8137,1.);
#8137 = DIRECTION('',(1.909990663905E-17,0.155962573473,-0.987762965329)
  );
#8138 = ORIENTED_EDGE('',*,*,#8139,.T.);
#8139 = EDGE_CURVE('',#8132,#8140,#8142,.T.);
#8140 = VERTEX_POINT('',#8141);
#8141 = CARTESIAN_POINT('',(0.25,-0.281578947368,-3.2));
#8142 = LINE('',#8143,#8144);
#8143 = CARTESIAN_POINT('',(0.25,0.25,-3.2));
#8144 = VECTOR('',#8145,1.);
#8145 = DIRECTION('',(-1.224646799147E-16,-1.,0.));
#8146 = ORIENTED_EDGE('',*,*,#8147,.T.);
#8147 = EDGE_CURVE('',#8140,#8148,#8150,.T.);
#8148 = VERTEX_POINT('',#8149);
#8149 = CARTESIAN_POINT('',(0.25,-0.55,-1.5));
#8150 = LINE('',#8151,#8152);
#8151 = CARTESIAN_POINT('',(0.25,-0.25,-3.4));
#8152 = VECTOR('',#8153,1.);
#8153 = DIRECTION('',(-1.909990663905E-17,-0.155962573473,0.987762965329
    ));
#8154 = ORIENTED_EDGE('',*,*,#8155,.T.);
#8155 = EDGE_CURVE('',#8148,#8156,#8158,.T.);
#8156 = VERTEX_POINT('',#8157);
#8157 = CARTESIAN_POINT('',(0.25,-0.25,-0.9));
#8158 = LINE('',#8159,#8160);
#8159 = CARTESIAN_POINT('',(0.25,-0.55,-1.5));
#8160 = VECTOR('',#8161,1.);
#8161 = DIRECTION('',(5.476786982641E-17,0.4472135955,0.894427191));
#8162 = ORIENTED_EDGE('',*,*,#8163,.T.);
#8163 = EDGE_CURVE('',#8156,#8164,#8166,.T.);
#8164 = VERTEX_POINT('',#8165);
#8165 = CARTESIAN_POINT('',(0.25,-0.25,2.8));
#8166 = LINE('',#8167,#8168);
#8167 = CARTESIAN_POINT('',(0.25,-0.25,-0.9));
#8168 = VECTOR('',#8169,1.);
#8169 = DIRECTION('',(0.,0.,1.));
#8170 = ORIENTED_EDGE('',*,*,#8171,.F.);
#8171 = EDGE_CURVE('',#8074,#8164,#8172,.T.);
#8172 = CIRCLE('',#8173,5.E-02);
#8173 = AXIS2_PLACEMENT_3D('',#8174,#8175,#8176);
#8174 = CARTESIAN_POINT('',(0.25,-0.3,2.8));
#8175 = DIRECTION('',(-1.,1.224646799147E-16,0.));
#8176 = DIRECTION('',(0.,0.,1.));
#8177 = ORIENTED_EDGE('',*,*,#8073,.T.);
#8178 = PLANE('',#8179);
#8179 = AXIS2_PLACEMENT_3D('',#8180,#8181,#8182);
#8180 = CARTESIAN_POINT('',(0.25,-1.421959173294,1.302213422577));
#8181 = DIRECTION('',(-1.,1.224646799147E-16,0.));
#8182 = DIRECTION('',(0.,0.,1.));
#8183 = ADVANCED_FACE('',(#8184),#8195,.F.);
#8184 = FACE_BOUND('',#8185,.F.);
#8185 = EDGE_LOOP('',(#8186,#8187,#8188,#8189));
#8186 = ORIENTED_EDGE('',*,*,#8098,.F.);
#8187 = ORIENTED_EDGE('',*,*,#7237,.F.);
#8188 = ORIENTED_EDGE('',*,*,#7977,.T.);
#8189 = ORIENTED_EDGE('',*,*,#8190,.F.);
#8190 = EDGE_CURVE('',#8099,#7978,#8191,.T.);
#8191 = LINE('',#8192,#8193);
#8192 = CARTESIAN_POINT('',(0.25,-0.3,3.35));
#8193 = VECTOR('',#8194,1.);
#8194 = DIRECTION('',(-1.,1.224646799147E-16,0.));
#8195 = PLANE('',#8196);
#8196 = AXIS2_PLACEMENT_3D('',#8197,#8198,#8199);
#8197 = CARTESIAN_POINT('',(0.25,-5.75,3.35));
#8198 = DIRECTION('',(-0.,0.,-1.));
#8199 = DIRECTION('',(1.224646799147E-16,1.,0.));
#8200 = ADVANCED_FACE('',(#8201),#8207,.F.);
#8201 = FACE_BOUND('',#8202,.F.);
#8202 = EDGE_LOOP('',(#8203,#8204,#8205,#8206));
#8203 = ORIENTED_EDGE('',*,*,#7378,.F.);
#8204 = ORIENTED_EDGE('',*,*,#7361,.F.);
#8205 = ORIENTED_EDGE('',*,*,#7337,.T.);
#8206 = ORIENTED_EDGE('',*,*,#7313,.T.);
#8207 = PLANE('',#8208);
#8208 = AXIS2_PLACEMENT_3D('',#8209,#8210,#8211);
#8209 = CARTESIAN_POINT('',(2.25,-5.75,2.85));
#8210 = DIRECTION('',(1.224646799147E-16,1.,0.));
#8211 = DIRECTION('',(0.,-0.,1.));
#8212 = ADVANCED_FACE('',(#8213),#8219,.F.);
#8213 = FACE_BOUND('',#8214,.F.);
#8214 = EDGE_LOOP('',(#8215,#8216,#8217,#8218));
#8215 = ORIENTED_EDGE('',*,*,#7474,.T.);
#8216 = ORIENTED_EDGE('',*,*,#7457,.T.);
#8217 = ORIENTED_EDGE('',*,*,#7424,.F.);
#8218 = ORIENTED_EDGE('',*,*,#7409,.F.);
#8219 = PLANE('',#8220);
#8220 = AXIS2_PLACEMENT_3D('',#8221,#8222,#8223);
#8221 = CARTESIAN_POINT('',(4.25,-5.75,2.85));
#8222 = DIRECTION('',(1.224646799147E-16,1.,0.));
#8223 = DIRECTION('',(0.,-0.,1.));
#8224 = ADVANCED_FACE('',(#8225),#8231,.F.);
#8225 = FACE_BOUND('',#8226,.F.);
#8226 = EDGE_LOOP('',(#8227,#8228,#8229,#8230));
#8227 = ORIENTED_EDGE('',*,*,#7529,.T.);
#8228 = ORIENTED_EDGE('',*,*,#7505,.T.);
#8229 = ORIENTED_EDGE('',*,*,#7568,.F.);
#8230 = ORIENTED_EDGE('',*,*,#7553,.F.);
#8231 = PLANE('',#8232);
#8232 = AXIS2_PLACEMENT_3D('',#8233,#8234,#8235);
#8233 = CARTESIAN_POINT('',(0.25,-5.75,2.85));
#8234 = DIRECTION('',(1.224646799147E-16,1.,0.));
#8235 = DIRECTION('',(0.,-0.,1.));
#8236 = ADVANCED_FACE('',(#8237),#8248,.F.);
#8237 = FACE_BOUND('',#8238,.F.);
#8238 = EDGE_LOOP('',(#8239,#8240,#8246,#8247));
#8239 = ORIENTED_EDGE('',*,*,#7658,.T.);
#8240 = ORIENTED_EDGE('',*,*,#8241,.T.);
#8241 = EDGE_CURVE('',#7651,#7765,#8242,.T.);
#8242 = LINE('',#8243,#8244);
#8243 = CARTESIAN_POINT('',(4.25,-0.25,2.8));
#8244 = VECTOR('',#8245,1.);
#8245 = DIRECTION('',(-1.,1.224646799147E-16,0.));
#8246 = ORIENTED_EDGE('',*,*,#7772,.F.);
#8247 = ORIENTED_EDGE('',*,*,#7796,.F.);
#8248 = CYLINDRICAL_SURFACE('',#8249,5.E-02);
#8249 = AXIS2_PLACEMENT_3D('',#8250,#8251,#8252);
#8250 = CARTESIAN_POINT('',(4.25,-0.3,2.8));
#8251 = DIRECTION('',(-1.,1.224646799147E-16,0.));
#8252 = DIRECTION('',(0.,0.,1.));
#8253 = ADVANCED_FACE('',(#8254),#8265,.F.);
#8254 = FACE_BOUND('',#8255,.F.);
#8255 = EDGE_LOOP('',(#8256,#8257,#8263,#8264));
#8256 = ORIENTED_EDGE('',*,*,#7650,.F.);
#8257 = ORIENTED_EDGE('',*,*,#8258,.T.);
#8258 = EDGE_CURVE('',#7643,#7757,#8259,.T.);
#8259 = LINE('',#8260,#8261);
#8260 = CARTESIAN_POINT('',(4.25,-0.25,-0.9));
#8261 = VECTOR('',#8262,1.);
#8262 = DIRECTION('',(-1.,1.224646799147E-16,0.));
#8263 = ORIENTED_EDGE('',*,*,#7764,.T.);
#8264 = ORIENTED_EDGE('',*,*,#8241,.F.);
#8265 = PLANE('',#8266);
#8266 = AXIS2_PLACEMENT_3D('',#8267,#8268,#8269);
#8267 = CARTESIAN_POINT('',(4.25,-0.25,-0.9));
#8268 = DIRECTION('',(1.224646799147E-16,1.,0.));
#8269 = DIRECTION('',(0.,-0.,1.));
#8270 = ADVANCED_FACE('',(#8271),#8282,.F.);
#8271 = FACE_BOUND('',#8272,.F.);
#8272 = EDGE_LOOP('',(#8273,#8279,#8280,#8281));
#8273 = ORIENTED_EDGE('',*,*,#8274,.T.);
#8274 = EDGE_CURVE('',#7635,#7749,#8275,.T.);
#8275 = LINE('',#8276,#8277);
#8276 = CARTESIAN_POINT('',(4.25,-0.55,-1.5));
#8277 = VECTOR('',#8278,1.);
#8278 = DIRECTION('',(-1.,1.224646799147E-16,0.));
#8279 = ORIENTED_EDGE('',*,*,#7756,.T.);
#8280 = ORIENTED_EDGE('',*,*,#8258,.F.);
#8281 = ORIENTED_EDGE('',*,*,#7642,.F.);
#8282 = PLANE('',#8283);
#8283 = AXIS2_PLACEMENT_3D('',#8284,#8285,#8286);
#8284 = CARTESIAN_POINT('',(4.25,-0.55,-1.5));
#8285 = DIRECTION('',(1.095357396528E-16,0.894427191,-0.4472135955));
#8286 = DIRECTION('',(5.476786982641E-17,0.4472135955,0.894427191));
#8287 = ADVANCED_FACE('',(#8288),#8315,.F.);
#8288 = FACE_BOUND('',#8289,.F.);
#8289 = EDGE_LOOP('',(#8290,#8291,#8299,#8307,#8313,#8314));
#8290 = ORIENTED_EDGE('',*,*,#7634,.F.);
#8291 = ORIENTED_EDGE('',*,*,#8292,.F.);
#8292 = EDGE_CURVE('',#8293,#7627,#8295,.T.);
#8293 = VERTEX_POINT('',#8294);
#8294 = CARTESIAN_POINT('',(4.247552593066,-0.281192514695,
    -3.202447406934));
#8295 = LINE('',#8296,#8297);
#8296 = CARTESIAN_POINT('',(4.1292749658,-0.262517099863,-3.3207250342)
  );
#8297 = VECTOR('',#8298,1.);
#8298 = DIRECTION('',(0.702740385383,-0.110959008218,0.702740385383));
#8299 = ORIENTED_EDGE('',*,*,#8300,.T.);
#8300 = EDGE_CURVE('',#8293,#8301,#8303,.T.);
#8301 = VERTEX_POINT('',#8302);
#8302 = CARTESIAN_POINT('',(3.752447406934,-0.281192514695,
    -3.202447406934));
#8303 = LINE('',#8304,#8305);
#8304 = CARTESIAN_POINT('',(4.25,-0.281192514695,-3.202447406934));
#8305 = VECTOR('',#8306,1.);
#8306 = DIRECTION('',(-1.,1.224646799147E-16,0.));
#8307 = ORIENTED_EDGE('',*,*,#8308,.T.);
#8308 = EDGE_CURVE('',#8301,#7741,#8309,.T.);
#8309 = LINE('',#8310,#8311);
#8310 = CARTESIAN_POINT('',(3.994186046512,-0.243023255814,
    -3.444186046512));
#8311 = VECTOR('',#8312,1.);
#8312 = DIRECTION('',(-0.702740385383,-0.110959008218,0.702740385383));
#8313 = ORIENTED_EDGE('',*,*,#7748,.T.);
#8314 = ORIENTED_EDGE('',*,*,#8274,.F.);
#8315 = PLANE('',#8316);
#8316 = AXIS2_PLACEMENT_3D('',#8317,#8318,#8319);
#8317 = CARTESIAN_POINT('',(4.25,-0.25,-3.4));
#8318 = DIRECTION('',(1.209660753807E-16,0.987762965329,0.155962573473)
  );
#8319 = DIRECTION('',(-1.909990663905E-17,-0.155962573473,0.987762965329
    ));
#8320 = ADVANCED_FACE('',(#8321),#8355,.T.);
#8321 = FACE_BOUND('',#8322,.F.);
#8322 = EDGE_LOOP('',(#8323,#8333,#8341,#8347,#8348,#8349));
#8323 = ORIENTED_EDGE('',*,*,#8324,.F.);
#8324 = EDGE_CURVE('',#8325,#8327,#8329,.T.);
#8325 = VERTEX_POINT('',#8326);
#8326 = CARTESIAN_POINT('',(4.05,5.E-02,-3.4));
#8327 = VERTEX_POINT('',#8328);
#8328 = CARTESIAN_POINT('',(4.247552593066,0.218807485305,
    -3.202447406934));
#8329 = LINE('',#8330,#8331);
#8330 = CARTESIAN_POINT('',(4.185852405654,0.166085051658,
    -3.264147594346));
#8331 = VECTOR('',#8332,1.);
#8332 = DIRECTION('',(0.605209817607,0.517148096144,0.605209817607));
#8333 = ORIENTED_EDGE('',*,*,#8334,.T.);
#8334 = EDGE_CURVE('',#8325,#8335,#8337,.T.);
#8335 = VERTEX_POINT('',#8336);
#8336 = CARTESIAN_POINT('',(4.05,-5.E-02,-3.4));
#8337 = LINE('',#8338,#8339);
#8338 = CARTESIAN_POINT('',(4.05,0.25,-3.4));
#8339 = VECTOR('',#8340,1.);
#8340 = DIRECTION('',(-1.224646799147E-16,-1.,0.));
#8341 = ORIENTED_EDGE('',*,*,#8342,.T.);
#8342 = EDGE_CURVE('',#8335,#8293,#8343,.T.);
#8343 = LINE('',#8344,#8345);
#8344 = CARTESIAN_POINT('',(4.09198936903,-9.913946036316E-02,
    -3.35801063097));
#8345 = VECTOR('',#8346,1.);
#8346 = DIRECTION('',(0.544770019249,-0.63753529491,0.544770019249));
#8347 = ORIENTED_EDGE('',*,*,#8292,.T.);
#8348 = ORIENTED_EDGE('',*,*,#7626,.F.);
#8349 = ORIENTED_EDGE('',*,*,#8350,.F.);
#8350 = EDGE_CURVE('',#8327,#7619,#8351,.T.);
#8351 = LINE('',#8352,#8353);
#8352 = CARTESIAN_POINT('',(4.629616963064,0.158481532148,
    -2.820383036936));
#8353 = VECTOR('',#8354,1.);
#8354 = DIRECTION('',(0.702740385383,-0.110959008218,0.702740385383));
#8355 = PLANE('',#8356);
#8356 = AXIS2_PLACEMENT_3D('',#8357,#8358,#8359);
#8357 = CARTESIAN_POINT('',(4.15,0.25,-3.3));
#8358 = DIRECTION('',(0.707106781187,-8.486018839685E-17,-0.707106781187
    ));
#8359 = DIRECTION('',(1.212375546256E-16,1.,1.227125289196E-18));
#8360 = ADVANCED_FACE('',(#8361),#8386,.F.);
#8361 = FACE_BOUND('',#8362,.F.);
#8362 = EDGE_LOOP('',(#8363,#8364,#8370,#8371,#8379,#8385));
#8363 = ORIENTED_EDGE('',*,*,#7618,.F.);
#8364 = ORIENTED_EDGE('',*,*,#8365,.T.);
#8365 = EDGE_CURVE('',#7611,#7725,#8366,.T.);
#8366 = LINE('',#8367,#8368);
#8367 = CARTESIAN_POINT('',(4.25,-5.E-02,-1.5));
#8368 = VECTOR('',#8369,1.);
#8369 = DIRECTION('',(-1.,1.224646799147E-16,0.));
#8370 = ORIENTED_EDGE('',*,*,#7732,.T.);
#8371 = ORIENTED_EDGE('',*,*,#8372,.F.);
#8372 = EDGE_CURVE('',#8373,#7733,#8375,.T.);
#8373 = VERTEX_POINT('',#8374);
#8374 = CARTESIAN_POINT('',(3.752447406934,0.218807485305,
    -3.202447406934));
#8375 = LINE('',#8376,#8377);
#8376 = CARTESIAN_POINT('',(3.493844049248,0.177975376197,
    -2.943844049248));
#8377 = VECTOR('',#8378,1.);
#8378 = DIRECTION('',(-0.702740385383,-0.110959008218,0.702740385383));
#8379 = ORIENTED_EDGE('',*,*,#8380,.F.);
#8380 = EDGE_CURVE('',#8327,#8373,#8381,.T.);
#8381 = LINE('',#8382,#8383);
#8382 = CARTESIAN_POINT('',(4.25,0.218807485305,-3.202447406934));
#8383 = VECTOR('',#8384,1.);
#8384 = DIRECTION('',(-1.,1.224646799147E-16,0.));
#8385 = ORIENTED_EDGE('',*,*,#8350,.T.);
#8386 = PLANE('',#8387);
#8387 = AXIS2_PLACEMENT_3D('',#8388,#8389,#8390);
#8388 = CARTESIAN_POINT('',(4.25,-5.E-02,-1.5));
#8389 = DIRECTION('',(-1.209660753807E-16,-0.987762965329,
    -0.155962573473));
#8390 = DIRECTION('',(1.909990663905E-17,0.155962573473,-0.987762965329)
  );
#8391 = ADVANCED_FACE('',(#8392),#8403,.F.);
#8392 = FACE_BOUND('',#8393,.F.);
#8393 = EDGE_LOOP('',(#8394,#8400,#8401,#8402));
#8394 = ORIENTED_EDGE('',*,*,#8395,.T.);
#8395 = EDGE_CURVE('',#7603,#7717,#8396,.T.);
#8396 = LINE('',#8397,#8398);
#8397 = CARTESIAN_POINT('',(4.25,0.25,-0.9));
#8398 = VECTOR('',#8399,1.);
#8399 = DIRECTION('',(-1.,1.224646799147E-16,0.));
#8400 = ORIENTED_EDGE('',*,*,#7724,.T.);
#8401 = ORIENTED_EDGE('',*,*,#8365,.F.);
#8402 = ORIENTED_EDGE('',*,*,#7610,.F.);
#8403 = PLANE('',#8404);
#8404 = AXIS2_PLACEMENT_3D('',#8405,#8406,#8407);
#8405 = CARTESIAN_POINT('',(4.25,0.25,-0.9));
#8406 = DIRECTION('',(-1.095357396528E-16,-0.894427191,0.4472135955));
#8407 = DIRECTION('',(-5.476786982641E-17,-0.4472135955,-0.894427191));
#8408 = ADVANCED_FACE('',(#8409),#8420,.F.);
#8409 = FACE_BOUND('',#8410,.F.);
#8410 = EDGE_LOOP('',(#8411,#8412,#8418,#8419));
#8411 = ORIENTED_EDGE('',*,*,#7602,.F.);
#8412 = ORIENTED_EDGE('',*,*,#8413,.T.);
#8413 = EDGE_CURVE('',#7594,#7708,#8414,.T.);
#8414 = LINE('',#8415,#8416);
#8415 = CARTESIAN_POINT('',(4.25,0.25,2.8));
#8416 = VECTOR('',#8417,1.);
#8417 = DIRECTION('',(-1.,1.224646799147E-16,0.));
#8418 = ORIENTED_EDGE('',*,*,#7716,.T.);
#8419 = ORIENTED_EDGE('',*,*,#8395,.F.);
#8420 = PLANE('',#8421);
#8421 = AXIS2_PLACEMENT_3D('',#8422,#8423,#8424);
#8422 = CARTESIAN_POINT('',(4.25,0.25,3.35));
#8423 = DIRECTION('',(-1.224646799147E-16,-1.,0.));
#8424 = DIRECTION('',(-0.,0.,-1.));
#8425 = ADVANCED_FACE('',(#8426),#8432,.T.);
#8426 = FACE_BOUND('',#8427,.T.);
#8427 = EDGE_LOOP('',(#8428,#8429,#8430,#8431));
#8428 = ORIENTED_EDGE('',*,*,#7593,.T.);
#8429 = ORIENTED_EDGE('',*,*,#8413,.T.);
#8430 = ORIENTED_EDGE('',*,*,#7707,.F.);
#8431 = ORIENTED_EDGE('',*,*,#7691,.F.);
#8432 = CYLINDRICAL_SURFACE('',#8433,0.55);
#8433 = AXIS2_PLACEMENT_3D('',#8434,#8435,#8436);
#8434 = CARTESIAN_POINT('',(4.25,-0.3,2.8));
#8435 = DIRECTION('',(-1.,1.224646799147E-16,0.));
#8436 = DIRECTION('',(0.,0.,1.));
#8437 = ADVANCED_FACE('',(#8438),#8465,.F.);
#8438 = FACE_BOUND('',#8439,.T.);
#8439 = EDGE_LOOP('',(#8440,#8448,#8456,#8462,#8463,#8464));
#8440 = ORIENTED_EDGE('',*,*,#8441,.F.);
#8441 = EDGE_CURVE('',#8442,#8373,#8444,.T.);
#8442 = VERTEX_POINT('',#8443);
#8443 = CARTESIAN_POINT('',(3.95,5.E-02,-3.4));
#8444 = LINE('',#8445,#8446);
#8445 = CARTESIAN_POINT('',(3.905717325178,8.783927542193E-02,
    -3.355717325178));
#8446 = VECTOR('',#8447,1.);
#8447 = DIRECTION('',(-0.605209817607,0.517148096144,0.605209817607));
#8448 = ORIENTED_EDGE('',*,*,#8449,.T.);
#8449 = EDGE_CURVE('',#8442,#8450,#8452,.T.);
#8450 = VERTEX_POINT('',#8451);
#8451 = CARTESIAN_POINT('',(3.95,-5.E-02,-3.4));
#8452 = LINE('',#8453,#8454);
#8453 = CARTESIAN_POINT('',(3.95,0.25,-3.4));
#8454 = VECTOR('',#8455,1.);
#8455 = DIRECTION('',(-1.224646799147E-16,-1.,0.));
#8456 = ORIENTED_EDGE('',*,*,#8457,.T.);
#8457 = EDGE_CURVE('',#8450,#8301,#8458,.T.);
#8458 = LINE('',#8459,#8460);
#8459 = CARTESIAN_POINT('',(3.982204224438,-1.231193164325E-02,
    -3.432204224438));
#8460 = VECTOR('',#8461,1.);
#8461 = DIRECTION('',(-0.544770019249,-0.63753529491,0.544770019249));
#8462 = ORIENTED_EDGE('',*,*,#8308,.T.);
#8463 = ORIENTED_EDGE('',*,*,#7740,.F.);
#8464 = ORIENTED_EDGE('',*,*,#8372,.F.);
#8465 = PLANE('',#8466);
#8466 = AXIS2_PLACEMENT_3D('',#8467,#8468,#8469);
#8467 = CARTESIAN_POINT('',(3.85,0.25,-3.3));
#8468 = DIRECTION('',(0.707106781187,-8.833102285013E-17,0.707106781187)
  );
#8469 = DIRECTION('',(1.236918052038E-16,1.,1.227125289097E-18));
#8470 = ADVANCED_FACE('',(#8471),#8482,.F.);
#8471 = FACE_BOUND('',#8472,.F.);
#8472 = EDGE_LOOP('',(#8473,#8474,#8480,#8481));
#8473 = ORIENTED_EDGE('',*,*,#7943,.T.);
#8474 = ORIENTED_EDGE('',*,*,#8475,.T.);
#8475 = EDGE_CURVE('',#7936,#7847,#8476,.T.);
#8476 = LINE('',#8477,#8478);
#8477 = CARTESIAN_POINT('',(2.25,-0.25,2.8));
#8478 = VECTOR('',#8479,1.);
#8479 = DIRECTION('',(-1.,1.224646799147E-16,0.));
#8480 = ORIENTED_EDGE('',*,*,#7854,.F.);
#8481 = ORIENTED_EDGE('',*,*,#7885,.F.);
#8482 = CYLINDRICAL_SURFACE('',#8483,5.E-02);
#8483 = AXIS2_PLACEMENT_3D('',#8484,#8485,#8486);
#8484 = CARTESIAN_POINT('',(2.25,-0.3,2.8));
#8485 = DIRECTION('',(-1.,1.224646799147E-16,0.));
#8486 = DIRECTION('',(0.,0.,1.));
#8487 = ADVANCED_FACE('',(#8488),#8499,.F.);
#8488 = FACE_BOUND('',#8489,.F.);
#8489 = EDGE_LOOP('',(#8490,#8491,#8497,#8498));
#8490 = ORIENTED_EDGE('',*,*,#7935,.F.);
#8491 = ORIENTED_EDGE('',*,*,#8492,.T.);
#8492 = EDGE_CURVE('',#7928,#7839,#8493,.T.);
#8493 = LINE('',#8494,#8495);
#8494 = CARTESIAN_POINT('',(2.25,-0.25,-3.2));
#8495 = VECTOR('',#8496,1.);
#8496 = DIRECTION('',(-1.,1.224646799147E-16,0.));
#8497 = ORIENTED_EDGE('',*,*,#7846,.T.);
#8498 = ORIENTED_EDGE('',*,*,#8475,.F.);
#8499 = PLANE('',#8500);
#8500 = AXIS2_PLACEMENT_3D('',#8501,#8502,#8503);
#8501 = CARTESIAN_POINT('',(2.25,-0.25,-3.4));
#8502 = DIRECTION('',(1.224646799147E-16,1.,0.));
#8503 = DIRECTION('',(0.,-0.,1.));
#8504 = ADVANCED_FACE('',(#8505),#8530,.F.);
#8505 = FACE_BOUND('',#8506,.T.);
#8506 = EDGE_LOOP('',(#8507,#8515,#8523,#8529));
#8507 = ORIENTED_EDGE('',*,*,#8508,.F.);
#8508 = EDGE_CURVE('',#8509,#7831,#8511,.T.);
#8509 = VERTEX_POINT('',#8510);
#8510 = CARTESIAN_POINT('',(1.95,5.E-02,-3.4));
#8511 = LINE('',#8512,#8513);
#8512 = CARTESIAN_POINT('',(1.9,0.1,-3.35));
#8513 = VECTOR('',#8514,1.);
#8514 = DIRECTION('',(-0.57735026919,0.57735026919,0.57735026919));
#8515 = ORIENTED_EDGE('',*,*,#8516,.T.);
#8516 = EDGE_CURVE('',#8509,#8517,#8519,.T.);
#8517 = VERTEX_POINT('',#8518);
#8518 = CARTESIAN_POINT('',(1.95,-5.E-02,-3.4));
#8519 = LINE('',#8520,#8521);
#8520 = CARTESIAN_POINT('',(1.95,0.25,-3.4));
#8521 = VECTOR('',#8522,1.);
#8522 = DIRECTION('',(-1.224646799147E-16,-1.,0.));
#8523 = ORIENTED_EDGE('',*,*,#8524,.T.);
#8524 = EDGE_CURVE('',#8517,#7839,#8525,.T.);
#8525 = LINE('',#8526,#8527);
#8526 = CARTESIAN_POINT('',(1.983333333333,-1.666666666667E-02,
    -3.433333333333));
#8527 = VECTOR('',#8528,1.);
#8528 = DIRECTION('',(-0.57735026919,-0.57735026919,0.57735026919));
#8529 = ORIENTED_EDGE('',*,*,#7838,.F.);
#8530 = PLANE('',#8531);
#8531 = AXIS2_PLACEMENT_3D('',#8532,#8533,#8534);
#8532 = CARTESIAN_POINT('',(1.85,0.25,-3.3));
#8533 = DIRECTION('',(0.707106781187,-8.833102285013E-17,0.707106781187)
  );
#8534 = DIRECTION('',(1.236918052038E-16,1.,1.227125289097E-18));
#8535 = ADVANCED_FACE('',(#8536),#8552,.F.);
#8536 = FACE_BOUND('',#8537,.F.);
#8537 = EDGE_LOOP('',(#8538,#8539,#8545,#8546));
#8538 = ORIENTED_EDGE('',*,*,#7919,.F.);
#8539 = ORIENTED_EDGE('',*,*,#8540,.T.);
#8540 = EDGE_CURVE('',#7911,#7822,#8541,.T.);
#8541 = LINE('',#8542,#8543);
#8542 = CARTESIAN_POINT('',(2.25,0.25,2.8));
#8543 = VECTOR('',#8544,1.);
#8544 = DIRECTION('',(-1.,1.224646799147E-16,0.));
#8545 = ORIENTED_EDGE('',*,*,#7830,.T.);
#8546 = ORIENTED_EDGE('',*,*,#8547,.F.);
#8547 = EDGE_CURVE('',#7920,#7831,#8548,.T.);
#8548 = LINE('',#8549,#8550);
#8549 = CARTESIAN_POINT('',(2.25,0.25,-3.2));
#8550 = VECTOR('',#8551,1.);
#8551 = DIRECTION('',(-1.,1.224646799147E-16,0.));
#8552 = PLANE('',#8553);
#8553 = AXIS2_PLACEMENT_3D('',#8554,#8555,#8556);
#8554 = CARTESIAN_POINT('',(2.25,0.25,3.35));
#8555 = DIRECTION('',(-1.224646799147E-16,-1.,0.));
#8556 = DIRECTION('',(-0.,0.,-1.));
#8557 = ADVANCED_FACE('',(#8558),#8564,.T.);
#8558 = FACE_BOUND('',#8559,.T.);
#8559 = EDGE_LOOP('',(#8560,#8561,#8562,#8563));
#8560 = ORIENTED_EDGE('',*,*,#7910,.T.);
#8561 = ORIENTED_EDGE('',*,*,#8540,.T.);
#8562 = ORIENTED_EDGE('',*,*,#7821,.F.);
#8563 = ORIENTED_EDGE('',*,*,#7962,.F.);
#8564 = CYLINDRICAL_SURFACE('',#8565,0.55);
#8565 = AXIS2_PLACEMENT_3D('',#8566,#8567,#8568);
#8566 = CARTESIAN_POINT('',(2.25,-0.3,2.8));
#8567 = DIRECTION('',(-1.,1.224646799147E-16,0.));
#8568 = DIRECTION('',(0.,0.,1.));
#8569 = ADVANCED_FACE('',(#8570),#8595,.T.);
#8570 = FACE_BOUND('',#8571,.F.);
#8571 = EDGE_LOOP('',(#8572,#8580,#8588,#8594));
#8572 = ORIENTED_EDGE('',*,*,#8573,.F.);
#8573 = EDGE_CURVE('',#8574,#7920,#8576,.T.);
#8574 = VERTEX_POINT('',#8575);
#8575 = CARTESIAN_POINT('',(2.05,5.E-02,-3.4));
#8576 = LINE('',#8577,#8578);
#8577 = CARTESIAN_POINT('',(2.183333333333,0.183333333333,
    -3.266666666667));
#8578 = VECTOR('',#8579,1.);
#8579 = DIRECTION('',(0.57735026919,0.57735026919,0.57735026919));
#8580 = ORIENTED_EDGE('',*,*,#8581,.T.);
#8581 = EDGE_CURVE('',#8574,#8582,#8584,.T.);
#8582 = VERTEX_POINT('',#8583);
#8583 = CARTESIAN_POINT('',(2.05,-5.E-02,-3.4));
#8584 = LINE('',#8585,#8586);
#8585 = CARTESIAN_POINT('',(2.05,0.25,-3.4));
#8586 = VECTOR('',#8587,1.);
#8587 = DIRECTION('',(-1.224646799147E-16,-1.,0.));
#8588 = ORIENTED_EDGE('',*,*,#8589,.T.);
#8589 = EDGE_CURVE('',#8582,#7928,#8590,.T.);
#8590 = LINE('',#8591,#8592);
#8591 = CARTESIAN_POINT('',(2.1,-0.1,-3.35));
#8592 = VECTOR('',#8593,1.);
#8593 = DIRECTION('',(0.57735026919,-0.57735026919,0.57735026919));
#8594 = ORIENTED_EDGE('',*,*,#7927,.F.);
#8595 = PLANE('',#8596);
#8596 = AXIS2_PLACEMENT_3D('',#8597,#8598,#8599);
#8597 = CARTESIAN_POINT('',(2.15,0.25,-3.3));
#8598 = DIRECTION('',(0.707106781187,-8.486018839685E-17,-0.707106781187
    ));
#8599 = DIRECTION('',(1.212375546256E-16,1.,1.227125289196E-18));
#8600 = ADVANCED_FACE('',(#8601),#8612,.F.);
#8601 = FACE_BOUND('',#8602,.F.);
#8602 = EDGE_LOOP('',(#8603,#8604,#8610,#8611));
#8603 = ORIENTED_EDGE('',*,*,#8171,.T.);
#8604 = ORIENTED_EDGE('',*,*,#8605,.T.);
#8605 = EDGE_CURVE('',#8164,#8043,#8606,.T.);
#8606 = LINE('',#8607,#8608);
#8607 = CARTESIAN_POINT('',(0.25,-0.25,2.8));
#8608 = VECTOR('',#8609,1.);
#8609 = DIRECTION('',(-1.,1.224646799147E-16,0.));
#8610 = ORIENTED_EDGE('',*,*,#8050,.F.);
#8611 = ORIENTED_EDGE('',*,*,#8081,.F.);
#8612 = CYLINDRICAL_SURFACE('',#8613,5.E-02);
#8613 = AXIS2_PLACEMENT_3D('',#8614,#8615,#8616);
#8614 = CARTESIAN_POINT('',(0.25,-0.3,2.8));
#8615 = DIRECTION('',(-1.,1.224646799147E-16,0.));
#8616 = DIRECTION('',(0.,0.,1.));
#8617 = ADVANCED_FACE('',(#8618),#8629,.F.);
#8618 = FACE_BOUND('',#8619,.F.);
#8619 = EDGE_LOOP('',(#8620,#8621,#8627,#8628));
#8620 = ORIENTED_EDGE('',*,*,#8163,.F.);
#8621 = ORIENTED_EDGE('',*,*,#8622,.T.);
#8622 = EDGE_CURVE('',#8156,#8035,#8623,.T.);
#8623 = LINE('',#8624,#8625);
#8624 = CARTESIAN_POINT('',(0.25,-0.25,-0.9));
#8625 = VECTOR('',#8626,1.);
#8626 = DIRECTION('',(-1.,1.224646799147E-16,0.));
#8627 = ORIENTED_EDGE('',*,*,#8042,.T.);
#8628 = ORIENTED_EDGE('',*,*,#8605,.F.);
#8629 = PLANE('',#8630);
#8630 = AXIS2_PLACEMENT_3D('',#8631,#8632,#8633);
#8631 = CARTESIAN_POINT('',(0.25,-0.25,-0.9));
#8632 = DIRECTION('',(1.224646799147E-16,1.,0.));
#8633 = DIRECTION('',(0.,-0.,1.));
#8634 = ADVANCED_FACE('',(#8635),#8646,.F.);
#8635 = FACE_BOUND('',#8636,.F.);
#8636 = EDGE_LOOP('',(#8637,#8643,#8644,#8645));
#8637 = ORIENTED_EDGE('',*,*,#8638,.T.);
#8638 = EDGE_CURVE('',#8148,#8027,#8639,.T.);
#8639 = LINE('',#8640,#8641);
#8640 = CARTESIAN_POINT('',(0.25,-0.55,-1.5));
#8641 = VECTOR('',#8642,1.);
#8642 = DIRECTION('',(-1.,1.224646799147E-16,0.));
#8643 = ORIENTED_EDGE('',*,*,#8034,.T.);
#8644 = ORIENTED_EDGE('',*,*,#8622,.F.);
#8645 = ORIENTED_EDGE('',*,*,#8155,.F.);
#8646 = PLANE('',#8647);
#8647 = AXIS2_PLACEMENT_3D('',#8648,#8649,#8650);
#8648 = CARTESIAN_POINT('',(0.25,-0.55,-1.5));
#8649 = DIRECTION('',(1.095357396528E-16,0.894427191,-0.4472135955));
#8650 = DIRECTION('',(5.476786982641E-17,0.4472135955,0.894427191));
#8651 = ADVANCED_FACE('',(#8652),#8679,.F.);
#8652 = FACE_BOUND('',#8653,.F.);
#8653 = EDGE_LOOP('',(#8654,#8655,#8663,#8671,#8677,#8678));
#8654 = ORIENTED_EDGE('',*,*,#8147,.F.);
#8655 = ORIENTED_EDGE('',*,*,#8656,.F.);
#8656 = EDGE_CURVE('',#8657,#8140,#8659,.T.);
#8657 = VERTEX_POINT('',#8658);
#8658 = CARTESIAN_POINT('',(0.247552593066,-0.281192514695,
    -3.202447406934));
#8659 = LINE('',#8660,#8661);
#8660 = CARTESIAN_POINT('',(0.1292749658,-0.262517099863,-3.3207250342)
  );
#8661 = VECTOR('',#8662,1.);
#8662 = DIRECTION('',(0.702740385383,-0.110959008218,0.702740385383));
#8663 = ORIENTED_EDGE('',*,*,#8664,.T.);
#8664 = EDGE_CURVE('',#8657,#8665,#8667,.T.);
#8665 = VERTEX_POINT('',#8666);
#8666 = CARTESIAN_POINT('',(-0.247552593066,-0.281192514695,
    -3.202447406934));
#8667 = LINE('',#8668,#8669);
#8668 = CARTESIAN_POINT('',(0.25,-0.281192514695,-3.202447406934));
#8669 = VECTOR('',#8670,1.);
#8670 = DIRECTION('',(-1.,1.224646799147E-16,0.));
#8671 = ORIENTED_EDGE('',*,*,#8672,.T.);
#8672 = EDGE_CURVE('',#8665,#8019,#8673,.T.);
#8673 = LINE('',#8674,#8675);
#8674 = CARTESIAN_POINT('',(-5.813953488372E-03,-0.243023255814,
    -3.444186046512));
#8675 = VECTOR('',#8676,1.);
#8676 = DIRECTION('',(-0.702740385383,-0.110959008218,0.702740385383));
#8677 = ORIENTED_EDGE('',*,*,#8026,.T.);
#8678 = ORIENTED_EDGE('',*,*,#8638,.F.);
#8679 = PLANE('',#8680);
#8680 = AXIS2_PLACEMENT_3D('',#8681,#8682,#8683);
#8681 = CARTESIAN_POINT('',(0.25,-0.25,-3.4));
#8682 = DIRECTION('',(1.209660753807E-16,0.987762965329,0.155962573473)
  );
#8683 = DIRECTION('',(-1.909990663905E-17,-0.155962573473,0.987762965329
    ));
#8684 = ADVANCED_FACE('',(#8685),#8719,.F.);
#8685 = FACE_BOUND('',#8686,.T.);
#8686 = EDGE_LOOP('',(#8687,#8697,#8705,#8711,#8712,#8713));
#8687 = ORIENTED_EDGE('',*,*,#8688,.F.);
#8688 = EDGE_CURVE('',#8689,#8691,#8693,.T.);
#8689 = VERTEX_POINT('',#8690);
#8690 = CARTESIAN_POINT('',(-5.E-02,5.E-02,-3.4));
#8691 = VERTEX_POINT('',#8692);
#8692 = CARTESIAN_POINT('',(-0.247552593066,0.218807485305,
    -3.202447406934));
#8693 = LINE('',#8694,#8695);
#8694 = CARTESIAN_POINT('',(-9.428267482221E-02,8.783927542193E-02,
    -3.355717325178));
#8695 = VECTOR('',#8696,1.);
#8696 = DIRECTION('',(-0.605209817607,0.517148096144,0.605209817607));
#8697 = ORIENTED_EDGE('',*,*,#8698,.T.);
#8698 = EDGE_CURVE('',#8689,#8699,#8701,.T.);
#8699 = VERTEX_POINT('',#8700);
#8700 = CARTESIAN_POINT('',(-5.E-02,-5.E-02,-3.4));
#8701 = LINE('',#8702,#8703);
#8702 = CARTESIAN_POINT('',(-5.E-02,0.25,-3.4));
#8703 = VECTOR('',#8704,1.);
#8704 = DIRECTION('',(-1.224646799147E-16,-1.,0.));
#8705 = ORIENTED_EDGE('',*,*,#8706,.T.);
#8706 = EDGE_CURVE('',#8699,#8665,#8707,.T.);
#8707 = LINE('',#8708,#8709);
#8708 = CARTESIAN_POINT('',(-1.77957755624E-02,-1.231193164325E-02,
    -3.432204224438));
#8709 = VECTOR('',#8710,1.);
#8710 = DIRECTION('',(-0.544770019249,-0.63753529491,0.544770019249));
#8711 = ORIENTED_EDGE('',*,*,#8672,.T.);
#8712 = ORIENTED_EDGE('',*,*,#8018,.F.);
#8713 = ORIENTED_EDGE('',*,*,#8714,.F.);
#8714 = EDGE_CURVE('',#8691,#8011,#8715,.T.);
#8715 = LINE('',#8716,#8717);
#8716 = CARTESIAN_POINT('',(-0.506155950752,0.177975376197,
    -2.943844049248));
#8717 = VECTOR('',#8718,1.);
#8718 = DIRECTION('',(-0.702740385383,-0.110959008218,0.702740385383));
#8719 = PLANE('',#8720);
#8720 = AXIS2_PLACEMENT_3D('',#8721,#8722,#8723);
#8721 = CARTESIAN_POINT('',(-0.15,0.25,-3.3));
#8722 = DIRECTION('',(0.707106781187,-8.833102285013E-17,0.707106781187)
  );
#8723 = DIRECTION('',(1.236918052038E-16,1.,1.227125289097E-18));
#8724 = ADVANCED_FACE('',(#8725),#8750,.F.);
#8725 = FACE_BOUND('',#8726,.F.);
#8726 = EDGE_LOOP('',(#8727,#8728,#8734,#8735,#8736,#8744));
#8727 = ORIENTED_EDGE('',*,*,#8131,.F.);
#8728 = ORIENTED_EDGE('',*,*,#8729,.T.);
#8729 = EDGE_CURVE('',#8124,#8003,#8730,.T.);
#8730 = LINE('',#8731,#8732);
#8731 = CARTESIAN_POINT('',(0.25,-5.E-02,-1.5));
#8732 = VECTOR('',#8733,1.);
#8733 = DIRECTION('',(-1.,1.224646799147E-16,0.));
#8734 = ORIENTED_EDGE('',*,*,#8010,.T.);
#8735 = ORIENTED_EDGE('',*,*,#8714,.F.);
#8736 = ORIENTED_EDGE('',*,*,#8737,.F.);
#8737 = EDGE_CURVE('',#8738,#8691,#8740,.T.);
#8738 = VERTEX_POINT('',#8739);
#8739 = CARTESIAN_POINT('',(0.247552593066,0.218807485305,
    -3.202447406934));
#8740 = LINE('',#8741,#8742);
#8741 = CARTESIAN_POINT('',(0.25,0.218807485305,-3.202447406934));
#8742 = VECTOR('',#8743,1.);
#8743 = DIRECTION('',(-1.,1.224646799147E-16,0.));
#8744 = ORIENTED_EDGE('',*,*,#8745,.T.);
#8745 = EDGE_CURVE('',#8738,#8132,#8746,.T.);
#8746 = LINE('',#8747,#8748);
#8747 = CARTESIAN_POINT('',(0.629616963064,0.158481532148,
    -2.820383036936));
#8748 = VECTOR('',#8749,1.);
#8749 = DIRECTION('',(0.702740385383,-0.110959008218,0.702740385383));
#8750 = PLANE('',#8751);
#8751 = AXIS2_PLACEMENT_3D('',#8752,#8753,#8754);
#8752 = CARTESIAN_POINT('',(0.25,-5.E-02,-1.5));
#8753 = DIRECTION('',(-1.209660753807E-16,-0.987762965329,
    -0.155962573473));
#8754 = DIRECTION('',(1.909990663905E-17,0.155962573473,-0.987762965329)
  );
#8755 = ADVANCED_FACE('',(#8756),#8767,.F.);
#8756 = FACE_BOUND('',#8757,.F.);
#8757 = EDGE_LOOP('',(#8758,#8764,#8765,#8766));
#8758 = ORIENTED_EDGE('',*,*,#8759,.T.);
#8759 = EDGE_CURVE('',#8116,#7995,#8760,.T.);
#8760 = LINE('',#8761,#8762);
#8761 = CARTESIAN_POINT('',(0.25,0.25,-0.9));
#8762 = VECTOR('',#8763,1.);
#8763 = DIRECTION('',(-1.,1.224646799147E-16,0.));
#8764 = ORIENTED_EDGE('',*,*,#8002,.T.);
#8765 = ORIENTED_EDGE('',*,*,#8729,.F.);
#8766 = ORIENTED_EDGE('',*,*,#8123,.F.);
#8767 = PLANE('',#8768);
#8768 = AXIS2_PLACEMENT_3D('',#8769,#8770,#8771);
#8769 = CARTESIAN_POINT('',(0.25,0.25,-0.9));
#8770 = DIRECTION('',(-1.095357396528E-16,-0.894427191,0.4472135955));
#8771 = DIRECTION('',(-5.476786982641E-17,-0.4472135955,-0.894427191));
#8772 = ADVANCED_FACE('',(#8773),#8784,.F.);
#8773 = FACE_BOUND('',#8774,.F.);
#8774 = EDGE_LOOP('',(#8775,#8776,#8782,#8783));
#8775 = ORIENTED_EDGE('',*,*,#8115,.F.);
#8776 = ORIENTED_EDGE('',*,*,#8777,.T.);
#8777 = EDGE_CURVE('',#8107,#7986,#8778,.T.);
#8778 = LINE('',#8779,#8780);
#8779 = CARTESIAN_POINT('',(0.25,0.25,2.8));
#8780 = VECTOR('',#8781,1.);
#8781 = DIRECTION('',(-1.,1.224646799147E-16,0.));
#8782 = ORIENTED_EDGE('',*,*,#7994,.T.);
#8783 = ORIENTED_EDGE('',*,*,#8759,.F.);
#8784 = PLANE('',#8785);
#8785 = AXIS2_PLACEMENT_3D('',#8786,#8787,#8788);
#8786 = CARTESIAN_POINT('',(0.25,0.25,3.35));
#8787 = DIRECTION('',(-1.224646799147E-16,-1.,0.));
#8788 = DIRECTION('',(-0.,0.,-1.));
#8789 = ADVANCED_FACE('',(#8790),#8796,.T.);
#8790 = FACE_BOUND('',#8791,.T.);
#8791 = EDGE_LOOP('',(#8792,#8793,#8794,#8795));
#8792 = ORIENTED_EDGE('',*,*,#8106,.T.);
#8793 = ORIENTED_EDGE('',*,*,#8777,.T.);
#8794 = ORIENTED_EDGE('',*,*,#7985,.F.);
#8795 = ORIENTED_EDGE('',*,*,#8190,.F.);
#8796 = CYLINDRICAL_SURFACE('',#8797,0.55);
#8797 = AXIS2_PLACEMENT_3D('',#8798,#8799,#8800);
#8798 = CARTESIAN_POINT('',(0.25,-0.3,2.8));
#8799 = DIRECTION('',(-1.,1.224646799147E-16,0.));
#8800 = DIRECTION('',(0.,0.,1.));
#8801 = ADVANCED_FACE('',(#8802),#8829,.T.);
#8802 = FACE_BOUND('',#8803,.F.);
#8803 = EDGE_LOOP('',(#8804,#8812,#8820,#8826,#8827,#8828));
#8804 = ORIENTED_EDGE('',*,*,#8805,.F.);
#8805 = EDGE_CURVE('',#8806,#8738,#8808,.T.);
#8806 = VERTEX_POINT('',#8807);
#8807 = CARTESIAN_POINT('',(5.E-02,5.E-02,-3.4));
#8808 = LINE('',#8809,#8810);
#8809 = CARTESIAN_POINT('',(0.185852405654,0.166085051658,
    -3.264147594346));
#8810 = VECTOR('',#8811,1.);
#8811 = DIRECTION('',(0.605209817607,0.517148096144,0.605209817607));
#8812 = ORIENTED_EDGE('',*,*,#8813,.T.);
#8813 = EDGE_CURVE('',#8806,#8814,#8816,.T.);
#8814 = VERTEX_POINT('',#8815);
#8815 = CARTESIAN_POINT('',(5.E-02,-5.E-02,-3.4));
#8816 = LINE('',#8817,#8818);
#8817 = CARTESIAN_POINT('',(5.E-02,0.25,-3.4));
#8818 = VECTOR('',#8819,1.);
#8819 = DIRECTION('',(-1.224646799147E-16,-1.,0.));
#8820 = ORIENTED_EDGE('',*,*,#8821,.T.);
#8821 = EDGE_CURVE('',#8814,#8657,#8822,.T.);
#8822 = LINE('',#8823,#8824);
#8823 = CARTESIAN_POINT('',(9.198936903048E-02,-9.913946036316E-02,
    -3.35801063097));
#8824 = VECTOR('',#8825,1.);
#8825 = DIRECTION('',(0.544770019249,-0.63753529491,0.544770019249));
#8826 = ORIENTED_EDGE('',*,*,#8656,.T.);
#8827 = ORIENTED_EDGE('',*,*,#8139,.F.);
#8828 = ORIENTED_EDGE('',*,*,#8745,.F.);
#8829 = PLANE('',#8830);
#8830 = AXIS2_PLACEMENT_3D('',#8831,#8832,#8833);
#8831 = CARTESIAN_POINT('',(0.15,0.25,-3.3));
#8832 = DIRECTION('',(0.707106781187,-8.486018839685E-17,-0.707106781187
    ));
#8833 = DIRECTION('',(1.212375546256E-16,1.,1.227125289196E-18));
#8834 = ADVANCED_FACE('',(#8835),#8846,.T.);
#8835 = FACE_BOUND('',#8836,.F.);
#8836 = EDGE_LOOP('',(#8837,#8838,#8844,#8845));
#8837 = ORIENTED_EDGE('',*,*,#8342,.F.);
#8838 = ORIENTED_EDGE('',*,*,#8839,.T.);
#8839 = EDGE_CURVE('',#8335,#8450,#8840,.T.);
#8840 = LINE('',#8841,#8842);
#8841 = CARTESIAN_POINT('',(4.25,-5.E-02,-3.4));
#8842 = VECTOR('',#8843,1.);
#8843 = DIRECTION('',(-1.,1.224646799147E-16,0.));
#8844 = ORIENTED_EDGE('',*,*,#8457,.T.);
#8845 = ORIENTED_EDGE('',*,*,#8300,.F.);
#8846 = PLANE('',#8847);
#8847 = AXIS2_PLACEMENT_3D('',#8848,#8849,#8850);
#8848 = CARTESIAN_POINT('',(4.25,-0.165596257347,-3.301223703467));
#8849 = DIRECTION('',(-8.302774088379E-17,-0.64962967394,-0.760250805153
    ));
#8850 = DIRECTION('',(1.,-1.247195775152E-16,-2.638869166629E-18));
#8851 = ADVANCED_FACE('',(#8852),#8863,.T.);
#8852 = FACE_BOUND('',#8853,.T.);
#8853 = EDGE_LOOP('',(#8854,#8855,#8861,#8862));
#8854 = ORIENTED_EDGE('',*,*,#8324,.F.);
#8855 = ORIENTED_EDGE('',*,*,#8856,.T.);
#8856 = EDGE_CURVE('',#8325,#8442,#8857,.T.);
#8857 = LINE('',#8858,#8859);
#8858 = CARTESIAN_POINT('',(4.25,5.E-02,-3.4));
#8859 = VECTOR('',#8860,1.);
#8860 = DIRECTION('',(-1.,1.224646799147E-16,0.));
#8861 = ORIENTED_EDGE('',*,*,#8441,.T.);
#8862 = ORIENTED_EDGE('',*,*,#8380,.F.);
#8863 = PLANE('',#8864);
#8864 = AXIS2_PLACEMENT_3D('',#8865,#8866,#8867);
#8865 = CARTESIAN_POINT('',(4.25,0.134403742653,-3.301223703467));
#8866 = DIRECTION('',(9.136856246232E-17,0.760250805153,-0.64962967394)
  );
#8867 = DIRECTION('',(-1.,1.211454098155E-16,1.127308249542E-18));
#8868 = ADVANCED_FACE('',(#8869),#8875,.F.);
#8869 = FACE_BOUND('',#8870,.F.);
#8870 = EDGE_LOOP('',(#8871,#8872,#8873,#8874));
#8871 = ORIENTED_EDGE('',*,*,#8856,.T.);
#8872 = ORIENTED_EDGE('',*,*,#8449,.T.);
#8873 = ORIENTED_EDGE('',*,*,#8839,.F.);
#8874 = ORIENTED_EDGE('',*,*,#8334,.F.);
#8875 = PLANE('',#8876);
#8876 = AXIS2_PLACEMENT_3D('',#8877,#8878,#8879);
#8877 = CARTESIAN_POINT('',(4.25,0.25,-3.4));
#8878 = DIRECTION('',(0.,0.,1.));
#8879 = DIRECTION('',(-1.224646799147E-16,-1.,0.));
#8880 = ADVANCED_FACE('',(#8881),#8892,.T.);
#8881 = FACE_BOUND('',#8882,.F.);
#8882 = EDGE_LOOP('',(#8883,#8884,#8890,#8891));
#8883 = ORIENTED_EDGE('',*,*,#8589,.F.);
#8884 = ORIENTED_EDGE('',*,*,#8885,.T.);
#8885 = EDGE_CURVE('',#8582,#8517,#8886,.T.);
#8886 = LINE('',#8887,#8888);
#8887 = CARTESIAN_POINT('',(2.25,-5.E-02,-3.4));
#8888 = VECTOR('',#8889,1.);
#8889 = DIRECTION('',(-1.,1.224646799147E-16,0.));
#8890 = ORIENTED_EDGE('',*,*,#8524,.T.);
#8891 = ORIENTED_EDGE('',*,*,#8492,.F.);
#8892 = PLANE('',#8893);
#8893 = AXIS2_PLACEMENT_3D('',#8894,#8895,#8896);
#8894 = CARTESIAN_POINT('',(2.25,-0.15,-3.3));
#8895 = DIRECTION('',(-8.486018839685E-17,-0.707106781187,
    -0.707106781187));
#8896 = DIRECTION('',(1.,-1.212375546256E-16,1.227125289196E-18));
#8897 = ADVANCED_FACE('',(#8898),#8909,.T.);
#8898 = FACE_BOUND('',#8899,.T.);
#8899 = EDGE_LOOP('',(#8900,#8901,#8907,#8908));
#8900 = ORIENTED_EDGE('',*,*,#8573,.F.);
#8901 = ORIENTED_EDGE('',*,*,#8902,.T.);
#8902 = EDGE_CURVE('',#8574,#8509,#8903,.T.);
#8903 = LINE('',#8904,#8905);
#8904 = CARTESIAN_POINT('',(2.25,5.E-02,-3.4));
#8905 = VECTOR('',#8906,1.);
#8906 = DIRECTION('',(-1.,1.224646799147E-16,0.));
#8907 = ORIENTED_EDGE('',*,*,#8508,.T.);
#8908 = ORIENTED_EDGE('',*,*,#8547,.F.);
#8909 = PLANE('',#8910);
#8910 = AXIS2_PLACEMENT_3D('',#8911,#8912,#8913);
#8911 = CARTESIAN_POINT('',(2.25,0.15,-3.3));
#8912 = DIRECTION('',(8.486018839685E-17,0.707106781187,-0.707106781187)
  );
#8913 = DIRECTION('',(-1.,1.212375546256E-16,1.227125289196E-18));
#8914 = ADVANCED_FACE('',(#8915),#8921,.F.);
#8915 = FACE_BOUND('',#8916,.F.);
#8916 = EDGE_LOOP('',(#8917,#8918,#8919,#8920));
#8917 = ORIENTED_EDGE('',*,*,#8902,.T.);
#8918 = ORIENTED_EDGE('',*,*,#8516,.T.);
#8919 = ORIENTED_EDGE('',*,*,#8885,.F.);
#8920 = ORIENTED_EDGE('',*,*,#8581,.F.);
#8921 = PLANE('',#8922);
#8922 = AXIS2_PLACEMENT_3D('',#8923,#8924,#8925);
#8923 = CARTESIAN_POINT('',(2.25,0.25,-3.4));
#8924 = DIRECTION('',(0.,0.,1.));
#8925 = DIRECTION('',(-1.224646799147E-16,-1.,0.));
#8926 = ADVANCED_FACE('',(#8927),#8938,.T.);
#8927 = FACE_BOUND('',#8928,.F.);
#8928 = EDGE_LOOP('',(#8929,#8930,#8936,#8937));
#8929 = ORIENTED_EDGE('',*,*,#8821,.F.);
#8930 = ORIENTED_EDGE('',*,*,#8931,.T.);
#8931 = EDGE_CURVE('',#8814,#8699,#8932,.T.);
#8932 = LINE('',#8933,#8934);
#8933 = CARTESIAN_POINT('',(0.25,-5.E-02,-3.4));
#8934 = VECTOR('',#8935,1.);
#8935 = DIRECTION('',(-1.,1.224646799147E-16,0.));
#8936 = ORIENTED_EDGE('',*,*,#8706,.T.);
#8937 = ORIENTED_EDGE('',*,*,#8664,.F.);
#8938 = PLANE('',#8939);
#8939 = AXIS2_PLACEMENT_3D('',#8940,#8941,#8942);
#8940 = CARTESIAN_POINT('',(0.25,-0.165596257347,-3.301223703467));
#8941 = DIRECTION('',(-8.302774088379E-17,-0.64962967394,-0.760250805153
    ));
#8942 = DIRECTION('',(1.,-1.247195775152E-16,-2.638869166629E-18));
#8943 = ADVANCED_FACE('',(#8944),#8955,.T.);
#8944 = FACE_BOUND('',#8945,.T.);
#8945 = EDGE_LOOP('',(#8946,#8947,#8953,#8954));
#8946 = ORIENTED_EDGE('',*,*,#8805,.F.);
#8947 = ORIENTED_EDGE('',*,*,#8948,.T.);
#8948 = EDGE_CURVE('',#8806,#8689,#8949,.T.);
#8949 = LINE('',#8950,#8951);
#8950 = CARTESIAN_POINT('',(0.25,5.E-02,-3.4));
#8951 = VECTOR('',#8952,1.);
#8952 = DIRECTION('',(-1.,1.224646799147E-16,0.));
#8953 = ORIENTED_EDGE('',*,*,#8688,.T.);
#8954 = ORIENTED_EDGE('',*,*,#8737,.F.);
#8955 = PLANE('',#8956);
#8956 = AXIS2_PLACEMENT_3D('',#8957,#8958,#8959);
#8957 = CARTESIAN_POINT('',(0.25,0.134403742653,-3.301223703467));
#8958 = DIRECTION('',(9.136856246232E-17,0.760250805153,-0.64962967394)
  );
#8959 = DIRECTION('',(-1.,1.211454098155E-16,1.127308249542E-18));
#8960 = ADVANCED_FACE('',(#8961),#8967,.F.);
#8961 = FACE_BOUND('',#8962,.F.);
#8962 = EDGE_LOOP('',(#8963,#8964,#8965,#8966));
#8963 = ORIENTED_EDGE('',*,*,#8948,.T.);
#8964 = ORIENTED_EDGE('',*,*,#8698,.T.);
#8965 = ORIENTED_EDGE('',*,*,#8931,.F.);
#8966 = ORIENTED_EDGE('',*,*,#8813,.F.);
#8967 = PLANE('',#8968);
#8968 = AXIS2_PLACEMENT_3D('',#8969,#8970,#8971);
#8969 = CARTESIAN_POINT('',(0.25,0.25,-3.4));
#8970 = DIRECTION('',(0.,0.,1.));
#8971 = DIRECTION('',(-1.224646799147E-16,-1.,0.));
#8972 = ( GEOMETRIC_REPRESENTATION_CONTEXT(3) 
GLOBAL_UNCERTAINTY_ASSIGNED_CONTEXT((#8976)) 
GLOBAL_UNIT_ASSIGNED_CONTEXT((#8973,#8974,#8975)) REPRESENTATION_CONTEXT
('Context #1','3D Context with UNIT and UNCERTAINTY') );
#8973 = ( LENGTH_UNIT() NAMED_UNIT(*) SI_UNIT(.MILLI.,.METRE.) );
#8974 = ( NAMED_UNIT(*) PLANE_ANGLE_UNIT() SI_UNIT($,.RADIAN.) );
#8975 = ( NAMED_UNIT(*) SI_UNIT($,.STERADIAN.) SOLID_ANGLE_UNIT() );
#8976 = UNCERTAINTY_MEASURE_WITH_UNIT(LENGTH_MEASURE(1.E-07),#8973,
  'distance_accuracy_value','confusion accuracy');
#8977 = CONTEXT_DEPENDENT_SHAPE_REPRESENTATION(#8978,#8980);
#8978 = ( REPRESENTATION_RELATIONSHIP('','',#4535,#10) 
REPRESENTATION_RELATIONSHIP_WITH_TRANSFORMATION(#8979) 
SHAPE_REPRESENTATION_RELATIONSHIP() );
#8979 = ITEM_DEFINED_TRANSFORMATION('','',#11,#19);
#8980 = PRODUCT_DEFINITION_SHAPE('Placement','Placement of an item',
  #8981);
#8981 = NEXT_ASSEMBLY_USAGE_OCCURRENCE('2','J1','',#5,#4530,$);
#8982 = PRODUCT_RELATED_PRODUCT_CATEGORY('part',$,(#4532));
#8983 = SHAPE_DEFINITION_REPRESENTATION(#8984,#8990);
#8984 = PRODUCT_DEFINITION_SHAPE('','',#8985);
#8985 = PRODUCT_DEFINITION('design','',#8986,#8989);
#8986 = PRODUCT_DEFINITION_FORMATION('','',#8987);
#8987 = PRODUCT('R_0603_1608Metric','R_0603_1608Metric','',(#8988));
#8988 = PRODUCT_CONTEXT('',#2,'mechanical');
#8989 = PRODUCT_DEFINITION_CONTEXT('part definition',#2,'design');
#8990 = ADVANCED_BREP_SHAPE_REPRESENTATION('',(#11,#8991),#9781);
#8991 = MANIFOLD_SOLID_BREP('',#8992);
#8992 = CLOSED_SHELL('',(#8993,#9033,#9116,#9141,#9166,#9233,#9250,#9267
    ,#9316,#9333,#9350,#9399,#9416,#9485,#9516,#9540,#9609,#9633,#9650,
    #9667,#9684,#9701,#9718,#9735,#9752,#9769));
#8993 = ADVANCED_FACE('',(#8994),#9028,.F.);
#8994 = FACE_BOUND('',#8995,.F.);
#8995 = EDGE_LOOP('',(#8996,#9006,#9014,#9022));
#8996 = ORIENTED_EDGE('',*,*,#8997,.F.);
#8997 = EDGE_CURVE('',#8998,#9000,#9002,.T.);
#8998 = VERTEX_POINT('',#8999);
#8999 = CARTESIAN_POINT('',(-0.8,-0.4,4.5E-02));
#9000 = VERTEX_POINT('',#9001);
#9001 = CARTESIAN_POINT('',(-0.8,-0.4,0.405));
#9002 = LINE('',#9003,#9004);
#9003 = CARTESIAN_POINT('',(-0.8,-0.4,0.));
#9004 = VECTOR('',#9005,1.);
#9005 = DIRECTION('',(0.,0.,1.));
#9006 = ORIENTED_EDGE('',*,*,#9007,.T.);
#9007 = EDGE_CURVE('',#8998,#9008,#9010,.T.);
#9008 = VERTEX_POINT('',#9009);
#9009 = CARTESIAN_POINT('',(-0.8,0.4,4.5E-02));
#9010 = LINE('',#9011,#9012);
#9011 = CARTESIAN_POINT('',(-0.8,-0.4,4.5E-02));
#9012 = VECTOR('',#9013,1.);
#9013 = DIRECTION('',(0.,1.,0.));
#9014 = ORIENTED_EDGE('',*,*,#9015,.T.);
#9015 = EDGE_CURVE('',#9008,#9016,#9018,.T.);
#9016 = VERTEX_POINT('',#9017);
#9017 = CARTESIAN_POINT('',(-0.8,0.4,0.405));
#9018 = LINE('',#9019,#9020);
#9019 = CARTESIAN_POINT('',(-0.8,0.4,0.));
#9020 = VECTOR('',#9021,1.);
#9021 = DIRECTION('',(0.,0.,1.));
#9022 = ORIENTED_EDGE('',*,*,#9023,.F.);
#9023 = EDGE_CURVE('',#9000,#9016,#9024,.T.);
#9024 = LINE('',#9025,#9026);
#9025 = CARTESIAN_POINT('',(-0.8,-0.4,0.405));
#9026 = VECTOR('',#9027,1.);
#9027 = DIRECTION('',(0.,1.,0.));
#9028 = PLANE('',#9029);
#9029 = AXIS2_PLACEMENT_3D('',#9030,#9031,#9032);
#9030 = CARTESIAN_POINT('',(-0.8,-0.4,0.));
#9031 = DIRECTION('',(1.,0.,0.));
#9032 = DIRECTION('',(0.,0.,1.));
#9033 = ADVANCED_FACE('',(#9034),#9111,.F.);
#9034 = FACE_BOUND('',#9035,.F.);
#9035 = EDGE_LOOP('',(#9036,#9046,#9053,#9054,#9063,#9071,#9080,#9088,
    #9096,#9104));
#9036 = ORIENTED_EDGE('',*,*,#9037,.F.);
#9037 = EDGE_CURVE('',#9038,#9040,#9042,.T.);
#9038 = VERTEX_POINT('',#9039);
#9039 = CARTESIAN_POINT('',(-0.755,-0.4,-2.775557561563E-17));
#9040 = VERTEX_POINT('',#9041);
#9041 = CARTESIAN_POINT('',(-0.545,-0.4,-2.775557561563E-17));
#9042 = LINE('',#9043,#9044);
#9043 = CARTESIAN_POINT('',(-0.8,-0.4,0.));
#9044 = VECTOR('',#9045,1.);
#9045 = DIRECTION('',(1.,0.,0.));
#9046 = ORIENTED_EDGE('',*,*,#9047,.F.);
#9047 = EDGE_CURVE('',#8998,#9038,#9048,.T.);
#9048 = CIRCLE('',#9049,4.5E-02);
#9049 = AXIS2_PLACEMENT_3D('',#9050,#9051,#9052);
#9050 = CARTESIAN_POINT('',(-0.755,-0.4,4.5E-02));
#9051 = DIRECTION('',(0.,-1.,0.));
#9052 = DIRECTION('',(0.,0.,1.));
#9053 = ORIENTED_EDGE('',*,*,#8997,.T.);
#9054 = ORIENTED_EDGE('',*,*,#9055,.T.);
#9055 = EDGE_CURVE('',#9000,#9056,#9058,.T.);
#9056 = VERTEX_POINT('',#9057);
#9057 = CARTESIAN_POINT('',(-0.755,-0.4,0.45));
#9058 = CIRCLE('',#9059,4.5E-02);
#9059 = AXIS2_PLACEMENT_3D('',#9060,#9061,#9062);
#9060 = CARTESIAN_POINT('',(-0.755,-0.4,0.405));
#9061 = DIRECTION('',(0.,1.,0.));
#9062 = DIRECTION('',(0.,-0.,1.));
#9063 = ORIENTED_EDGE('',*,*,#9064,.T.);
#9064 = EDGE_CURVE('',#9056,#9065,#9067,.T.);
#9065 = VERTEX_POINT('',#9066);
#9066 = CARTESIAN_POINT('',(-0.545,-0.4,0.45));
#9067 = LINE('',#9068,#9069);
#9068 = CARTESIAN_POINT('',(-0.8,-0.4,0.45));
#9069 = VECTOR('',#9070,1.);
#9070 = DIRECTION('',(1.,0.,0.));
#9071 = ORIENTED_EDGE('',*,*,#9072,.F.);
#9072 = EDGE_CURVE('',#9073,#9065,#9075,.T.);
#9073 = VERTEX_POINT('',#9074);
#9074 = CARTESIAN_POINT('',(-0.5,-0.4,0.405));
#9075 = CIRCLE('',#9076,4.5E-02);
#9076 = AXIS2_PLACEMENT_3D('',#9077,#9078,#9079);
#9077 = CARTESIAN_POINT('',(-0.545,-0.4,0.405));
#9078 = DIRECTION('',(0.,-1.,0.));
#9079 = DIRECTION('',(0.,0.,1.));
#9080 = ORIENTED_EDGE('',*,*,#9081,.F.);
#9081 = EDGE_CURVE('',#9082,#9073,#9084,.T.);
#9082 = VERTEX_POINT('',#9083);
#9083 = CARTESIAN_POINT('',(-0.755,-0.4,0.405));
#9084 = LINE('',#9085,#9086);
#9085 = CARTESIAN_POINT('',(-0.755,-0.4,0.405));
#9086 = VECTOR('',#9087,1.);
#9087 = DIRECTION('',(1.,0.,0.));
#9088 = ORIENTED_EDGE('',*,*,#9089,.F.);
#9089 = EDGE_CURVE('',#9090,#9082,#9092,.T.);
#9090 = VERTEX_POINT('',#9091);
#9091 = CARTESIAN_POINT('',(-0.755,-0.4,4.5E-02));
#9092 = LINE('',#9093,#9094);
#9093 = CARTESIAN_POINT('',(-0.755,-0.4,4.5E-02));
#9094 = VECTOR('',#9095,1.);
#9095 = DIRECTION('',(0.,0.,1.));
#9096 = ORIENTED_EDGE('',*,*,#9097,.T.);
#9097 = EDGE_CURVE('',#9090,#9098,#9100,.T.);
#9098 = VERTEX_POINT('',#9099);
#9099 = CARTESIAN_POINT('',(-0.5,-0.4,4.5E-02));
#9100 = LINE('',#9101,#9102);
#9101 = CARTESIAN_POINT('',(-0.755,-0.4,4.5E-02));
#9102 = VECTOR('',#9103,1.);
#9103 = DIRECTION('',(1.,0.,0.));
#9104 = ORIENTED_EDGE('',*,*,#9105,.T.);
#9105 = EDGE_CURVE('',#9098,#9040,#9106,.T.);
#9106 = CIRCLE('',#9107,4.5E-02);
#9107 = AXIS2_PLACEMENT_3D('',#9108,#9109,#9110);
#9108 = CARTESIAN_POINT('',(-0.545,-0.4,4.5E-02));
#9109 = DIRECTION('',(0.,1.,0.));
#9110 = DIRECTION('',(0.,-0.,1.));
#9111 = PLANE('',#9112);
#9112 = AXIS2_PLACEMENT_3D('',#9113,#9114,#9115);
#9113 = CARTESIAN_POINT('',(-0.8,-0.4,0.));
#9114 = DIRECTION('',(0.,1.,0.));
#9115 = DIRECTION('',(0.,-0.,1.));
#9116 = ADVANCED_FACE('',(#9117),#9136,.T.);
#9117 = FACE_BOUND('',#9118,.T.);
#9118 = EDGE_LOOP('',(#9119,#9120,#9129,#9135));
#9119 = ORIENTED_EDGE('',*,*,#9007,.T.);
#9120 = ORIENTED_EDGE('',*,*,#9121,.T.);
#9121 = EDGE_CURVE('',#9008,#9122,#9124,.T.);
#9122 = VERTEX_POINT('',#9123);
#9123 = CARTESIAN_POINT('',(-0.755,0.4,-2.775557561563E-17));
#9124 = CIRCLE('',#9125,4.5E-02);
#9125 = AXIS2_PLACEMENT_3D('',#9126,#9127,#9128);
#9126 = CARTESIAN_POINT('',(-0.755,0.4,4.5E-02));
#9127 = DIRECTION('',(0.,-1.,0.));
#9128 = DIRECTION('',(0.,0.,1.));
#9129 = ORIENTED_EDGE('',*,*,#9130,.F.);
#9130 = EDGE_CURVE('',#9038,#9122,#9131,.T.);
#9131 = LINE('',#9132,#9133);
#9132 = CARTESIAN_POINT('',(-0.755,-0.4,-2.775557561563E-17));
#9133 = VECTOR('',#9134,1.);
#9134 = DIRECTION('',(0.,1.,0.));
#9135 = ORIENTED_EDGE('',*,*,#9047,.F.);
#9136 = CYLINDRICAL_SURFACE('',#9137,4.5E-02);
#9137 = AXIS2_PLACEMENT_3D('',#9138,#9139,#9140);
#9138 = CARTESIAN_POINT('',(-0.755,-0.4,4.5E-02));
#9139 = DIRECTION('',(0.,1.,0.));
#9140 = DIRECTION('',(-1.,0.,0.));
#9141 = ADVANCED_FACE('',(#9142),#9161,.T.);
#9142 = FACE_BOUND('',#9143,.T.);
#9143 = EDGE_LOOP('',(#9144,#9145,#9153,#9160));
#9144 = ORIENTED_EDGE('',*,*,#9055,.T.);
#9145 = ORIENTED_EDGE('',*,*,#9146,.T.);
#9146 = EDGE_CURVE('',#9056,#9147,#9149,.T.);
#9147 = VERTEX_POINT('',#9148);
#9148 = CARTESIAN_POINT('',(-0.755,0.4,0.45));
#9149 = LINE('',#9150,#9151);
#9150 = CARTESIAN_POINT('',(-0.755,-0.4,0.45));
#9151 = VECTOR('',#9152,1.);
#9152 = DIRECTION('',(0.,1.,0.));
#9153 = ORIENTED_EDGE('',*,*,#9154,.F.);
#9154 = EDGE_CURVE('',#9016,#9147,#9155,.T.);
#9155 = CIRCLE('',#9156,4.5E-02);
#9156 = AXIS2_PLACEMENT_3D('',#9157,#9158,#9159);
#9157 = CARTESIAN_POINT('',(-0.755,0.4,0.405));
#9158 = DIRECTION('',(0.,1.,0.));
#9159 = DIRECTION('',(0.,-0.,1.));
#9160 = ORIENTED_EDGE('',*,*,#9023,.F.);
#9161 = CYLINDRICAL_SURFACE('',#9162,4.5E-02);
#9162 = AXIS2_PLACEMENT_3D('',#9163,#9164,#9165);
#9163 = CARTESIAN_POINT('',(-0.755,-0.4,0.405));
#9164 = DIRECTION('',(0.,1.,0.));
#9165 = DIRECTION('',(-1.,0.,0.));
#9166 = ADVANCED_FACE('',(#9167),#9228,.T.);
#9167 = FACE_BOUND('',#9168,.T.);
#9168 = EDGE_LOOP('',(#9169,#9177,#9178,#9179,#9180,#9188,#9197,#9205,
    #9213,#9221));
#9169 = ORIENTED_EDGE('',*,*,#9170,.F.);
#9170 = EDGE_CURVE('',#9122,#9171,#9173,.T.);
#9171 = VERTEX_POINT('',#9172);
#9172 = CARTESIAN_POINT('',(-0.545,0.4,-2.775557561563E-17));
#9173 = LINE('',#9174,#9175);
#9174 = CARTESIAN_POINT('',(-0.8,0.4,0.));
#9175 = VECTOR('',#9176,1.);
#9176 = DIRECTION('',(1.,0.,0.));
#9177 = ORIENTED_EDGE('',*,*,#9121,.F.);
#9178 = ORIENTED_EDGE('',*,*,#9015,.T.);
#9179 = ORIENTED_EDGE('',*,*,#9154,.T.);
#9180 = ORIENTED_EDGE('',*,*,#9181,.T.);
#9181 = EDGE_CURVE('',#9147,#9182,#9184,.T.);
#9182 = VERTEX_POINT('',#9183);
#9183 = CARTESIAN_POINT('',(-0.545,0.4,0.45));
#9184 = LINE('',#9185,#9186);
#9185 = CARTESIAN_POINT('',(-0.8,0.4,0.45));
#9186 = VECTOR('',#9187,1.);
#9187 = DIRECTION('',(1.,0.,0.));
#9188 = ORIENTED_EDGE('',*,*,#9189,.F.);
#9189 = EDGE_CURVE('',#9190,#9182,#9192,.T.);
#9190 = VERTEX_POINT('',#9191);
#9191 = CARTESIAN_POINT('',(-0.5,0.4,0.405));
#9192 = CIRCLE('',#9193,4.5E-02);
#9193 = AXIS2_PLACEMENT_3D('',#9194,#9195,#9196);
#9194 = CARTESIAN_POINT('',(-0.545,0.4,0.405));
#9195 = DIRECTION('',(0.,-1.,0.));
#9196 = DIRECTION('',(0.,0.,1.));
#9197 = ORIENTED_EDGE('',*,*,#9198,.F.);
#9198 = EDGE_CURVE('',#9199,#9190,#9201,.T.);
#9199 = VERTEX_POINT('',#9200);
#9200 = CARTESIAN_POINT('',(-0.755,0.4,0.405));
#9201 = LINE('',#9202,#9203);
#9202 = CARTESIAN_POINT('',(-0.755,0.4,0.405));
#9203 = VECTOR('',#9204,1.);
#9204 = DIRECTION('',(1.,0.,0.));
#9205 = ORIENTED_EDGE('',*,*,#9206,.F.);
#9206 = EDGE_CURVE('',#9207,#9199,#9209,.T.);
#9207 = VERTEX_POINT('',#9208);
#9208 = CARTESIAN_POINT('',(-0.755,0.4,4.5E-02));
#9209 = LINE('',#9210,#9211);
#9210 = CARTESIAN_POINT('',(-0.755,0.4,4.5E-02));
#9211 = VECTOR('',#9212,1.);
#9212 = DIRECTION('',(0.,0.,1.));
#9213 = ORIENTED_EDGE('',*,*,#9214,.T.);
#9214 = EDGE_CURVE('',#9207,#9215,#9217,.T.);
#9215 = VERTEX_POINT('',#9216);
#9216 = CARTESIAN_POINT('',(-0.5,0.4,4.5E-02));
#9217 = LINE('',#9218,#9219);
#9218 = CARTESIAN_POINT('',(-0.755,0.4,4.5E-02));
#9219 = VECTOR('',#9220,1.);
#9220 = DIRECTION('',(1.,0.,0.));
#9221 = ORIENTED_EDGE('',*,*,#9222,.T.);
#9222 = EDGE_CURVE('',#9215,#9171,#9223,.T.);
#9223 = CIRCLE('',#9224,4.5E-02);
#9224 = AXIS2_PLACEMENT_3D('',#9225,#9226,#9227);
#9225 = CARTESIAN_POINT('',(-0.545,0.4,4.5E-02));
#9226 = DIRECTION('',(0.,1.,0.));
#9227 = DIRECTION('',(0.,-0.,1.));
#9228 = PLANE('',#9229);
#9229 = AXIS2_PLACEMENT_3D('',#9230,#9231,#9232);
#9230 = CARTESIAN_POINT('',(-0.8,0.4,0.));
#9231 = DIRECTION('',(0.,1.,0.));
#9232 = DIRECTION('',(0.,-0.,1.));
#9233 = ADVANCED_FACE('',(#9234),#9245,.F.);
#9234 = FACE_BOUND('',#9235,.F.);
#9235 = EDGE_LOOP('',(#9236,#9237,#9238,#9239));
#9236 = ORIENTED_EDGE('',*,*,#9170,.F.);
#9237 = ORIENTED_EDGE('',*,*,#9130,.F.);
#9238 = ORIENTED_EDGE('',*,*,#9037,.T.);
#9239 = ORIENTED_EDGE('',*,*,#9240,.T.);
#9240 = EDGE_CURVE('',#9040,#9171,#9241,.T.);
#9241 = LINE('',#9242,#9243);
#9242 = CARTESIAN_POINT('',(-0.545,-0.4,-2.775557561563E-17));
#9243 = VECTOR('',#9244,1.);
#9244 = DIRECTION('',(0.,1.,0.));
#9245 = PLANE('',#9246);
#9246 = AXIS2_PLACEMENT_3D('',#9247,#9248,#9249);
#9247 = CARTESIAN_POINT('',(-0.8,-0.4,0.));
#9248 = DIRECTION('',(0.,0.,1.));
#9249 = DIRECTION('',(1.,0.,-0.));
#9250 = ADVANCED_FACE('',(#9251),#9262,.T.);
#9251 = FACE_BOUND('',#9252,.T.);
#9252 = EDGE_LOOP('',(#9253,#9254,#9255,#9256));
#9253 = ORIENTED_EDGE('',*,*,#9105,.T.);
#9254 = ORIENTED_EDGE('',*,*,#9240,.T.);
#9255 = ORIENTED_EDGE('',*,*,#9222,.F.);
#9256 = ORIENTED_EDGE('',*,*,#9257,.F.);
#9257 = EDGE_CURVE('',#9098,#9215,#9258,.T.);
#9258 = LINE('',#9259,#9260);
#9259 = CARTESIAN_POINT('',(-0.5,-0.4,4.5E-02));
#9260 = VECTOR('',#9261,1.);
#9261 = DIRECTION('',(0.,1.,0.));
#9262 = CYLINDRICAL_SURFACE('',#9263,4.5E-02);
#9263 = AXIS2_PLACEMENT_3D('',#9264,#9265,#9266);
#9264 = CARTESIAN_POINT('',(-0.545,-0.4,4.5E-02));
#9265 = DIRECTION('',(0.,1.,0.));
#9266 = DIRECTION('',(1.,0.,0.));
#9267 = ADVANCED_FACE('',(#9268),#9311,.F.);
#9268 = FACE_BOUND('',#9269,.F.);
#9269 = EDGE_LOOP('',(#9270,#9271,#9272,#9273,#9281,#9289,#9297,#9305));
#9270 = ORIENTED_EDGE('',*,*,#9097,.F.);
#9271 = ORIENTED_EDGE('',*,*,#9089,.T.);
#9272 = ORIENTED_EDGE('',*,*,#9081,.T.);
#9273 = ORIENTED_EDGE('',*,*,#9274,.T.);
#9274 = EDGE_CURVE('',#9073,#9275,#9277,.T.);
#9275 = VERTEX_POINT('',#9276);
#9276 = CARTESIAN_POINT('',(0.5,-0.4,0.405));
#9277 = LINE('',#9278,#9279);
#9278 = CARTESIAN_POINT('',(-0.5,-0.4,0.405));
#9279 = VECTOR('',#9280,1.);
#9280 = DIRECTION('',(1.,0.,0.));
#9281 = ORIENTED_EDGE('',*,*,#9282,.T.);
#9282 = EDGE_CURVE('',#9275,#9283,#9285,.T.);
#9283 = VERTEX_POINT('',#9284);
#9284 = CARTESIAN_POINT('',(0.755,-0.4,0.405));
#9285 = LINE('',#9286,#9287);
#9286 = CARTESIAN_POINT('',(-0.755,-0.4,0.405));
#9287 = VECTOR('',#9288,1.);
#9288 = DIRECTION('',(1.,0.,0.));
#9289 = ORIENTED_EDGE('',*,*,#9290,.F.);
#9290 = EDGE_CURVE('',#9291,#9283,#9293,.T.);
#9291 = VERTEX_POINT('',#9292);
#9292 = CARTESIAN_POINT('',(0.755,-0.4,4.5E-02));
#9293 = LINE('',#9294,#9295);
#9294 = CARTESIAN_POINT('',(0.755,-0.4,4.5E-02));
#9295 = VECTOR('',#9296,1.);
#9296 = DIRECTION('',(0.,0.,1.));
#9297 = ORIENTED_EDGE('',*,*,#9298,.F.);
#9298 = EDGE_CURVE('',#9299,#9291,#9301,.T.);
#9299 = VERTEX_POINT('',#9300);
#9300 = CARTESIAN_POINT('',(0.5,-0.4,4.5E-02));
#9301 = LINE('',#9302,#9303);
#9302 = CARTESIAN_POINT('',(-0.755,-0.4,4.5E-02));
#9303 = VECTOR('',#9304,1.);
#9304 = DIRECTION('',(1.,0.,0.));
#9305 = ORIENTED_EDGE('',*,*,#9306,.F.);
#9306 = EDGE_CURVE('',#9098,#9299,#9307,.T.);
#9307 = LINE('',#9308,#9309);
#9308 = CARTESIAN_POINT('',(-0.755,-0.4,4.5E-02));
#9309 = VECTOR('',#9310,1.);
#9310 = DIRECTION('',(1.,0.,0.));
#9311 = PLANE('',#9312);
#9312 = AXIS2_PLACEMENT_3D('',#9313,#9314,#9315);
#9313 = CARTESIAN_POINT('',(-0.755,-0.4,4.5E-02));
#9314 = DIRECTION('',(0.,1.,0.));
#9315 = DIRECTION('',(0.,-0.,1.));
#9316 = ADVANCED_FACE('',(#9317),#9328,.T.);
#9317 = FACE_BOUND('',#9318,.T.);
#9318 = EDGE_LOOP('',(#9319,#9320,#9321,#9322));
#9319 = ORIENTED_EDGE('',*,*,#9181,.F.);
#9320 = ORIENTED_EDGE('',*,*,#9146,.F.);
#9321 = ORIENTED_EDGE('',*,*,#9064,.T.);
#9322 = ORIENTED_EDGE('',*,*,#9323,.T.);
#9323 = EDGE_CURVE('',#9065,#9182,#9324,.T.);
#9324 = LINE('',#9325,#9326);
#9325 = CARTESIAN_POINT('',(-0.545,-0.4,0.45));
#9326 = VECTOR('',#9327,1.);
#9327 = DIRECTION('',(0.,1.,0.));
#9328 = PLANE('',#9329);
#9329 = AXIS2_PLACEMENT_3D('',#9330,#9331,#9332);
#9330 = CARTESIAN_POINT('',(-0.8,-0.4,0.45));
#9331 = DIRECTION('',(0.,0.,1.));
#9332 = DIRECTION('',(1.,0.,-0.));
#9333 = ADVANCED_FACE('',(#9334),#9345,.T.);
#9334 = FACE_BOUND('',#9335,.T.);
#9335 = EDGE_LOOP('',(#9336,#9342,#9343,#9344));
#9336 = ORIENTED_EDGE('',*,*,#9337,.T.);
#9337 = EDGE_CURVE('',#9073,#9190,#9338,.T.);
#9338 = LINE('',#9339,#9340);
#9339 = CARTESIAN_POINT('',(-0.5,-0.4,0.405));
#9340 = VECTOR('',#9341,1.);
#9341 = DIRECTION('',(0.,1.,0.));
#9342 = ORIENTED_EDGE('',*,*,#9189,.T.);
#9343 = ORIENTED_EDGE('',*,*,#9323,.F.);
#9344 = ORIENTED_EDGE('',*,*,#9072,.F.);
#9345 = CYLINDRICAL_SURFACE('',#9346,4.5E-02);
#9346 = AXIS2_PLACEMENT_3D('',#9347,#9348,#9349);
#9347 = CARTESIAN_POINT('',(-0.545,-0.4,0.405));
#9348 = DIRECTION('',(0.,1.,0.));
#9349 = DIRECTION('',(1.,0.,0.));
#9350 = ADVANCED_FACE('',(#9351),#9394,.T.);
#9351 = FACE_BOUND('',#9352,.T.);
#9352 = EDGE_LOOP('',(#9353,#9354,#9355,#9356,#9364,#9372,#9380,#9388));
#9353 = ORIENTED_EDGE('',*,*,#9214,.F.);
#9354 = ORIENTED_EDGE('',*,*,#9206,.T.);
#9355 = ORIENTED_EDGE('',*,*,#9198,.T.);
#9356 = ORIENTED_EDGE('',*,*,#9357,.T.);
#9357 = EDGE_CURVE('',#9190,#9358,#9360,.T.);
#9358 = VERTEX_POINT('',#9359);
#9359 = CARTESIAN_POINT('',(0.5,0.4,0.405));
#9360 = LINE('',#9361,#9362);
#9361 = CARTESIAN_POINT('',(-0.5,0.4,0.405));
#9362 = VECTOR('',#9363,1.);
#9363 = DIRECTION('',(1.,0.,0.));
#9364 = ORIENTED_EDGE('',*,*,#9365,.T.);
#9365 = EDGE_CURVE('',#9358,#9366,#9368,.T.);
#9366 = VERTEX_POINT('',#9367);
#9367 = CARTESIAN_POINT('',(0.755,0.4,0.405));
#9368 = LINE('',#9369,#9370);
#9369 = CARTESIAN_POINT('',(-0.755,0.4,0.405));
#9370 = VECTOR('',#9371,1.);
#9371 = DIRECTION('',(1.,0.,0.));
#9372 = ORIENTED_EDGE('',*,*,#9373,.F.);
#9373 = EDGE_CURVE('',#9374,#9366,#9376,.T.);
#9374 = VERTEX_POINT('',#9375);
#9375 = CARTESIAN_POINT('',(0.755,0.4,4.5E-02));
#9376 = LINE('',#9377,#9378);
#9377 = CARTESIAN_POINT('',(0.755,0.4,4.5E-02));
#9378 = VECTOR('',#9379,1.);
#9379 = DIRECTION('',(0.,0.,1.));
#9380 = ORIENTED_EDGE('',*,*,#9381,.F.);
#9381 = EDGE_CURVE('',#9382,#9374,#9384,.T.);
#9382 = VERTEX_POINT('',#9383);
#9383 = CARTESIAN_POINT('',(0.5,0.4,4.5E-02));
#9384 = LINE('',#9385,#9386);
#9385 = CARTESIAN_POINT('',(-0.755,0.4,4.5E-02));
#9386 = VECTOR('',#9387,1.);
#9387 = DIRECTION('',(1.,0.,0.));
#9388 = ORIENTED_EDGE('',*,*,#9389,.F.);
#9389 = EDGE_CURVE('',#9215,#9382,#9390,.T.);
#9390 = LINE('',#9391,#9392);
#9391 = CARTESIAN_POINT('',(-0.755,0.4,4.5E-02));
#9392 = VECTOR('',#9393,1.);
#9393 = DIRECTION('',(1.,0.,0.));
#9394 = PLANE('',#9395);
#9395 = AXIS2_PLACEMENT_3D('',#9396,#9397,#9398);
#9396 = CARTESIAN_POINT('',(-0.755,0.4,4.5E-02));
#9397 = DIRECTION('',(0.,1.,0.));
#9398 = DIRECTION('',(0.,-0.,1.));
#9399 = ADVANCED_FACE('',(#9400),#9411,.F.);
#9400 = FACE_BOUND('',#9401,.F.);
#9401 = EDGE_LOOP('',(#9402,#9403,#9404,#9410));
#9402 = ORIENTED_EDGE('',*,*,#9257,.F.);
#9403 = ORIENTED_EDGE('',*,*,#9306,.T.);
#9404 = ORIENTED_EDGE('',*,*,#9405,.T.);
#9405 = EDGE_CURVE('',#9299,#9382,#9406,.T.);
#9406 = LINE('',#9407,#9408);
#9407 = CARTESIAN_POINT('',(0.5,-0.4,4.5E-02));
#9408 = VECTOR('',#9409,1.);
#9409 = DIRECTION('',(0.,1.,0.));
#9410 = ORIENTED_EDGE('',*,*,#9389,.F.);
#9411 = PLANE('',#9412);
#9412 = AXIS2_PLACEMENT_3D('',#9413,#9414,#9415);
#9413 = CARTESIAN_POINT('',(-0.755,-0.4,4.5E-02));
#9414 = DIRECTION('',(0.,0.,1.));
#9415 = DIRECTION('',(1.,0.,-0.));
#9416 = ADVANCED_FACE('',(#9417),#9480,.F.);
#9417 = FACE_BOUND('',#9418,.F.);
#9418 = EDGE_LOOP('',(#9419,#9429,#9436,#9437,#9438,#9439,#9448,#9456,
    #9465,#9473));
#9419 = ORIENTED_EDGE('',*,*,#9420,.F.);
#9420 = EDGE_CURVE('',#9421,#9423,#9425,.T.);
#9421 = VERTEX_POINT('',#9422);
#9422 = CARTESIAN_POINT('',(0.545,-0.4,-2.775557561563E-17));
#9423 = VERTEX_POINT('',#9424);
#9424 = CARTESIAN_POINT('',(0.755,-0.4,-2.775557561563E-17));
#9425 = LINE('',#9426,#9427);
#9426 = CARTESIAN_POINT('',(0.5,-0.4,0.));
#9427 = VECTOR('',#9428,1.);
#9428 = DIRECTION('',(1.,0.,0.));
#9429 = ORIENTED_EDGE('',*,*,#9430,.F.);
#9430 = EDGE_CURVE('',#9299,#9421,#9431,.T.);
#9431 = CIRCLE('',#9432,4.5E-02);
#9432 = AXIS2_PLACEMENT_3D('',#9433,#9434,#9435);
#9433 = CARTESIAN_POINT('',(0.545,-0.4,4.5E-02));
#9434 = DIRECTION('',(0.,-1.,0.));
#9435 = DIRECTION('',(0.,0.,1.));
#9436 = ORIENTED_EDGE('',*,*,#9298,.T.);
#9437 = ORIENTED_EDGE('',*,*,#9290,.T.);
#9438 = ORIENTED_EDGE('',*,*,#9282,.F.);
#9439 = ORIENTED_EDGE('',*,*,#9440,.T.);
#9440 = EDGE_CURVE('',#9275,#9441,#9443,.T.);
#9441 = VERTEX_POINT('',#9442);
#9442 = CARTESIAN_POINT('',(0.545,-0.4,0.45));
#9443 = CIRCLE('',#9444,4.5E-02);
#9444 = AXIS2_PLACEMENT_3D('',#9445,#9446,#9447);
#9445 = CARTESIAN_POINT('',(0.545,-0.4,0.405));
#9446 = DIRECTION('',(0.,1.,0.));
#9447 = DIRECTION('',(0.,-0.,1.));
#9448 = ORIENTED_EDGE('',*,*,#9449,.T.);
#9449 = EDGE_CURVE('',#9441,#9450,#9452,.T.);
#9450 = VERTEX_POINT('',#9451);
#9451 = CARTESIAN_POINT('',(0.755,-0.4,0.45));
#9452 = LINE('',#9453,#9454);
#9453 = CARTESIAN_POINT('',(0.5,-0.4,0.45));
#9454 = VECTOR('',#9455,1.);
#9455 = DIRECTION('',(1.,0.,0.));
#9456 = ORIENTED_EDGE('',*,*,#9457,.F.);
#9457 = EDGE_CURVE('',#9458,#9450,#9460,.T.);
#9458 = VERTEX_POINT('',#9459);
#9459 = CARTESIAN_POINT('',(0.8,-0.4,0.405));
#9460 = CIRCLE('',#9461,4.5E-02);
#9461 = AXIS2_PLACEMENT_3D('',#9462,#9463,#9464);
#9462 = CARTESIAN_POINT('',(0.755,-0.4,0.405));
#9463 = DIRECTION('',(0.,-1.,0.));
#9464 = DIRECTION('',(0.,0.,1.));
#9465 = ORIENTED_EDGE('',*,*,#9466,.F.);
#9466 = EDGE_CURVE('',#9467,#9458,#9469,.T.);
#9467 = VERTEX_POINT('',#9468);
#9468 = CARTESIAN_POINT('',(0.8,-0.4,4.5E-02));
#9469 = LINE('',#9470,#9471);
#9470 = CARTESIAN_POINT('',(0.8,-0.4,0.));
#9471 = VECTOR('',#9472,1.);
#9472 = DIRECTION('',(0.,0.,1.));
#9473 = ORIENTED_EDGE('',*,*,#9474,.T.);
#9474 = EDGE_CURVE('',#9467,#9423,#9475,.T.);
#9475 = CIRCLE('',#9476,4.5E-02);
#9476 = AXIS2_PLACEMENT_3D('',#9477,#9478,#9479);
#9477 = CARTESIAN_POINT('',(0.755,-0.4,4.5E-02));
#9478 = DIRECTION('',(0.,1.,0.));
#9479 = DIRECTION('',(0.,-0.,1.));
#9480 = PLANE('',#9481);
#9481 = AXIS2_PLACEMENT_3D('',#9482,#9483,#9484);
#9482 = CARTESIAN_POINT('',(0.5,-0.4,0.));
#9483 = DIRECTION('',(0.,1.,0.));
#9484 = DIRECTION('',(0.,-0.,1.));
#9485 = ADVANCED_FACE('',(#9486),#9511,.F.);
#9486 = FACE_BOUND('',#9487,.F.);
#9487 = EDGE_LOOP('',(#9488,#9489,#9497,#9505));
#9488 = ORIENTED_EDGE('',*,*,#9274,.F.);
#9489 = ORIENTED_EDGE('',*,*,#9490,.T.);
#9490 = EDGE_CURVE('',#9073,#9491,#9493,.T.);
#9491 = VERTEX_POINT('',#9492);
#9492 = CARTESIAN_POINT('',(-0.5,-0.4,0.45));
#9493 = LINE('',#9494,#9495);
#9494 = CARTESIAN_POINT('',(-0.5,-0.4,0.405));
#9495 = VECTOR('',#9496,1.);
#9496 = DIRECTION('',(0.,0.,1.));
#9497 = ORIENTED_EDGE('',*,*,#9498,.T.);
#9498 = EDGE_CURVE('',#9491,#9499,#9501,.T.);
#9499 = VERTEX_POINT('',#9500);
#9500 = CARTESIAN_POINT('',(0.5,-0.4,0.45));
#9501 = LINE('',#9502,#9503);
#9502 = CARTESIAN_POINT('',(-0.5,-0.4,0.45));
#9503 = VECTOR('',#9504,1.);
#9504 = DIRECTION('',(1.,0.,0.));
#9505 = ORIENTED_EDGE('',*,*,#9506,.F.);
#9506 = EDGE_CURVE('',#9275,#9499,#9507,.T.);
#9507 = LINE('',#9508,#9509);
#9508 = CARTESIAN_POINT('',(0.5,-0.4,0.405));
#9509 = VECTOR('',#9510,1.);
#9510 = DIRECTION('',(0.,0.,1.));
#9511 = PLANE('',#9512);
#9512 = AXIS2_PLACEMENT_3D('',#9513,#9514,#9515);
#9513 = CARTESIAN_POINT('',(-0.5,-0.4,0.405));
#9514 = DIRECTION('',(0.,1.,0.));
#9515 = DIRECTION('',(0.,-0.,1.));
#9516 = ADVANCED_FACE('',(#9517),#9535,.F.);
#9517 = FACE_BOUND('',#9518,.F.);
#9518 = EDGE_LOOP('',(#9519,#9520,#9521,#9529));
#9519 = ORIENTED_EDGE('',*,*,#9490,.F.);
#9520 = ORIENTED_EDGE('',*,*,#9337,.T.);
#9521 = ORIENTED_EDGE('',*,*,#9522,.T.);
#9522 = EDGE_CURVE('',#9190,#9523,#9525,.T.);
#9523 = VERTEX_POINT('',#9524);
#9524 = CARTESIAN_POINT('',(-0.5,0.4,0.45));
#9525 = LINE('',#9526,#9527);
#9526 = CARTESIAN_POINT('',(-0.5,0.4,0.405));
#9527 = VECTOR('',#9528,1.);
#9528 = DIRECTION('',(0.,0.,1.));
#9529 = ORIENTED_EDGE('',*,*,#9530,.F.);
#9530 = EDGE_CURVE('',#9491,#9523,#9531,.T.);
#9531 = LINE('',#9532,#9533);
#9532 = CARTESIAN_POINT('',(-0.5,-0.4,0.45));
#9533 = VECTOR('',#9534,1.);
#9534 = DIRECTION('',(0.,1.,0.));
#9535 = PLANE('',#9536);
#9536 = AXIS2_PLACEMENT_3D('',#9537,#9538,#9539);
#9537 = CARTESIAN_POINT('',(-0.5,-0.4,0.405));
#9538 = DIRECTION('',(1.,0.,0.));
#9539 = DIRECTION('',(0.,0.,1.));
#9540 = ADVANCED_FACE('',(#9541),#9604,.T.);
#9541 = FACE_BOUND('',#9542,.T.);
#9542 = EDGE_LOOP('',(#9543,#9553,#9560,#9561,#9562,#9563,#9572,#9580,
    #9589,#9597));
#9543 = ORIENTED_EDGE('',*,*,#9544,.F.);
#9544 = EDGE_CURVE('',#9545,#9547,#9549,.T.);
#9545 = VERTEX_POINT('',#9546);
#9546 = CARTESIAN_POINT('',(0.545,0.4,-2.775557561563E-17));
#9547 = VERTEX_POINT('',#9548);
#9548 = CARTESIAN_POINT('',(0.755,0.4,-2.775557561563E-17));
#9549 = LINE('',#9550,#9551);
#9550 = CARTESIAN_POINT('',(0.5,0.4,0.));
#9551 = VECTOR('',#9552,1.);
#9552 = DIRECTION('',(1.,0.,0.));
#9553 = ORIENTED_EDGE('',*,*,#9554,.F.);
#9554 = EDGE_CURVE('',#9382,#9545,#9555,.T.);
#9555 = CIRCLE('',#9556,4.5E-02);
#9556 = AXIS2_PLACEMENT_3D('',#9557,#9558,#9559);
#9557 = CARTESIAN_POINT('',(0.545,0.4,4.5E-02));
#9558 = DIRECTION('',(0.,-1.,0.));
#9559 = DIRECTION('',(0.,0.,1.));
#9560 = ORIENTED_EDGE('',*,*,#9381,.T.);
#9561 = ORIENTED_EDGE('',*,*,#9373,.T.);
#9562 = ORIENTED_EDGE('',*,*,#9365,.F.);
#9563 = ORIENTED_EDGE('',*,*,#9564,.T.);
#9564 = EDGE_CURVE('',#9358,#9565,#9567,.T.);
#9565 = VERTEX_POINT('',#9566);
#9566 = CARTESIAN_POINT('',(0.545,0.4,0.45));
#9567 = CIRCLE('',#9568,4.5E-02);
#9568 = AXIS2_PLACEMENT_3D('',#9569,#9570,#9571);
#9569 = CARTESIAN_POINT('',(0.545,0.4,0.405));
#9570 = DIRECTION('',(0.,1.,0.));
#9571 = DIRECTION('',(0.,-0.,1.));
#9572 = ORIENTED_EDGE('',*,*,#9573,.T.);
#9573 = EDGE_CURVE('',#9565,#9574,#9576,.T.);
#9574 = VERTEX_POINT('',#9575);
#9575 = CARTESIAN_POINT('',(0.755,0.4,0.45));
#9576 = LINE('',#9577,#9578);
#9577 = CARTESIAN_POINT('',(0.5,0.4,0.45));
#9578 = VECTOR('',#9579,1.);
#9579 = DIRECTION('',(1.,0.,0.));
#9580 = ORIENTED_EDGE('',*,*,#9581,.F.);
#9581 = EDGE_CURVE('',#9582,#9574,#9584,.T.);
#9582 = VERTEX_POINT('',#9583);
#9583 = CARTESIAN_POINT('',(0.8,0.4,0.405));
#9584 = CIRCLE('',#9585,4.5E-02);
#9585 = AXIS2_PLACEMENT_3D('',#9586,#9587,#9588);
#9586 = CARTESIAN_POINT('',(0.755,0.4,0.405));
#9587 = DIRECTION('',(0.,-1.,0.));
#9588 = DIRECTION('',(0.,0.,1.));
#9589 = ORIENTED_EDGE('',*,*,#9590,.F.);
#9590 = EDGE_CURVE('',#9591,#9582,#9593,.T.);
#9591 = VERTEX_POINT('',#9592);
#9592 = CARTESIAN_POINT('',(0.8,0.4,4.5E-02));
#9593 = LINE('',#9594,#9595);
#9594 = CARTESIAN_POINT('',(0.8,0.4,0.));
#9595 = VECTOR('',#9596,1.);
#9596 = DIRECTION('',(0.,0.,1.));
#9597 = ORIENTED_EDGE('',*,*,#9598,.T.);
#9598 = EDGE_CURVE('',#9591,#9547,#9599,.T.);
#9599 = CIRCLE('',#9600,4.5E-02);
#9600 = AXIS2_PLACEMENT_3D('',#9601,#9602,#9603);
#9601 = CARTESIAN_POINT('',(0.755,0.4,4.5E-02));
#9602 = DIRECTION('',(0.,1.,0.));
#9603 = DIRECTION('',(0.,-0.,1.));
#9604 = PLANE('',#9605);
#9605 = AXIS2_PLACEMENT_3D('',#9606,#9607,#9608);
#9606 = CARTESIAN_POINT('',(0.5,0.4,0.));
#9607 = DIRECTION('',(0.,1.,0.));
#9608 = DIRECTION('',(0.,-0.,1.));
#9609 = ADVANCED_FACE('',(#9610),#9628,.T.);
#9610 = FACE_BOUND('',#9611,.T.);
#9611 = EDGE_LOOP('',(#9612,#9613,#9614,#9622));
#9612 = ORIENTED_EDGE('',*,*,#9357,.F.);
#9613 = ORIENTED_EDGE('',*,*,#9522,.T.);
#9614 = ORIENTED_EDGE('',*,*,#9615,.T.);
#9615 = EDGE_CURVE('',#9523,#9616,#9618,.T.);
#9616 = VERTEX_POINT('',#9617);
#9617 = CARTESIAN_POINT('',(0.5,0.4,0.45));
#9618 = LINE('',#9619,#9620);
#9619 = CARTESIAN_POINT('',(-0.5,0.4,0.45));
#9620 = VECTOR('',#9621,1.);
#9621 = DIRECTION('',(1.,0.,0.));
#9622 = ORIENTED_EDGE('',*,*,#9623,.F.);
#9623 = EDGE_CURVE('',#9358,#9616,#9624,.T.);
#9624 = LINE('',#9625,#9626);
#9625 = CARTESIAN_POINT('',(0.5,0.4,0.405));
#9626 = VECTOR('',#9627,1.);
#9627 = DIRECTION('',(0.,0.,1.));
#9628 = PLANE('',#9629);
#9629 = AXIS2_PLACEMENT_3D('',#9630,#9631,#9632);
#9630 = CARTESIAN_POINT('',(-0.5,0.4,0.405));
#9631 = DIRECTION('',(0.,1.,0.));
#9632 = DIRECTION('',(0.,-0.,1.));
#9633 = ADVANCED_FACE('',(#9634),#9645,.T.);
#9634 = FACE_BOUND('',#9635,.T.);
#9635 = EDGE_LOOP('',(#9636,#9637,#9638,#9644));
#9636 = ORIENTED_EDGE('',*,*,#9405,.T.);
#9637 = ORIENTED_EDGE('',*,*,#9554,.T.);
#9638 = ORIENTED_EDGE('',*,*,#9639,.F.);
#9639 = EDGE_CURVE('',#9421,#9545,#9640,.T.);
#9640 = LINE('',#9641,#9642);
#9641 = CARTESIAN_POINT('',(0.545,-0.4,-2.775557561563E-17));
#9642 = VECTOR('',#9643,1.);
#9643 = DIRECTION('',(0.,1.,0.));
#9644 = ORIENTED_EDGE('',*,*,#9430,.F.);
#9645 = CYLINDRICAL_SURFACE('',#9646,4.5E-02);
#9646 = AXIS2_PLACEMENT_3D('',#9647,#9648,#9649);
#9647 = CARTESIAN_POINT('',(0.545,-0.4,4.5E-02));
#9648 = DIRECTION('',(0.,1.,0.));
#9649 = DIRECTION('',(-1.,0.,0.));
#9650 = ADVANCED_FACE('',(#9651),#9662,.F.);
#9651 = FACE_BOUND('',#9652,.F.);
#9652 = EDGE_LOOP('',(#9653,#9654,#9655,#9656));
#9653 = ORIENTED_EDGE('',*,*,#9544,.F.);
#9654 = ORIENTED_EDGE('',*,*,#9639,.F.);
#9655 = ORIENTED_EDGE('',*,*,#9420,.T.);
#9656 = ORIENTED_EDGE('',*,*,#9657,.T.);
#9657 = EDGE_CURVE('',#9423,#9547,#9658,.T.);
#9658 = LINE('',#9659,#9660);
#9659 = CARTESIAN_POINT('',(0.755,-0.4,-2.775557561563E-17));
#9660 = VECTOR('',#9661,1.);
#9661 = DIRECTION('',(0.,1.,0.));
#9662 = PLANE('',#9663);
#9663 = AXIS2_PLACEMENT_3D('',#9664,#9665,#9666);
#9664 = CARTESIAN_POINT('',(0.5,-0.4,0.));
#9665 = DIRECTION('',(0.,0.,1.));
#9666 = DIRECTION('',(1.,0.,-0.));
#9667 = ADVANCED_FACE('',(#9668),#9679,.T.);
#9668 = FACE_BOUND('',#9669,.T.);
#9669 = EDGE_LOOP('',(#9670,#9671,#9672,#9673));
#9670 = ORIENTED_EDGE('',*,*,#9474,.T.);
#9671 = ORIENTED_EDGE('',*,*,#9657,.T.);
#9672 = ORIENTED_EDGE('',*,*,#9598,.F.);
#9673 = ORIENTED_EDGE('',*,*,#9674,.F.);
#9674 = EDGE_CURVE('',#9467,#9591,#9675,.T.);
#9675 = LINE('',#9676,#9677);
#9676 = CARTESIAN_POINT('',(0.8,-0.4,4.5E-02));
#9677 = VECTOR('',#9678,1.);
#9678 = DIRECTION('',(0.,1.,0.));
#9679 = CYLINDRICAL_SURFACE('',#9680,4.5E-02);
#9680 = AXIS2_PLACEMENT_3D('',#9681,#9682,#9683);
#9681 = CARTESIAN_POINT('',(0.755,-0.4,4.5E-02));
#9682 = DIRECTION('',(0.,1.,0.));
#9683 = DIRECTION('',(1.,0.,0.));
#9684 = ADVANCED_FACE('',(#9685),#9696,.T.);
#9685 = FACE_BOUND('',#9686,.T.);
#9686 = EDGE_LOOP('',(#9687,#9688,#9689,#9690));
#9687 = ORIENTED_EDGE('',*,*,#9466,.F.);
#9688 = ORIENTED_EDGE('',*,*,#9674,.T.);
#9689 = ORIENTED_EDGE('',*,*,#9590,.T.);
#9690 = ORIENTED_EDGE('',*,*,#9691,.F.);
#9691 = EDGE_CURVE('',#9458,#9582,#9692,.T.);
#9692 = LINE('',#9693,#9694);
#9693 = CARTESIAN_POINT('',(0.8,-0.4,0.405));
#9694 = VECTOR('',#9695,1.);
#9695 = DIRECTION('',(0.,1.,0.));
#9696 = PLANE('',#9697);
#9697 = AXIS2_PLACEMENT_3D('',#9698,#9699,#9700);
#9698 = CARTESIAN_POINT('',(0.8,-0.4,0.));
#9699 = DIRECTION('',(1.,0.,0.));
#9700 = DIRECTION('',(0.,0.,1.));
#9701 = ADVANCED_FACE('',(#9702),#9713,.T.);
#9702 = FACE_BOUND('',#9703,.T.);
#9703 = EDGE_LOOP('',(#9704,#9705,#9706,#9712));
#9704 = ORIENTED_EDGE('',*,*,#9691,.T.);
#9705 = ORIENTED_EDGE('',*,*,#9581,.T.);
#9706 = ORIENTED_EDGE('',*,*,#9707,.F.);
#9707 = EDGE_CURVE('',#9450,#9574,#9708,.T.);
#9708 = LINE('',#9709,#9710);
#9709 = CARTESIAN_POINT('',(0.755,-0.4,0.45));
#9710 = VECTOR('',#9711,1.);
#9711 = DIRECTION('',(0.,1.,0.));
#9712 = ORIENTED_EDGE('',*,*,#9457,.F.);
#9713 = CYLINDRICAL_SURFACE('',#9714,4.5E-02);
#9714 = AXIS2_PLACEMENT_3D('',#9715,#9716,#9717);
#9715 = CARTESIAN_POINT('',(0.755,-0.4,0.405));
#9716 = DIRECTION('',(0.,1.,0.));
#9717 = DIRECTION('',(1.,0.,0.));
#9718 = ADVANCED_FACE('',(#9719),#9730,.T.);
#9719 = FACE_BOUND('',#9720,.T.);
#9720 = EDGE_LOOP('',(#9721,#9722,#9728,#9729));
#9721 = ORIENTED_EDGE('',*,*,#9573,.F.);
#9722 = ORIENTED_EDGE('',*,*,#9723,.F.);
#9723 = EDGE_CURVE('',#9441,#9565,#9724,.T.);
#9724 = LINE('',#9725,#9726);
#9725 = CARTESIAN_POINT('',(0.545,-0.4,0.45));
#9726 = VECTOR('',#9727,1.);
#9727 = DIRECTION('',(0.,1.,0.));
#9728 = ORIENTED_EDGE('',*,*,#9449,.T.);
#9729 = ORIENTED_EDGE('',*,*,#9707,.T.);
#9730 = PLANE('',#9731);
#9731 = AXIS2_PLACEMENT_3D('',#9732,#9733,#9734);
#9732 = CARTESIAN_POINT('',(0.5,-0.4,0.45));
#9733 = DIRECTION('',(0.,0.,1.));
#9734 = DIRECTION('',(1.,0.,-0.));
#9735 = ADVANCED_FACE('',(#9736),#9747,.T.);
#9736 = FACE_BOUND('',#9737,.T.);
#9737 = EDGE_LOOP('',(#9738,#9739,#9740,#9741));
#9738 = ORIENTED_EDGE('',*,*,#9440,.T.);
#9739 = ORIENTED_EDGE('',*,*,#9723,.T.);
#9740 = ORIENTED_EDGE('',*,*,#9564,.F.);
#9741 = ORIENTED_EDGE('',*,*,#9742,.F.);
#9742 = EDGE_CURVE('',#9275,#9358,#9743,.T.);
#9743 = LINE('',#9744,#9745);
#9744 = CARTESIAN_POINT('',(0.5,-0.4,0.405));
#9745 = VECTOR('',#9746,1.);
#9746 = DIRECTION('',(0.,1.,0.));
#9747 = CYLINDRICAL_SURFACE('',#9748,4.5E-02);
#9748 = AXIS2_PLACEMENT_3D('',#9749,#9750,#9751);
#9749 = CARTESIAN_POINT('',(0.545,-0.4,0.405));
#9750 = DIRECTION('',(0.,1.,0.));
#9751 = DIRECTION('',(-1.,0.,0.));
#9752 = ADVANCED_FACE('',(#9753),#9764,.T.);
#9753 = FACE_BOUND('',#9754,.T.);
#9754 = EDGE_LOOP('',(#9755,#9756,#9757,#9758));
#9755 = ORIENTED_EDGE('',*,*,#9506,.F.);
#9756 = ORIENTED_EDGE('',*,*,#9742,.T.);
#9757 = ORIENTED_EDGE('',*,*,#9623,.T.);
#9758 = ORIENTED_EDGE('',*,*,#9759,.F.);
#9759 = EDGE_CURVE('',#9499,#9616,#9760,.T.);
#9760 = LINE('',#9761,#9762);
#9761 = CARTESIAN_POINT('',(0.5,-0.4,0.45));
#9762 = VECTOR('',#9763,1.);
#9763 = DIRECTION('',(0.,1.,0.));
#9764 = PLANE('',#9765);
#9765 = AXIS2_PLACEMENT_3D('',#9766,#9767,#9768);
#9766 = CARTESIAN_POINT('',(0.5,-0.4,0.405));
#9767 = DIRECTION('',(1.,0.,0.));
#9768 = DIRECTION('',(0.,0.,1.));
#9769 = ADVANCED_FACE('',(#9770),#9776,.T.);
#9770 = FACE_BOUND('',#9771,.T.);
#9771 = EDGE_LOOP('',(#9772,#9773,#9774,#9775));
#9772 = ORIENTED_EDGE('',*,*,#9530,.F.);
#9773 = ORIENTED_EDGE('',*,*,#9498,.T.);
#9774 = ORIENTED_EDGE('',*,*,#9759,.T.);
#9775 = ORIENTED_EDGE('',*,*,#9615,.F.);
#9776 = PLANE('',#9777);
#9777 = AXIS2_PLACEMENT_3D('',#9778,#9779,#9780);
#9778 = CARTESIAN_POINT('',(-0.5,-0.4,0.45));
#9779 = DIRECTION('',(0.,0.,1.));
#9780 = DIRECTION('',(1.,0.,-0.));
#9781 = ( GEOMETRIC_REPRESENTATION_CONTEXT(3) 
GLOBAL_UNCERTAINTY_ASSIGNED_CONTEXT((#9785)) 
GLOBAL_UNIT_ASSIGNED_CONTEXT((#9782,#9783,#9784)) REPRESENTATION_CONTEXT
('Context #1','3D Context with UNIT and UNCERTAINTY') );
#9782 = ( LENGTH_UNIT() NAMED_UNIT(*) SI_UNIT(.MILLI.,.METRE.) );
#9783 = ( NAMED_UNIT(*) PLANE_ANGLE_UNIT() SI_UNIT($,.RADIAN.) );
#9784 = ( NAMED_UNIT(*) SI_UNIT($,.STERADIAN.) SOLID_ANGLE_UNIT() );
#9785 = UNCERTAINTY_MEASURE_WITH_UNIT(LENGTH_MEASURE(1.E-07),#9782,
  'distance_accuracy_value','confusion accuracy');
#9786 = CONTEXT_DEPENDENT_SHAPE_REPRESENTATION(#9787,#9789);
#9787 = ( REPRESENTATION_RELATIONSHIP('','',#8990,#10) 
REPRESENTATION_RELATIONSHIP_WITH_TRANSFORMATION(#9788) 
SHAPE_REPRESENTATION_RELATIONSHIP() );
#9788 = ITEM_DEFINED_TRANSFORMATION('','',#11,#23);
#9789 = PRODUCT_DEFINITION_SHAPE('Placement','Placement of an item',
  #9790);
#9790 = NEXT_ASSEMBLY_USAGE_OCCURRENCE('3','R1','',#5,#8985,$);
#9791 = PRODUCT_RELATED_PRODUCT_CATEGORY('part',$,(#8987));
#9792 = SHAPE_DEFINITION_REPRESENTATION(#9793,#9799);
#9793 = PRODUCT_DEFINITION_SHAPE('','',#9794);
#9794 = PRODUCT_DEFINITION('design','',#9795,#9798);
#9795 = PRODUCT_DEFINITION_FORMATION('','',#9796);
#9796 = PRODUCT('C_0603_1608Metric','C_0603_1608Metric','',(#9797));
#9797 = PRODUCT_CONTEXT('',#2,'mechanical');
#9798 = PRODUCT_DEFINITION_CONTEXT('part definition',#2,'design');
#9799 = ADVANCED_BREP_SHAPE_REPRESENTATION('',(#11,#9800),#10654);
#9800 = MANIFOLD_SOLID_BREP('',#9801);
#9801 = CLOSED_SHELL('',(#9802,#9878,#9909,#9934,#9959,#9983,#10007,
    #10032,#10057,#10074,#10160,#10192,#10216,#10241,#10265,#10290,
    #10314,#10339,#10356,#10442,#10473,#10498,#10523,#10547,#10571,
    #10596,#10621,#10638));
#9802 = ADVANCED_FACE('',(#9803),#9873,.F.);
#9803 = FACE_BOUND('',#9804,.F.);
#9804 = EDGE_LOOP('',(#9805,#9815,#9824,#9832,#9841,#9849,#9858,#9866));
#9805 = ORIENTED_EDGE('',*,*,#9806,.F.);
#9806 = EDGE_CURVE('',#9807,#9809,#9811,.T.);
#9807 = VERTEX_POINT('',#9808);
#9808 = CARTESIAN_POINT('',(-0.8,-0.4,3.E-02));
#9809 = VERTEX_POINT('',#9810);
#9810 = CARTESIAN_POINT('',(-0.8,-0.4,0.77));
#9811 = LINE('',#9812,#9813);
#9812 = CARTESIAN_POINT('',(-0.8,-0.4,0.));
#9813 = VECTOR('',#9814,1.);
#9814 = DIRECTION('',(0.,0.,1.));
#9815 = ORIENTED_EDGE('',*,*,#9816,.T.);
#9816 = EDGE_CURVE('',#9807,#9817,#9819,.T.);
#9817 = VERTEX_POINT('',#9818);
#9818 = CARTESIAN_POINT('',(-0.8,-0.37,0.));
#9819 = CIRCLE('',#9820,3.E-02);
#9820 = AXIS2_PLACEMENT_3D('',#9821,#9822,#9823);
#9821 = CARTESIAN_POINT('',(-0.8,-0.37,3.E-02));
#9822 = DIRECTION('',(1.,0.,-0.));
#9823 = DIRECTION('',(0.,0.,1.));
#9824 = ORIENTED_EDGE('',*,*,#9825,.T.);
#9825 = EDGE_CURVE('',#9817,#9826,#9828,.T.);
#9826 = VERTEX_POINT('',#9827);
#9827 = CARTESIAN_POINT('',(-0.8,0.37,0.));
#9828 = LINE('',#9829,#9830);
#9829 = CARTESIAN_POINT('',(-0.8,-0.4,0.));
#9830 = VECTOR('',#9831,1.);
#9831 = DIRECTION('',(0.,1.,0.));
#9832 = ORIENTED_EDGE('',*,*,#9833,.F.);
#9833 = EDGE_CURVE('',#9834,#9826,#9836,.T.);
#9834 = VERTEX_POINT('',#9835);
#9835 = CARTESIAN_POINT('',(-0.8,0.4,3.E-02));
#9836 = CIRCLE('',#9837,3.E-02);
#9837 = AXIS2_PLACEMENT_3D('',#9838,#9839,#9840);
#9838 = CARTESIAN_POINT('',(-0.8,0.37,3.E-02));
#9839 = DIRECTION('',(-1.,0.,0.));
#9840 = DIRECTION('',(0.,0.,1.));
#9841 = ORIENTED_EDGE('',*,*,#9842,.T.);
#9842 = EDGE_CURVE('',#9834,#9843,#9845,.T.);
#9843 = VERTEX_POINT('',#9844);
#9844 = CARTESIAN_POINT('',(-0.8,0.4,0.77));
#9845 = LINE('',#9846,#9847);
#9846 = CARTESIAN_POINT('',(-0.8,0.4,0.));
#9847 = VECTOR('',#9848,1.);
#9848 = DIRECTION('',(0.,0.,1.));
#9849 = ORIENTED_EDGE('',*,*,#9850,.T.);
#9850 = EDGE_CURVE('',#9843,#9851,#9853,.T.);
#9851 = VERTEX_POINT('',#9852);
#9852 = CARTESIAN_POINT('',(-0.8,0.37,0.8));
#9853 = CIRCLE('',#9854,3.E-02);
#9854 = AXIS2_PLACEMENT_3D('',#9855,#9856,#9857);
#9855 = CARTESIAN_POINT('',(-0.8,0.37,0.77));
#9856 = DIRECTION('',(1.,0.,-0.));
#9857 = DIRECTION('',(0.,0.,1.));
#9858 = ORIENTED_EDGE('',*,*,#9859,.F.);
#9859 = EDGE_CURVE('',#9860,#9851,#9862,.T.);
#9860 = VERTEX_POINT('',#9861);
#9861 = CARTESIAN_POINT('',(-0.8,-0.37,0.8));
#9862 = LINE('',#9863,#9864);
#9863 = CARTESIAN_POINT('',(-0.8,-0.4,0.8));
#9864 = VECTOR('',#9865,1.);
#9865 = DIRECTION('',(0.,1.,0.));
#9866 = ORIENTED_EDGE('',*,*,#9867,.F.);
#9867 = EDGE_CURVE('',#9809,#9860,#9868,.T.);
#9868 = CIRCLE('',#9869,3.E-02);
#9869 = AXIS2_PLACEMENT_3D('',#9870,#9871,#9872);
#9870 = CARTESIAN_POINT('',(-0.8,-0.37,0.77));
#9871 = DIRECTION('',(-1.,0.,0.));
#9872 = DIRECTION('',(0.,0.,1.));
#9873 = PLANE('',#9874);
#9874 = AXIS2_PLACEMENT_3D('',#9875,#9876,#9877);
#9875 = CARTESIAN_POINT('',(-0.8,-0.4,0.));
#9876 = DIRECTION('',(1.,0.,0.));
#9877 = DIRECTION('',(0.,0.,1.));
#9878 = ADVANCED_FACE('',(#9879),#9904,.F.);
#9879 = FACE_BOUND('',#9880,.F.);
#9880 = EDGE_LOOP('',(#9881,#9891,#9897,#9898));
#9881 = ORIENTED_EDGE('',*,*,#9882,.F.);
#9882 = EDGE_CURVE('',#9883,#9885,#9887,.T.);
#9883 = VERTEX_POINT('',#9884);
#9884 = CARTESIAN_POINT('',(-0.5,-0.4,3.E-02));
#9885 = VERTEX_POINT('',#9886);
#9886 = CARTESIAN_POINT('',(-0.5,-0.4,0.77));
#9887 = LINE('',#9888,#9889);
#9888 = CARTESIAN_POINT('',(-0.5,-0.4,0.));
#9889 = VECTOR('',#9890,1.);
#9890 = DIRECTION('',(0.,0.,1.));
#9891 = ORIENTED_EDGE('',*,*,#9892,.F.);
#9892 = EDGE_CURVE('',#9807,#9883,#9893,.T.);
#9893 = LINE('',#9894,#9895);
#9894 = CARTESIAN_POINT('',(-0.8,-0.4,3.E-02));
#9895 = VECTOR('',#9896,1.);
#9896 = DIRECTION('',(1.,0.,0.));
#9897 = ORIENTED_EDGE('',*,*,#9806,.T.);
#9898 = ORIENTED_EDGE('',*,*,#9899,.T.);
#9899 = EDGE_CURVE('',#9809,#9885,#9900,.T.);
#9900 = LINE('',#9901,#9902);
#9901 = CARTESIAN_POINT('',(-0.8,-0.4,0.77));
#9902 = VECTOR('',#9903,1.);
#9903 = DIRECTION('',(1.,0.,0.));
#9904 = PLANE('',#9905);
#9905 = AXIS2_PLACEMENT_3D('',#9906,#9907,#9908);
#9906 = CARTESIAN_POINT('',(-0.8,-0.4,0.));
#9907 = DIRECTION('',(0.,1.,0.));
#9908 = DIRECTION('',(0.,-0.,1.));
#9909 = ADVANCED_FACE('',(#9910),#9929,.T.);
#9910 = FACE_BOUND('',#9911,.T.);
#9911 = EDGE_LOOP('',(#9912,#9913,#9921,#9928));
#9912 = ORIENTED_EDGE('',*,*,#9816,.T.);
#9913 = ORIENTED_EDGE('',*,*,#9914,.T.);
#9914 = EDGE_CURVE('',#9817,#9915,#9917,.T.);
#9915 = VERTEX_POINT('',#9916);
#9916 = CARTESIAN_POINT('',(-0.5,-0.37,0.));
#9917 = LINE('',#9918,#9919);
#9918 = CARTESIAN_POINT('',(-0.8,-0.37,0.));
#9919 = VECTOR('',#9920,1.);
#9920 = DIRECTION('',(1.,0.,0.));
#9921 = ORIENTED_EDGE('',*,*,#9922,.F.);
#9922 = EDGE_CURVE('',#9883,#9915,#9923,.T.);
#9923 = CIRCLE('',#9924,3.E-02);
#9924 = AXIS2_PLACEMENT_3D('',#9925,#9926,#9927);
#9925 = CARTESIAN_POINT('',(-0.5,-0.37,3.E-02));
#9926 = DIRECTION('',(1.,0.,-0.));
#9927 = DIRECTION('',(0.,0.,1.));
#9928 = ORIENTED_EDGE('',*,*,#9892,.F.);
#9929 = CYLINDRICAL_SURFACE('',#9930,3.E-02);
#9930 = AXIS2_PLACEMENT_3D('',#9931,#9932,#9933);
#9931 = CARTESIAN_POINT('',(-0.8,-0.37,3.E-02));
#9932 = DIRECTION('',(1.,0.,0.));
#9933 = DIRECTION('',(0.,-1.,0.));
#9934 = ADVANCED_FACE('',(#9935),#9954,.T.);
#9935 = FACE_BOUND('',#9936,.T.);
#9936 = EDGE_LOOP('',(#9937,#9938,#9947,#9953));
#9937 = ORIENTED_EDGE('',*,*,#9899,.T.);
#9938 = ORIENTED_EDGE('',*,*,#9939,.T.);
#9939 = EDGE_CURVE('',#9885,#9940,#9942,.T.);
#9940 = VERTEX_POINT('',#9941);
#9941 = CARTESIAN_POINT('',(-0.5,-0.37,0.8));
#9942 = CIRCLE('',#9943,3.E-02);
#9943 = AXIS2_PLACEMENT_3D('',#9944,#9945,#9946);
#9944 = CARTESIAN_POINT('',(-0.5,-0.37,0.77));
#9945 = DIRECTION('',(-1.,0.,0.));
#9946 = DIRECTION('',(0.,0.,1.));
#9947 = ORIENTED_EDGE('',*,*,#9948,.F.);
#9948 = EDGE_CURVE('',#9860,#9940,#9949,.T.);
#9949 = LINE('',#9950,#9951);
#9950 = CARTESIAN_POINT('',(-0.8,-0.37,0.8));
#9951 = VECTOR('',#9952,1.);
#9952 = DIRECTION('',(1.,0.,0.));
#9953 = ORIENTED_EDGE('',*,*,#9867,.F.);
#9954 = CYLINDRICAL_SURFACE('',#9955,3.E-02);
#9955 = AXIS2_PLACEMENT_3D('',#9956,#9957,#9958);
#9956 = CARTESIAN_POINT('',(-0.8,-0.37,0.77));
#9957 = DIRECTION('',(1.,0.,0.));
#9958 = DIRECTION('',(0.,-1.,0.));
#9959 = ADVANCED_FACE('',(#9960),#9978,.F.);
#9960 = FACE_BOUND('',#9961,.F.);
#9961 = EDGE_LOOP('',(#9962,#9963,#9964,#9972));
#9962 = ORIENTED_EDGE('',*,*,#9825,.F.);
#9963 = ORIENTED_EDGE('',*,*,#9914,.T.);
#9964 = ORIENTED_EDGE('',*,*,#9965,.T.);
#9965 = EDGE_CURVE('',#9915,#9966,#9968,.T.);
#9966 = VERTEX_POINT('',#9967);
#9967 = CARTESIAN_POINT('',(-0.5,0.37,0.));
#9968 = LINE('',#9969,#9970);
#9969 = CARTESIAN_POINT('',(-0.5,-0.4,0.));
#9970 = VECTOR('',#9971,1.);
#9971 = DIRECTION('',(0.,1.,0.));
#9972 = ORIENTED_EDGE('',*,*,#9973,.F.);
#9973 = EDGE_CURVE('',#9826,#9966,#9974,.T.);
#9974 = LINE('',#9975,#9976);
#9975 = CARTESIAN_POINT('',(-0.8,0.37,0.));
#9976 = VECTOR('',#9977,1.);
#9977 = DIRECTION('',(1.,0.,0.));
#9978 = PLANE('',#9979);
#9979 = AXIS2_PLACEMENT_3D('',#9980,#9981,#9982);
#9980 = CARTESIAN_POINT('',(-0.8,-0.4,0.));
#9981 = DIRECTION('',(0.,0.,1.));
#9982 = DIRECTION('',(1.,0.,-0.));
#9983 = ADVANCED_FACE('',(#9984),#10002,.T.);
#9984 = FACE_BOUND('',#9985,.T.);
#9985 = EDGE_LOOP('',(#9986,#9987,#9988,#9996));
#9986 = ORIENTED_EDGE('',*,*,#9859,.F.);
#9987 = ORIENTED_EDGE('',*,*,#9948,.T.);
#9988 = ORIENTED_EDGE('',*,*,#9989,.T.);
#9989 = EDGE_CURVE('',#9940,#9990,#9992,.T.);
#9990 = VERTEX_POINT('',#9991);
#9991 = CARTESIAN_POINT('',(-0.5,0.37,0.8));
#9992 = LINE('',#9993,#9994);
#9993 = CARTESIAN_POINT('',(-0.5,-0.4,0.8));
#9994 = VECTOR('',#9995,1.);
#9995 = DIRECTION('',(0.,1.,0.));
#9996 = ORIENTED_EDGE('',*,*,#9997,.F.);
#9997 = EDGE_CURVE('',#9851,#9990,#9998,.T.);
#9998 = LINE('',#9999,#10000);
#9999 = CARTESIAN_POINT('',(-0.8,0.37,0.8));
#10000 = VECTOR('',#10001,1.);
#10001 = DIRECTION('',(1.,0.,0.));
#10002 = PLANE('',#10003);
#10003 = AXIS2_PLACEMENT_3D('',#10004,#10005,#10006);
#10004 = CARTESIAN_POINT('',(-0.8,-0.4,0.8));
#10005 = DIRECTION('',(0.,0.,1.));
#10006 = DIRECTION('',(1.,0.,-0.));
#10007 = ADVANCED_FACE('',(#10008),#10027,.T.);
#10008 = FACE_BOUND('',#10009,.T.);
#10009 = EDGE_LOOP('',(#10010,#10018,#10025,#10026));
#10010 = ORIENTED_EDGE('',*,*,#10011,.T.);
#10011 = EDGE_CURVE('',#9834,#10012,#10014,.T.);
#10012 = VERTEX_POINT('',#10013);
#10013 = CARTESIAN_POINT('',(-0.5,0.4,3.E-02));
#10014 = LINE('',#10015,#10016);
#10015 = CARTESIAN_POINT('',(-0.8,0.4,3.E-02));
#10016 = VECTOR('',#10017,1.);
#10017 = DIRECTION('',(1.,0.,0.));
#10018 = ORIENTED_EDGE('',*,*,#10019,.T.);
#10019 = EDGE_CURVE('',#10012,#9966,#10020,.T.);
#10020 = CIRCLE('',#10021,3.E-02);
#10021 = AXIS2_PLACEMENT_3D('',#10022,#10023,#10024);
#10022 = CARTESIAN_POINT('',(-0.5,0.37,3.E-02));
#10023 = DIRECTION('',(-1.,0.,0.));
#10024 = DIRECTION('',(0.,0.,1.));
#10025 = ORIENTED_EDGE('',*,*,#9973,.F.);
#10026 = ORIENTED_EDGE('',*,*,#9833,.F.);
#10027 = CYLINDRICAL_SURFACE('',#10028,3.E-02);
#10028 = AXIS2_PLACEMENT_3D('',#10029,#10030,#10031);
#10029 = CARTESIAN_POINT('',(-0.8,0.37,3.E-02));
#10030 = DIRECTION('',(1.,0.,0.));
#10031 = DIRECTION('',(-0.,1.,0.));
#10032 = ADVANCED_FACE('',(#10033),#10052,.T.);
#10033 = FACE_BOUND('',#10034,.T.);
#10034 = EDGE_LOOP('',(#10035,#10036,#10037,#10046));
#10035 = ORIENTED_EDGE('',*,*,#9850,.T.);
#10036 = ORIENTED_EDGE('',*,*,#9997,.T.);
#10037 = ORIENTED_EDGE('',*,*,#10038,.F.);
#10038 = EDGE_CURVE('',#10039,#9990,#10041,.T.);
#10039 = VERTEX_POINT('',#10040);
#10040 = CARTESIAN_POINT('',(-0.5,0.4,0.77));
#10041 = CIRCLE('',#10042,3.E-02);
#10042 = AXIS2_PLACEMENT_3D('',#10043,#10044,#10045);
#10043 = CARTESIAN_POINT('',(-0.5,0.37,0.77));
#10044 = DIRECTION('',(1.,0.,-0.));
#10045 = DIRECTION('',(0.,0.,1.));
#10046 = ORIENTED_EDGE('',*,*,#10047,.F.);
#10047 = EDGE_CURVE('',#9843,#10039,#10048,.T.);
#10048 = LINE('',#10049,#10050);
#10049 = CARTESIAN_POINT('',(-0.8,0.4,0.77));
#10050 = VECTOR('',#10051,1.);
#10051 = DIRECTION('',(1.,0.,0.));
#10052 = CYLINDRICAL_SURFACE('',#10053,3.E-02);
#10053 = AXIS2_PLACEMENT_3D('',#10054,#10055,#10056);
#10054 = CARTESIAN_POINT('',(-0.8,0.37,0.77));
#10055 = DIRECTION('',(1.,0.,0.));
#10056 = DIRECTION('',(-0.,1.,0.));
#10057 = ADVANCED_FACE('',(#10058),#10069,.T.);
#10058 = FACE_BOUND('',#10059,.T.);
#10059 = EDGE_LOOP('',(#10060,#10066,#10067,#10068));
#10060 = ORIENTED_EDGE('',*,*,#10061,.F.);
#10061 = EDGE_CURVE('',#10012,#10039,#10062,.T.);
#10062 = LINE('',#10063,#10064);
#10063 = CARTESIAN_POINT('',(-0.5,0.4,0.));
#10064 = VECTOR('',#10065,1.);
#10065 = DIRECTION('',(0.,0.,1.));
#10066 = ORIENTED_EDGE('',*,*,#10011,.F.);
#10067 = ORIENTED_EDGE('',*,*,#9842,.T.);
#10068 = ORIENTED_EDGE('',*,*,#10047,.T.);
#10069 = PLANE('',#10070);
#10070 = AXIS2_PLACEMENT_3D('',#10071,#10072,#10073);
#10071 = CARTESIAN_POINT('',(-0.8,0.4,0.));
#10072 = DIRECTION('',(0.,1.,0.));
#10073 = DIRECTION('',(0.,-0.,1.));
#10074 = ADVANCED_FACE('',(#10075,#10085),#10155,.T.);
#10075 = FACE_BOUND('',#10076,.T.);
#10076 = EDGE_LOOP('',(#10077,#10078,#10079,#10080,#10081,#10082,#10083,
    #10084));
#10077 = ORIENTED_EDGE('',*,*,#9882,.F.);
#10078 = ORIENTED_EDGE('',*,*,#9922,.T.);
#10079 = ORIENTED_EDGE('',*,*,#9965,.T.);
#10080 = ORIENTED_EDGE('',*,*,#10019,.F.);
#10081 = ORIENTED_EDGE('',*,*,#10061,.T.);
#10082 = ORIENTED_EDGE('',*,*,#10038,.T.);
#10083 = ORIENTED_EDGE('',*,*,#9989,.F.);
#10084 = ORIENTED_EDGE('',*,*,#9939,.F.);
#10085 = FACE_BOUND('',#10086,.T.);
#10086 = EDGE_LOOP('',(#10087,#10098,#10106,#10115,#10123,#10132,#10140,
    #10149));
#10087 = ORIENTED_EDGE('',*,*,#10088,.F.);
#10088 = EDGE_CURVE('',#10089,#10091,#10093,.T.);
#10089 = VERTEX_POINT('',#10090);
#10090 = CARTESIAN_POINT('',(-0.5,-0.37,6.E-02));
#10091 = VERTEX_POINT('',#10092);
#10092 = CARTESIAN_POINT('',(-0.5,-0.34,3.E-02));
#10093 = CIRCLE('',#10094,3.E-02);
#10094 = AXIS2_PLACEMENT_3D('',#10095,#10096,#10097);
#10095 = CARTESIAN_POINT('',(-0.5,-0.34,6.E-02));
#10096 = DIRECTION('',(1.,0.,-0.));
#10097 = DIRECTION('',(0.,0.,1.));
#10098 = ORIENTED_EDGE('',*,*,#10099,.T.);
#10099 = EDGE_CURVE('',#10089,#10100,#10102,.T.);
#10100 = VERTEX_POINT('',#10101);
#10101 = CARTESIAN_POINT('',(-0.5,-0.37,0.74));
#10102 = LINE('',#10103,#10104);
#10103 = CARTESIAN_POINT('',(-0.5,-0.37,3.E-02));
#10104 = VECTOR('',#10105,1.);
#10105 = DIRECTION('',(0.,0.,1.));
#10106 = ORIENTED_EDGE('',*,*,#10107,.T.);
#10107 = EDGE_CURVE('',#10100,#10108,#10110,.T.);
#10108 = VERTEX_POINT('',#10109);
#10109 = CARTESIAN_POINT('',(-0.5,-0.34,0.77));
#10110 = CIRCLE('',#10111,3.E-02);
#10111 = AXIS2_PLACEMENT_3D('',#10112,#10113,#10114);
#10112 = CARTESIAN_POINT('',(-0.5,-0.34,0.74));
#10113 = DIRECTION('',(-1.,0.,0.));
#10114 = DIRECTION('',(0.,0.,1.));
#10115 = ORIENTED_EDGE('',*,*,#10116,.T.);
#10116 = EDGE_CURVE('',#10108,#10117,#10119,.T.);
#10117 = VERTEX_POINT('',#10118);
#10118 = CARTESIAN_POINT('',(-0.5,0.34,0.77));
#10119 = LINE('',#10120,#10121);
#10120 = CARTESIAN_POINT('',(-0.5,-0.37,0.77));
#10121 = VECTOR('',#10122,1.);
#10122 = DIRECTION('',(0.,1.,0.));
#10123 = ORIENTED_EDGE('',*,*,#10124,.F.);
#10124 = EDGE_CURVE('',#10125,#10117,#10127,.T.);
#10125 = VERTEX_POINT('',#10126);
#10126 = CARTESIAN_POINT('',(-0.5,0.37,0.74));
#10127 = CIRCLE('',#10128,3.E-02);
#10128 = AXIS2_PLACEMENT_3D('',#10129,#10130,#10131);
#10129 = CARTESIAN_POINT('',(-0.5,0.34,0.74));
#10130 = DIRECTION('',(1.,0.,-0.));
#10131 = DIRECTION('',(0.,0.,1.));
#10132 = ORIENTED_EDGE('',*,*,#10133,.F.);
#10133 = EDGE_CURVE('',#10134,#10125,#10136,.T.);
#10134 = VERTEX_POINT('',#10135);
#10135 = CARTESIAN_POINT('',(-0.5,0.37,6.E-02));
#10136 = LINE('',#10137,#10138);
#10137 = CARTESIAN_POINT('',(-0.5,0.37,3.E-02));
#10138 = VECTOR('',#10139,1.);
#10139 = DIRECTION('',(0.,0.,1.));
#10140 = ORIENTED_EDGE('',*,*,#10141,.T.);
#10141 = EDGE_CURVE('',#10134,#10142,#10144,.T.);
#10142 = VERTEX_POINT('',#10143);
#10143 = CARTESIAN_POINT('',(-0.5,0.34,3.E-02));
#10144 = CIRCLE('',#10145,3.E-02);
#10145 = AXIS2_PLACEMENT_3D('',#10146,#10147,#10148);
#10146 = CARTESIAN_POINT('',(-0.5,0.34,6.E-02));
#10147 = DIRECTION('',(-1.,0.,0.));
#10148 = DIRECTION('',(0.,0.,1.));
#10149 = ORIENTED_EDGE('',*,*,#10150,.F.);
#10150 = EDGE_CURVE('',#10091,#10142,#10151,.T.);
#10151 = LINE('',#10152,#10153);
#10152 = CARTESIAN_POINT('',(-0.5,-0.37,3.E-02));
#10153 = VECTOR('',#10154,1.);
#10154 = DIRECTION('',(0.,1.,0.));
#10155 = PLANE('',#10156);
#10156 = AXIS2_PLACEMENT_3D('',#10157,#10158,#10159);
#10157 = CARTESIAN_POINT('',(-0.5,-0.4,0.));
#10158 = DIRECTION('',(1.,0.,0.));
#10159 = DIRECTION('',(0.,0.,1.));
#10160 = ADVANCED_FACE('',(#10161),#10187,.T.);
#10161 = FACE_BOUND('',#10162,.T.);
#10162 = EDGE_LOOP('',(#10163,#10164,#10172,#10181));
#10163 = ORIENTED_EDGE('',*,*,#10088,.T.);
#10164 = ORIENTED_EDGE('',*,*,#10165,.T.);
#10165 = EDGE_CURVE('',#10091,#10166,#10168,.T.);
#10166 = VERTEX_POINT('',#10167);
#10167 = CARTESIAN_POINT('',(0.5,-0.34,3.E-02));
#10168 = LINE('',#10169,#10170);
#10169 = CARTESIAN_POINT('',(-0.5,-0.34,3.E-02));
#10170 = VECTOR('',#10171,1.);
#10171 = DIRECTION('',(1.,0.,0.));
#10172 = ORIENTED_EDGE('',*,*,#10173,.F.);
#10173 = EDGE_CURVE('',#10174,#10166,#10176,.T.);
#10174 = VERTEX_POINT('',#10175);
#10175 = CARTESIAN_POINT('',(0.5,-0.37,6.E-02));
#10176 = CIRCLE('',#10177,3.E-02);
#10177 = AXIS2_PLACEMENT_3D('',#10178,#10179,#10180);
#10178 = CARTESIAN_POINT('',(0.5,-0.34,6.E-02));
#10179 = DIRECTION('',(1.,0.,-0.));
#10180 = DIRECTION('',(0.,0.,1.));
#10181 = ORIENTED_EDGE('',*,*,#10182,.F.);
#10182 = EDGE_CURVE('',#10089,#10174,#10183,.T.);
#10183 = LINE('',#10184,#10185);
#10184 = CARTESIAN_POINT('',(-0.5,-0.37,6.E-02));
#10185 = VECTOR('',#10186,1.);
#10186 = DIRECTION('',(1.,0.,0.));
#10187 = CYLINDRICAL_SURFACE('',#10188,3.E-02);
#10188 = AXIS2_PLACEMENT_3D('',#10189,#10190,#10191);
#10189 = CARTESIAN_POINT('',(-0.5,-0.34,6.E-02));
#10190 = DIRECTION('',(1.,0.,0.));
#10191 = DIRECTION('',(0.,-1.,0.));
#10192 = ADVANCED_FACE('',(#10193),#10211,.F.);
#10193 = FACE_BOUND('',#10194,.F.);
#10194 = EDGE_LOOP('',(#10195,#10196,#10197,#10205));
#10195 = ORIENTED_EDGE('',*,*,#10150,.F.);
#10196 = ORIENTED_EDGE('',*,*,#10165,.T.);
#10197 = ORIENTED_EDGE('',*,*,#10198,.T.);
#10198 = EDGE_CURVE('',#10166,#10199,#10201,.T.);
#10199 = VERTEX_POINT('',#10200);
#10200 = CARTESIAN_POINT('',(0.5,0.34,3.E-02));
#10201 = LINE('',#10202,#10203);
#10202 = CARTESIAN_POINT('',(0.5,-0.37,3.E-02));
#10203 = VECTOR('',#10204,1.);
#10204 = DIRECTION('',(0.,1.,0.));
#10205 = ORIENTED_EDGE('',*,*,#10206,.F.);
#10206 = EDGE_CURVE('',#10142,#10199,#10207,.T.);
#10207 = LINE('',#10208,#10209);
#10208 = CARTESIAN_POINT('',(-0.5,0.34,3.E-02));
#10209 = VECTOR('',#10210,1.);
#10210 = DIRECTION('',(1.,0.,0.));
#10211 = PLANE('',#10212);
#10212 = AXIS2_PLACEMENT_3D('',#10213,#10214,#10215);
#10213 = CARTESIAN_POINT('',(-0.5,-0.37,3.E-02));
#10214 = DIRECTION('',(0.,0.,1.));
#10215 = DIRECTION('',(1.,0.,-0.));
#10216 = ADVANCED_FACE('',(#10217),#10236,.T.);
#10217 = FACE_BOUND('',#10218,.T.);
#10218 = EDGE_LOOP('',(#10219,#10227,#10234,#10235));
#10219 = ORIENTED_EDGE('',*,*,#10220,.T.);
#10220 = EDGE_CURVE('',#10134,#10221,#10223,.T.);
#10221 = VERTEX_POINT('',#10222);
#10222 = CARTESIAN_POINT('',(0.5,0.37,6.E-02));
#10223 = LINE('',#10224,#10225);
#10224 = CARTESIAN_POINT('',(-0.5,0.37,6.E-02));
#10225 = VECTOR('',#10226,1.);
#10226 = DIRECTION('',(1.,0.,0.));
#10227 = ORIENTED_EDGE('',*,*,#10228,.T.);
#10228 = EDGE_CURVE('',#10221,#10199,#10229,.T.);
#10229 = CIRCLE('',#10230,3.E-02);
#10230 = AXIS2_PLACEMENT_3D('',#10231,#10232,#10233);
#10231 = CARTESIAN_POINT('',(0.5,0.34,6.E-02));
#10232 = DIRECTION('',(-1.,0.,0.));
#10233 = DIRECTION('',(0.,0.,1.));
#10234 = ORIENTED_EDGE('',*,*,#10206,.F.);
#10235 = ORIENTED_EDGE('',*,*,#10141,.F.);
#10236 = CYLINDRICAL_SURFACE('',#10237,3.E-02);
#10237 = AXIS2_PLACEMENT_3D('',#10238,#10239,#10240);
#10238 = CARTESIAN_POINT('',(-0.5,0.34,6.E-02));
#10239 = DIRECTION('',(1.,0.,0.));
#10240 = DIRECTION('',(-0.,1.,0.));
#10241 = ADVANCED_FACE('',(#10242),#10260,.T.);
#10242 = FACE_BOUND('',#10243,.T.);
#10243 = EDGE_LOOP('',(#10244,#10252,#10253,#10254));
#10244 = ORIENTED_EDGE('',*,*,#10245,.F.);
#10245 = EDGE_CURVE('',#10221,#10246,#10248,.T.);
#10246 = VERTEX_POINT('',#10247);
#10247 = CARTESIAN_POINT('',(0.5,0.37,0.74));
#10248 = LINE('',#10249,#10250);
#10249 = CARTESIAN_POINT('',(0.5,0.37,3.E-02));
#10250 = VECTOR('',#10251,1.);
#10251 = DIRECTION('',(0.,0.,1.));
#10252 = ORIENTED_EDGE('',*,*,#10220,.F.);
#10253 = ORIENTED_EDGE('',*,*,#10133,.T.);
#10254 = ORIENTED_EDGE('',*,*,#10255,.T.);
#10255 = EDGE_CURVE('',#10125,#10246,#10256,.T.);
#10256 = LINE('',#10257,#10258);
#10257 = CARTESIAN_POINT('',(-0.5,0.37,0.74));
#10258 = VECTOR('',#10259,1.);
#10259 = DIRECTION('',(1.,0.,0.));
#10260 = PLANE('',#10261);
#10261 = AXIS2_PLACEMENT_3D('',#10262,#10263,#10264);
#10262 = CARTESIAN_POINT('',(-0.5,0.37,3.E-02));
#10263 = DIRECTION('',(0.,1.,0.));
#10264 = DIRECTION('',(0.,-0.,1.));
#10265 = ADVANCED_FACE('',(#10266),#10285,.T.);
#10266 = FACE_BOUND('',#10267,.T.);
#10267 = EDGE_LOOP('',(#10268,#10269,#10277,#10284));
#10268 = ORIENTED_EDGE('',*,*,#10124,.T.);
#10269 = ORIENTED_EDGE('',*,*,#10270,.T.);
#10270 = EDGE_CURVE('',#10117,#10271,#10273,.T.);
#10271 = VERTEX_POINT('',#10272);
#10272 = CARTESIAN_POINT('',(0.5,0.34,0.77));
#10273 = LINE('',#10274,#10275);
#10274 = CARTESIAN_POINT('',(-0.5,0.34,0.77));
#10275 = VECTOR('',#10276,1.);
#10276 = DIRECTION('',(1.,0.,0.));
#10277 = ORIENTED_EDGE('',*,*,#10278,.F.);
#10278 = EDGE_CURVE('',#10246,#10271,#10279,.T.);
#10279 = CIRCLE('',#10280,3.E-02);
#10280 = AXIS2_PLACEMENT_3D('',#10281,#10282,#10283);
#10281 = CARTESIAN_POINT('',(0.5,0.34,0.74));
#10282 = DIRECTION('',(1.,0.,-0.));
#10283 = DIRECTION('',(0.,0.,1.));
#10284 = ORIENTED_EDGE('',*,*,#10255,.F.);
#10285 = CYLINDRICAL_SURFACE('',#10286,3.E-02);
#10286 = AXIS2_PLACEMENT_3D('',#10287,#10288,#10289);
#10287 = CARTESIAN_POINT('',(-0.5,0.34,0.74));
#10288 = DIRECTION('',(1.,0.,0.));
#10289 = DIRECTION('',(-0.,1.,0.));
#10290 = ADVANCED_FACE('',(#10291),#10309,.T.);
#10291 = FACE_BOUND('',#10292,.T.);
#10292 = EDGE_LOOP('',(#10293,#10294,#10302,#10308));
#10293 = ORIENTED_EDGE('',*,*,#10116,.F.);
#10294 = ORIENTED_EDGE('',*,*,#10295,.T.);
#10295 = EDGE_CURVE('',#10108,#10296,#10298,.T.);
#10296 = VERTEX_POINT('',#10297);
#10297 = CARTESIAN_POINT('',(0.5,-0.34,0.77));
#10298 = LINE('',#10299,#10300);
#10299 = CARTESIAN_POINT('',(-0.5,-0.34,0.77));
#10300 = VECTOR('',#10301,1.);
#10301 = DIRECTION('',(1.,0.,0.));
#10302 = ORIENTED_EDGE('',*,*,#10303,.T.);
#10303 = EDGE_CURVE('',#10296,#10271,#10304,.T.);
#10304 = LINE('',#10305,#10306);
#10305 = CARTESIAN_POINT('',(0.5,-0.37,0.77));
#10306 = VECTOR('',#10307,1.);
#10307 = DIRECTION('',(0.,1.,0.));
#10308 = ORIENTED_EDGE('',*,*,#10270,.F.);
#10309 = PLANE('',#10310);
#10310 = AXIS2_PLACEMENT_3D('',#10311,#10312,#10313);
#10311 = CARTESIAN_POINT('',(-0.5,-0.37,0.77));
#10312 = DIRECTION('',(0.,0.,1.));
#10313 = DIRECTION('',(1.,0.,-0.));
#10314 = ADVANCED_FACE('',(#10315),#10334,.T.);
#10315 = FACE_BOUND('',#10316,.T.);
#10316 = EDGE_LOOP('',(#10317,#10325,#10332,#10333));
#10317 = ORIENTED_EDGE('',*,*,#10318,.T.);
#10318 = EDGE_CURVE('',#10100,#10319,#10321,.T.);
#10319 = VERTEX_POINT('',#10320);
#10320 = CARTESIAN_POINT('',(0.5,-0.37,0.74));
#10321 = LINE('',#10322,#10323);
#10322 = CARTESIAN_POINT('',(-0.5,-0.37,0.74));
#10323 = VECTOR('',#10324,1.);
#10324 = DIRECTION('',(1.,0.,0.));
#10325 = ORIENTED_EDGE('',*,*,#10326,.T.);
#10326 = EDGE_CURVE('',#10319,#10296,#10327,.T.);
#10327 = CIRCLE('',#10328,3.E-02);
#10328 = AXIS2_PLACEMENT_3D('',#10329,#10330,#10331);
#10329 = CARTESIAN_POINT('',(0.5,-0.34,0.74));
#10330 = DIRECTION('',(-1.,0.,0.));
#10331 = DIRECTION('',(0.,0.,1.));
#10332 = ORIENTED_EDGE('',*,*,#10295,.F.);
#10333 = ORIENTED_EDGE('',*,*,#10107,.F.);
#10334 = CYLINDRICAL_SURFACE('',#10335,3.E-02);
#10335 = AXIS2_PLACEMENT_3D('',#10336,#10337,#10338);
#10336 = CARTESIAN_POINT('',(-0.5,-0.34,0.74));
#10337 = DIRECTION('',(1.,0.,0.));
#10338 = DIRECTION('',(0.,-1.,0.));
#10339 = ADVANCED_FACE('',(#10340),#10351,.F.);
#10340 = FACE_BOUND('',#10341,.F.);
#10341 = EDGE_LOOP('',(#10342,#10348,#10349,#10350));
#10342 = ORIENTED_EDGE('',*,*,#10343,.F.);
#10343 = EDGE_CURVE('',#10174,#10319,#10344,.T.);
#10344 = LINE('',#10345,#10346);
#10345 = CARTESIAN_POINT('',(0.5,-0.37,3.E-02));
#10346 = VECTOR('',#10347,1.);
#10347 = DIRECTION('',(0.,0.,1.));
#10348 = ORIENTED_EDGE('',*,*,#10182,.F.);
#10349 = ORIENTED_EDGE('',*,*,#10099,.T.);
#10350 = ORIENTED_EDGE('',*,*,#10318,.T.);
#10351 = PLANE('',#10352);
#10352 = AXIS2_PLACEMENT_3D('',#10353,#10354,#10355);
#10353 = CARTESIAN_POINT('',(-0.5,-0.37,3.E-02));
#10354 = DIRECTION('',(0.,1.,0.));
#10355 = DIRECTION('',(0.,-0.,1.));
#10356 = ADVANCED_FACE('',(#10357,#10427),#10437,.F.);
#10357 = FACE_BOUND('',#10358,.F.);
#10358 = EDGE_LOOP('',(#10359,#10369,#10378,#10386,#10395,#10403,#10412,
    #10420));
#10359 = ORIENTED_EDGE('',*,*,#10360,.F.);
#10360 = EDGE_CURVE('',#10361,#10363,#10365,.T.);
#10361 = VERTEX_POINT('',#10362);
#10362 = CARTESIAN_POINT('',(0.5,-0.4,3.E-02));
#10363 = VERTEX_POINT('',#10364);
#10364 = CARTESIAN_POINT('',(0.5,-0.4,0.77));
#10365 = LINE('',#10366,#10367);
#10366 = CARTESIAN_POINT('',(0.5,-0.4,0.));
#10367 = VECTOR('',#10368,1.);
#10368 = DIRECTION('',(0.,0.,1.));
#10369 = ORIENTED_EDGE('',*,*,#10370,.T.);
#10370 = EDGE_CURVE('',#10361,#10371,#10373,.T.);
#10371 = VERTEX_POINT('',#10372);
#10372 = CARTESIAN_POINT('',(0.5,-0.37,0.));
#10373 = CIRCLE('',#10374,3.E-02);
#10374 = AXIS2_PLACEMENT_3D('',#10375,#10376,#10377);
#10375 = CARTESIAN_POINT('',(0.5,-0.37,3.E-02));
#10376 = DIRECTION('',(1.,0.,-0.));
#10377 = DIRECTION('',(0.,0.,1.));
#10378 = ORIENTED_EDGE('',*,*,#10379,.T.);
#10379 = EDGE_CURVE('',#10371,#10380,#10382,.T.);
#10380 = VERTEX_POINT('',#10381);
#10381 = CARTESIAN_POINT('',(0.5,0.37,0.));
#10382 = LINE('',#10383,#10384);
#10383 = CARTESIAN_POINT('',(0.5,-0.4,0.));
#10384 = VECTOR('',#10385,1.);
#10385 = DIRECTION('',(0.,1.,0.));
#10386 = ORIENTED_EDGE('',*,*,#10387,.F.);
#10387 = EDGE_CURVE('',#10388,#10380,#10390,.T.);
#10388 = VERTEX_POINT('',#10389);
#10389 = CARTESIAN_POINT('',(0.5,0.4,3.E-02));
#10390 = CIRCLE('',#10391,3.E-02);
#10391 = AXIS2_PLACEMENT_3D('',#10392,#10393,#10394);
#10392 = CARTESIAN_POINT('',(0.5,0.37,3.E-02));
#10393 = DIRECTION('',(-1.,0.,0.));
#10394 = DIRECTION('',(0.,0.,1.));
#10395 = ORIENTED_EDGE('',*,*,#10396,.T.);
#10396 = EDGE_CURVE('',#10388,#10397,#10399,.T.);
#10397 = VERTEX_POINT('',#10398);
#10398 = CARTESIAN_POINT('',(0.5,0.4,0.77));
#10399 = LINE('',#10400,#10401);
#10400 = CARTESIAN_POINT('',(0.5,0.4,0.));
#10401 = VECTOR('',#10402,1.);
#10402 = DIRECTION('',(0.,0.,1.));
#10403 = ORIENTED_EDGE('',*,*,#10404,.T.);
#10404 = EDGE_CURVE('',#10397,#10405,#10407,.T.);
#10405 = VERTEX_POINT('',#10406);
#10406 = CARTESIAN_POINT('',(0.5,0.37,0.8));
#10407 = CIRCLE('',#10408,3.E-02);
#10408 = AXIS2_PLACEMENT_3D('',#10409,#10410,#10411);
#10409 = CARTESIAN_POINT('',(0.5,0.37,0.77));
#10410 = DIRECTION('',(1.,0.,-0.));
#10411 = DIRECTION('',(0.,0.,1.));
#10412 = ORIENTED_EDGE('',*,*,#10413,.F.);
#10413 = EDGE_CURVE('',#10414,#10405,#10416,.T.);
#10414 = VERTEX_POINT('',#10415);
#10415 = CARTESIAN_POINT('',(0.5,-0.37,0.8));
#10416 = LINE('',#10417,#10418);
#10417 = CARTESIAN_POINT('',(0.5,-0.4,0.8));
#10418 = VECTOR('',#10419,1.);
#10419 = DIRECTION('',(0.,1.,0.));
#10420 = ORIENTED_EDGE('',*,*,#10421,.F.);
#10421 = EDGE_CURVE('',#10363,#10414,#10422,.T.);
#10422 = CIRCLE('',#10423,3.E-02);
#10423 = AXIS2_PLACEMENT_3D('',#10424,#10425,#10426);
#10424 = CARTESIAN_POINT('',(0.5,-0.37,0.77));
#10425 = DIRECTION('',(-1.,0.,0.));
#10426 = DIRECTION('',(0.,0.,1.));
#10427 = FACE_BOUND('',#10428,.F.);
#10428 = EDGE_LOOP('',(#10429,#10430,#10431,#10432,#10433,#10434,#10435,
    #10436));
#10429 = ORIENTED_EDGE('',*,*,#10173,.F.);
#10430 = ORIENTED_EDGE('',*,*,#10343,.T.);
#10431 = ORIENTED_EDGE('',*,*,#10326,.T.);
#10432 = ORIENTED_EDGE('',*,*,#10303,.T.);
#10433 = ORIENTED_EDGE('',*,*,#10278,.F.);
#10434 = ORIENTED_EDGE('',*,*,#10245,.F.);
#10435 = ORIENTED_EDGE('',*,*,#10228,.T.);
#10436 = ORIENTED_EDGE('',*,*,#10198,.F.);
#10437 = PLANE('',#10438);
#10438 = AXIS2_PLACEMENT_3D('',#10439,#10440,#10441);
#10439 = CARTESIAN_POINT('',(0.5,-0.4,0.));
#10440 = DIRECTION('',(1.,0.,0.));
#10441 = DIRECTION('',(0.,0.,1.));
#10442 = ADVANCED_FACE('',(#10443),#10468,.F.);
#10443 = FACE_BOUND('',#10444,.F.);
#10444 = EDGE_LOOP('',(#10445,#10455,#10461,#10462));
#10445 = ORIENTED_EDGE('',*,*,#10446,.F.);
#10446 = EDGE_CURVE('',#10447,#10449,#10451,.T.);
#10447 = VERTEX_POINT('',#10448);
#10448 = CARTESIAN_POINT('',(0.8,-0.4,3.E-02));
#10449 = VERTEX_POINT('',#10450);
#10450 = CARTESIAN_POINT('',(0.8,-0.4,0.77));
#10451 = LINE('',#10452,#10453);
#10452 = CARTESIAN_POINT('',(0.8,-0.4,0.));
#10453 = VECTOR('',#10454,1.);
#10454 = DIRECTION('',(0.,0.,1.));
#10455 = ORIENTED_EDGE('',*,*,#10456,.F.);
#10456 = EDGE_CURVE('',#10361,#10447,#10457,.T.);
#10457 = LINE('',#10458,#10459);
#10458 = CARTESIAN_POINT('',(0.5,-0.4,3.E-02));
#10459 = VECTOR('',#10460,1.);
#10460 = DIRECTION('',(1.,0.,0.));
#10461 = ORIENTED_EDGE('',*,*,#10360,.T.);
#10462 = ORIENTED_EDGE('',*,*,#10463,.T.);
#10463 = EDGE_CURVE('',#10363,#10449,#10464,.T.);
#10464 = LINE('',#10465,#10466);
#10465 = CARTESIAN_POINT('',(0.5,-0.4,0.77));
#10466 = VECTOR('',#10467,1.);
#10467 = DIRECTION('',(1.,0.,0.));
#10468 = PLANE('',#10469);
#10469 = AXIS2_PLACEMENT_3D('',#10470,#10471,#10472);
#10470 = CARTESIAN_POINT('',(0.5,-0.4,0.));
#10471 = DIRECTION('',(0.,1.,0.));
#10472 = DIRECTION('',(0.,-0.,1.));
#10473 = ADVANCED_FACE('',(#10474),#10493,.T.);
#10474 = FACE_BOUND('',#10475,.T.);
#10475 = EDGE_LOOP('',(#10476,#10477,#10485,#10492));
#10476 = ORIENTED_EDGE('',*,*,#10370,.T.);
#10477 = ORIENTED_EDGE('',*,*,#10478,.T.);
#10478 = EDGE_CURVE('',#10371,#10479,#10481,.T.);
#10479 = VERTEX_POINT('',#10480);
#10480 = CARTESIAN_POINT('',(0.8,-0.37,0.));
#10481 = LINE('',#10482,#10483);
#10482 = CARTESIAN_POINT('',(0.5,-0.37,0.));
#10483 = VECTOR('',#10484,1.);
#10484 = DIRECTION('',(1.,0.,0.));
#10485 = ORIENTED_EDGE('',*,*,#10486,.F.);
#10486 = EDGE_CURVE('',#10447,#10479,#10487,.T.);
#10487 = CIRCLE('',#10488,3.E-02);
#10488 = AXIS2_PLACEMENT_3D('',#10489,#10490,#10491);
#10489 = CARTESIAN_POINT('',(0.8,-0.37,3.E-02));
#10490 = DIRECTION('',(1.,0.,-0.));
#10491 = DIRECTION('',(0.,0.,1.));
#10492 = ORIENTED_EDGE('',*,*,#10456,.F.);
#10493 = CYLINDRICAL_SURFACE('',#10494,3.E-02);
#10494 = AXIS2_PLACEMENT_3D('',#10495,#10496,#10497);
#10495 = CARTESIAN_POINT('',(0.5,-0.37,3.E-02));
#10496 = DIRECTION('',(1.,0.,0.));
#10497 = DIRECTION('',(0.,-1.,0.));
#10498 = ADVANCED_FACE('',(#10499),#10518,.T.);
#10499 = FACE_BOUND('',#10500,.T.);
#10500 = EDGE_LOOP('',(#10501,#10502,#10511,#10517));
#10501 = ORIENTED_EDGE('',*,*,#10463,.T.);
#10502 = ORIENTED_EDGE('',*,*,#10503,.T.);
#10503 = EDGE_CURVE('',#10449,#10504,#10506,.T.);
#10504 = VERTEX_POINT('',#10505);
#10505 = CARTESIAN_POINT('',(0.8,-0.37,0.8));
#10506 = CIRCLE('',#10507,3.E-02);
#10507 = AXIS2_PLACEMENT_3D('',#10508,#10509,#10510);
#10508 = CARTESIAN_POINT('',(0.8,-0.37,0.77));
#10509 = DIRECTION('',(-1.,0.,0.));
#10510 = DIRECTION('',(0.,0.,1.));
#10511 = ORIENTED_EDGE('',*,*,#10512,.F.);
#10512 = EDGE_CURVE('',#10414,#10504,#10513,.T.);
#10513 = LINE('',#10514,#10515);
#10514 = CARTESIAN_POINT('',(0.5,-0.37,0.8));
#10515 = VECTOR('',#10516,1.);
#10516 = DIRECTION('',(1.,0.,0.));
#10517 = ORIENTED_EDGE('',*,*,#10421,.F.);
#10518 = CYLINDRICAL_SURFACE('',#10519,3.E-02);
#10519 = AXIS2_PLACEMENT_3D('',#10520,#10521,#10522);
#10520 = CARTESIAN_POINT('',(0.5,-0.37,0.77));
#10521 = DIRECTION('',(1.,0.,0.));
#10522 = DIRECTION('',(0.,-1.,0.));
#10523 = ADVANCED_FACE('',(#10524),#10542,.F.);
#10524 = FACE_BOUND('',#10525,.F.);
#10525 = EDGE_LOOP('',(#10526,#10527,#10528,#10536));
#10526 = ORIENTED_EDGE('',*,*,#10379,.F.);
#10527 = ORIENTED_EDGE('',*,*,#10478,.T.);
#10528 = ORIENTED_EDGE('',*,*,#10529,.T.);
#10529 = EDGE_CURVE('',#10479,#10530,#10532,.T.);
#10530 = VERTEX_POINT('',#10531);
#10531 = CARTESIAN_POINT('',(0.8,0.37,0.));
#10532 = LINE('',#10533,#10534);
#10533 = CARTESIAN_POINT('',(0.8,-0.4,0.));
#10534 = VECTOR('',#10535,1.);
#10535 = DIRECTION('',(0.,1.,0.));
#10536 = ORIENTED_EDGE('',*,*,#10537,.F.);
#10537 = EDGE_CURVE('',#10380,#10530,#10538,.T.);
#10538 = LINE('',#10539,#10540);
#10539 = CARTESIAN_POINT('',(0.5,0.37,0.));
#10540 = VECTOR('',#10541,1.);
#10541 = DIRECTION('',(1.,0.,0.));
#10542 = PLANE('',#10543);
#10543 = AXIS2_PLACEMENT_3D('',#10544,#10545,#10546);
#10544 = CARTESIAN_POINT('',(0.5,-0.4,0.));
#10545 = DIRECTION('',(0.,0.,1.));
#10546 = DIRECTION('',(1.,0.,-0.));
#10547 = ADVANCED_FACE('',(#10548),#10566,.T.);
#10548 = FACE_BOUND('',#10549,.T.);
#10549 = EDGE_LOOP('',(#10550,#10551,#10552,#10560));
#10550 = ORIENTED_EDGE('',*,*,#10413,.F.);
#10551 = ORIENTED_EDGE('',*,*,#10512,.T.);
#10552 = ORIENTED_EDGE('',*,*,#10553,.T.);
#10553 = EDGE_CURVE('',#10504,#10554,#10556,.T.);
#10554 = VERTEX_POINT('',#10555);
#10555 = CARTESIAN_POINT('',(0.8,0.37,0.8));
#10556 = LINE('',#10557,#10558);
#10557 = CARTESIAN_POINT('',(0.8,-0.4,0.8));
#10558 = VECTOR('',#10559,1.);
#10559 = DIRECTION('',(0.,1.,0.));
#10560 = ORIENTED_EDGE('',*,*,#10561,.F.);
#10561 = EDGE_CURVE('',#10405,#10554,#10562,.T.);
#10562 = LINE('',#10563,#10564);
#10563 = CARTESIAN_POINT('',(0.5,0.37,0.8));
#10564 = VECTOR('',#10565,1.);
#10565 = DIRECTION('',(1.,0.,0.));
#10566 = PLANE('',#10567);
#10567 = AXIS2_PLACEMENT_3D('',#10568,#10569,#10570);
#10568 = CARTESIAN_POINT('',(0.5,-0.4,0.8));
#10569 = DIRECTION('',(0.,0.,1.));
#10570 = DIRECTION('',(1.,0.,-0.));
#10571 = ADVANCED_FACE('',(#10572),#10591,.T.);
#10572 = FACE_BOUND('',#10573,.T.);
#10573 = EDGE_LOOP('',(#10574,#10582,#10589,#10590));
#10574 = ORIENTED_EDGE('',*,*,#10575,.T.);
#10575 = EDGE_CURVE('',#10388,#10576,#10578,.T.);
#10576 = VERTEX_POINT('',#10577);
#10577 = CARTESIAN_POINT('',(0.8,0.4,3.E-02));
#10578 = LINE('',#10579,#10580);
#10579 = CARTESIAN_POINT('',(0.5,0.4,3.E-02));
#10580 = VECTOR('',#10581,1.);
#10581 = DIRECTION('',(1.,0.,0.));
#10582 = ORIENTED_EDGE('',*,*,#10583,.T.);
#10583 = EDGE_CURVE('',#10576,#10530,#10584,.T.);
#10584 = CIRCLE('',#10585,3.E-02);
#10585 = AXIS2_PLACEMENT_3D('',#10586,#10587,#10588);
#10586 = CARTESIAN_POINT('',(0.8,0.37,3.E-02));
#10587 = DIRECTION('',(-1.,0.,0.));
#10588 = DIRECTION('',(0.,0.,1.));
#10589 = ORIENTED_EDGE('',*,*,#10537,.F.);
#10590 = ORIENTED_EDGE('',*,*,#10387,.F.);
#10591 = CYLINDRICAL_SURFACE('',#10592,3.E-02);
#10592 = AXIS2_PLACEMENT_3D('',#10593,#10594,#10595);
#10593 = CARTESIAN_POINT('',(0.5,0.37,3.E-02));
#10594 = DIRECTION('',(1.,0.,0.));
#10595 = DIRECTION('',(-0.,1.,0.));
#10596 = ADVANCED_FACE('',(#10597),#10616,.T.);
#10597 = FACE_BOUND('',#10598,.T.);
#10598 = EDGE_LOOP('',(#10599,#10600,#10601,#10610));
#10599 = ORIENTED_EDGE('',*,*,#10404,.T.);
#10600 = ORIENTED_EDGE('',*,*,#10561,.T.);
#10601 = ORIENTED_EDGE('',*,*,#10602,.F.);
#10602 = EDGE_CURVE('',#10603,#10554,#10605,.T.);
#10603 = VERTEX_POINT('',#10604);
#10604 = CARTESIAN_POINT('',(0.8,0.4,0.77));
#10605 = CIRCLE('',#10606,3.E-02);
#10606 = AXIS2_PLACEMENT_3D('',#10607,#10608,#10609);
#10607 = CARTESIAN_POINT('',(0.8,0.37,0.77));
#10608 = DIRECTION('',(1.,0.,-0.));
#10609 = DIRECTION('',(0.,0.,1.));
#10610 = ORIENTED_EDGE('',*,*,#10611,.F.);
#10611 = EDGE_CURVE('',#10397,#10603,#10612,.T.);
#10612 = LINE('',#10613,#10614);
#10613 = CARTESIAN_POINT('',(0.5,0.4,0.77));
#10614 = VECTOR('',#10615,1.);
#10615 = DIRECTION('',(1.,0.,0.));
#10616 = CYLINDRICAL_SURFACE('',#10617,3.E-02);
#10617 = AXIS2_PLACEMENT_3D('',#10618,#10619,#10620);
#10618 = CARTESIAN_POINT('',(0.5,0.37,0.77));
#10619 = DIRECTION('',(1.,0.,0.));
#10620 = DIRECTION('',(-0.,1.,0.));
#10621 = ADVANCED_FACE('',(#10622),#10633,.T.);
#10622 = FACE_BOUND('',#10623,.T.);
#10623 = EDGE_LOOP('',(#10624,#10630,#10631,#10632));
#10624 = ORIENTED_EDGE('',*,*,#10625,.F.);
#10625 = EDGE_CURVE('',#10576,#10603,#10626,.T.);
#10626 = LINE('',#10627,#10628);
#10627 = CARTESIAN_POINT('',(0.8,0.4,0.));
#10628 = VECTOR('',#10629,1.);
#10629 = DIRECTION('',(0.,0.,1.));
#10630 = ORIENTED_EDGE('',*,*,#10575,.F.);
#10631 = ORIENTED_EDGE('',*,*,#10396,.T.);
#10632 = ORIENTED_EDGE('',*,*,#10611,.T.);
#10633 = PLANE('',#10634);
#10634 = AXIS2_PLACEMENT_3D('',#10635,#10636,#10637);
#10635 = CARTESIAN_POINT('',(0.5,0.4,0.));
#10636 = DIRECTION('',(0.,1.,0.));
#10637 = DIRECTION('',(0.,-0.,1.));
#10638 = ADVANCED_FACE('',(#10639),#10649,.T.);
#10639 = FACE_BOUND('',#10640,.T.);
#10640 = EDGE_LOOP('',(#10641,#10642,#10643,#10644,#10645,#10646,#10647,
    #10648));
#10641 = ORIENTED_EDGE('',*,*,#10446,.F.);
#10642 = ORIENTED_EDGE('',*,*,#10486,.T.);
#10643 = ORIENTED_EDGE('',*,*,#10529,.T.);
#10644 = ORIENTED_EDGE('',*,*,#10583,.F.);
#10645 = ORIENTED_EDGE('',*,*,#10625,.T.);
#10646 = ORIENTED_EDGE('',*,*,#10602,.T.);
#10647 = ORIENTED_EDGE('',*,*,#10553,.F.);
#10648 = ORIENTED_EDGE('',*,*,#10503,.F.);
#10649 = PLANE('',#10650);
#10650 = AXIS2_PLACEMENT_3D('',#10651,#10652,#10653);
#10651 = CARTESIAN_POINT('',(0.8,-0.4,0.));
#10652 = DIRECTION('',(1.,0.,0.));
#10653 = DIRECTION('',(0.,0.,1.));
#10654 = ( GEOMETRIC_REPRESENTATION_CONTEXT(3) 
GLOBAL_UNCERTAINTY_ASSIGNED_CONTEXT((#10658)) 
GLOBAL_UNIT_ASSIGNED_CONTEXT((#10655,#10656,#10657)) 
REPRESENTATION_CONTEXT('Context #1',
  '3D Context with UNIT and UNCERTAINTY') );
#10655 = ( LENGTH_UNIT() NAMED_UNIT(*) SI_UNIT(.MILLI.,.METRE.) );
#10656 = ( NAMED_UNIT(*) PLANE_ANGLE_UNIT() SI_UNIT($,.RADIAN.) );
#10657 = ( NAMED_UNIT(*) SI_UNIT($,.STERADIAN.) SOLID_ANGLE_UNIT() );
#10658 = UNCERTAINTY_MEASURE_WITH_UNIT(LENGTH_MEASURE(1.E-07),#10655,
  'distance_accuracy_value','confusion accuracy');
#10659 = CONTEXT_DEPENDENT_SHAPE_REPRESENTATION(#10660,#10662);
#10660 = ( REPRESENTATION_RELATIONSHIP('','',#9799,#10) 
REPRESENTATION_RELATIONSHIP_WITH_TRANSFORMATION(#10661) 
SHAPE_REPRESENTATION_RELATIONSHIP() );
#10661 = ITEM_DEFINED_TRANSFORMATION('','',#11,#27);
#10662 = PRODUCT_DEFINITION_SHAPE('Placement','Placement of an item',
  #10663);
#10663 = NEXT_ASSEMBLY_USAGE_OCCURRENCE('4','C1','',#5,#9794,$);
#10664 = PRODUCT_RELATED_PRODUCT_CATEGORY('part',$,(#9796));
#10665 = SHAPE_DEFINITION_REPRESENTATION(#10666,#10672);
#10666 = PRODUCT_DEFINITION_SHAPE('','',#10667);
#10667 = PRODUCT_DEFINITION('design','',#10668,#10671);
#10668 = PRODUCT_DEFINITION_FORMATION('','',#10669);
#10669 = PRODUCT('absolute_encoder_breakout_PCB',
  'absolute_encoder_breakout_PCB','',(#10670));
#10670 = PRODUCT_CONTEXT('',#2,'mechanical');
#10671 = PRODUCT_DEFINITION_CONTEXT('part definition',#2,'design');
#10672 = ADVANCED_BREP_SHAPE_REPRESENTATION('',(#11,#10673),#11080);
#10673 = MANIFOLD_SOLID_BREP('',#10674);
#10674 = CLOSED_SHELL('',(#10675,#10717,#10748,#10779,#10864,#10949,
    #10966,#10983,#11000,#11017,#11029,#11046,#11063));
#10675 = ADVANCED_FACE('',(#10676),#10712,.T.);
#10676 = FACE_BOUND('',#10677,.T.);
#10677 = EDGE_LOOP('',(#10678,#10688,#10697,#10705));
#10678 = ORIENTED_EDGE('',*,*,#10679,.T.);
#10679 = EDGE_CURVE('',#10680,#10682,#10684,.T.);
#10680 = VERTEX_POINT('',#10681);
#10681 = CARTESIAN_POINT('',(145.288,-70.104,0.));
#10682 = VERTEX_POINT('',#10683);
#10683 = CARTESIAN_POINT('',(145.288,-70.104,1.51));
#10684 = LINE('',#10685,#10686);
#10685 = CARTESIAN_POINT('',(145.288,-70.104,0.));
#10686 = VECTOR('',#10687,1.);
#10687 = DIRECTION('',(0.,0.,1.));
#10688 = ORIENTED_EDGE('',*,*,#10689,.T.);
#10689 = EDGE_CURVE('',#10682,#10690,#10692,.T.);
#10690 = VERTEX_POINT('',#10691);
#10691 = CARTESIAN_POINT('',(146.304,-71.12,1.51));
#10692 = CIRCLE('',#10693,1.016001671896);
#10693 = AXIS2_PLACEMENT_3D('',#10694,#10695,#10696);
#10694 = CARTESIAN_POINT('',(145.2879983281,-71.12000167189,1.51));
#10695 = DIRECTION('',(0.,0.,-1.));
#10696 = DIRECTION('',(1.645562571957E-06,0.999999999999,0.));
#10697 = ORIENTED_EDGE('',*,*,#10698,.F.);
#10698 = EDGE_CURVE('',#10699,#10690,#10701,.T.);
#10699 = VERTEX_POINT('',#10700);
#10700 = CARTESIAN_POINT('',(146.304,-71.12,0.));
#10701 = LINE('',#10702,#10703);
#10702 = CARTESIAN_POINT('',(146.304,-71.12,0.));
#10703 = VECTOR('',#10704,1.);
#10704 = DIRECTION('',(0.,0.,1.));
#10705 = ORIENTED_EDGE('',*,*,#10706,.F.);
#10706 = EDGE_CURVE('',#10680,#10699,#10707,.T.);
#10707 = CIRCLE('',#10708,1.016001671896);
#10708 = AXIS2_PLACEMENT_3D('',#10709,#10710,#10711);
#10709 = CARTESIAN_POINT('',(145.2879983281,-71.12000167189,0.));
#10710 = DIRECTION('',(0.,0.,-1.));
#10711 = DIRECTION('',(1.645562571957E-06,0.999999999999,0.));
#10712 = CYLINDRICAL_SURFACE('',#10713,1.016001671896);
#10713 = AXIS2_PLACEMENT_3D('',#10714,#10715,#10716);
#10714 = CARTESIAN_POINT('',(145.2879983281,-71.12000167189,0.));
#10715 = DIRECTION('',(0.,0.,-1.));
#10716 = DIRECTION('',(1.645562571957E-06,0.999999999999,0.));
#10717 = ADVANCED_FACE('',(#10718),#10743,.T.);
#10718 = FACE_BOUND('',#10719,.T.);
#10719 = EDGE_LOOP('',(#10720,#10730,#10736,#10737));
#10720 = ORIENTED_EDGE('',*,*,#10721,.T.);
#10721 = EDGE_CURVE('',#10722,#10724,#10726,.T.);
#10722 = VERTEX_POINT('',#10723);
#10723 = CARTESIAN_POINT('',(137.16,-70.104,0.));
#10724 = VERTEX_POINT('',#10725);
#10725 = CARTESIAN_POINT('',(137.16,-70.104,1.51));
#10726 = LINE('',#10727,#10728);
#10727 = CARTESIAN_POINT('',(137.16,-70.104,0.));
#10728 = VECTOR('',#10729,1.);
#10729 = DIRECTION('',(0.,0.,1.));
#10730 = ORIENTED_EDGE('',*,*,#10731,.T.);
#10731 = EDGE_CURVE('',#10724,#10682,#10732,.T.);
#10732 = LINE('',#10733,#10734);
#10733 = CARTESIAN_POINT('',(137.16,-70.104,1.51));
#10734 = VECTOR('',#10735,1.);
#10735 = DIRECTION('',(1.,0.,0.));
#10736 = ORIENTED_EDGE('',*,*,#10679,.F.);
#10737 = ORIENTED_EDGE('',*,*,#10738,.F.);
#10738 = EDGE_CURVE('',#10722,#10680,#10739,.T.);
#10739 = LINE('',#10740,#10741);
#10740 = CARTESIAN_POINT('',(137.16,-70.104,0.));
#10741 = VECTOR('',#10742,1.);
#10742 = DIRECTION('',(1.,0.,0.));
#10743 = PLANE('',#10744);
#10744 = AXIS2_PLACEMENT_3D('',#10745,#10746,#10747);
#10745 = CARTESIAN_POINT('',(137.16,-70.104,0.));
#10746 = DIRECTION('',(0.,1.,0.));
#10747 = DIRECTION('',(1.,0.,0.));
#10748 = ADVANCED_FACE('',(#10749),#10774,.T.);
#10749 = FACE_BOUND('',#10750,.T.);
#10750 = EDGE_LOOP('',(#10751,#10752,#10760,#10768));
#10751 = ORIENTED_EDGE('',*,*,#10698,.T.);
#10752 = ORIENTED_EDGE('',*,*,#10753,.T.);
#10753 = EDGE_CURVE('',#10690,#10754,#10756,.T.);
#10754 = VERTEX_POINT('',#10755);
#10755 = CARTESIAN_POINT('',(146.304,-78.232,1.51));
#10756 = LINE('',#10757,#10758);
#10757 = CARTESIAN_POINT('',(146.304,-71.12,1.51));
#10758 = VECTOR('',#10759,1.);
#10759 = DIRECTION('',(0.,-1.,0.));
#10760 = ORIENTED_EDGE('',*,*,#10761,.F.);
#10761 = EDGE_CURVE('',#10762,#10754,#10764,.T.);
#10762 = VERTEX_POINT('',#10763);
#10763 = CARTESIAN_POINT('',(146.304,-78.232,0.));
#10764 = LINE('',#10765,#10766);
#10765 = CARTESIAN_POINT('',(146.304,-78.232,0.));
#10766 = VECTOR('',#10767,1.);
#10767 = DIRECTION('',(0.,0.,1.));
#10768 = ORIENTED_EDGE('',*,*,#10769,.F.);
#10769 = EDGE_CURVE('',#10699,#10762,#10770,.T.);
#10770 = LINE('',#10771,#10772);
#10771 = CARTESIAN_POINT('',(146.304,-71.12,0.));
#10772 = VECTOR('',#10773,1.);
#10773 = DIRECTION('',(0.,-1.,0.));
#10774 = PLANE('',#10775);
#10775 = AXIS2_PLACEMENT_3D('',#10776,#10777,#10778);
#10776 = CARTESIAN_POINT('',(146.304,-71.12,0.));
#10777 = DIRECTION('',(1.,0.,-0.));
#10778 = DIRECTION('',(0.,-1.,0.));
#10779 = ADVANCED_FACE('',(#10780,#10826,#10837,#10848),#10859,.F.);
#10780 = FACE_BOUND('',#10781,.F.);
#10781 = EDGE_LOOP('',(#10782,#10783,#10784,#10793,#10801,#10810,#10818,
    #10825));
#10782 = ORIENTED_EDGE('',*,*,#10706,.F.);
#10783 = ORIENTED_EDGE('',*,*,#10738,.F.);
#10784 = ORIENTED_EDGE('',*,*,#10785,.F.);
#10785 = EDGE_CURVE('',#10786,#10722,#10788,.T.);
#10786 = VERTEX_POINT('',#10787);
#10787 = CARTESIAN_POINT('',(136.144,-71.12,0.));
#10788 = CIRCLE('',#10789,1.016001671896);
#10789 = AXIS2_PLACEMENT_3D('',#10790,#10791,#10792);
#10790 = CARTESIAN_POINT('',(137.16000167189,-71.12000167189,0.));
#10791 = DIRECTION('',(0.,0.,-1.));
#10792 = DIRECTION('',(-0.999999999999,1.645562516009E-06,0.));
#10793 = ORIENTED_EDGE('',*,*,#10794,.F.);
#10794 = EDGE_CURVE('',#10795,#10786,#10797,.T.);
#10795 = VERTEX_POINT('',#10796);
#10796 = CARTESIAN_POINT('',(136.144,-78.232,0.));
#10797 = LINE('',#10798,#10799);
#10798 = CARTESIAN_POINT('',(136.144,-78.232,0.));
#10799 = VECTOR('',#10800,1.);
#10800 = DIRECTION('',(0.,1.,0.));
#10801 = ORIENTED_EDGE('',*,*,#10802,.F.);
#10802 = EDGE_CURVE('',#10803,#10795,#10805,.T.);
#10803 = VERTEX_POINT('',#10804);
#10804 = CARTESIAN_POINT('',(137.16,-79.248,0.));
#10805 = CIRCLE('',#10806,1.016001671896);
#10806 = AXIS2_PLACEMENT_3D('',#10807,#10808,#10809);
#10807 = CARTESIAN_POINT('',(137.16000167189,-78.2319983281,0.));
#10808 = DIRECTION('',(0.,0.,-1.));
#10809 = DIRECTION('',(-1.645562571957E-06,-0.999999999999,-0.));
#10810 = ORIENTED_EDGE('',*,*,#10811,.F.);
#10811 = EDGE_CURVE('',#10812,#10803,#10814,.T.);
#10812 = VERTEX_POINT('',#10813);
#10813 = CARTESIAN_POINT('',(145.288,-79.248,0.));
#10814 = LINE('',#10815,#10816);
#10815 = CARTESIAN_POINT('',(145.288,-79.248,0.));
#10816 = VECTOR('',#10817,1.);
#10817 = DIRECTION('',(-1.,0.,0.));
#10818 = ORIENTED_EDGE('',*,*,#10819,.F.);
#10819 = EDGE_CURVE('',#10762,#10812,#10820,.T.);
#10820 = CIRCLE('',#10821,1.016001671896);
#10821 = AXIS2_PLACEMENT_3D('',#10822,#10823,#10824);
#10822 = CARTESIAN_POINT('',(145.2879983281,-78.2319983281,0.));
#10823 = DIRECTION('',(0.,0.,-1.));
#10824 = DIRECTION('',(0.999999999999,-1.645562599931E-06,0.));
#10825 = ORIENTED_EDGE('',*,*,#10769,.F.);
#10826 = FACE_BOUND('',#10827,.F.);
#10827 = EDGE_LOOP('',(#10828));
#10828 = ORIENTED_EDGE('',*,*,#10829,.T.);
#10829 = EDGE_CURVE('',#10830,#10830,#10832,.T.);
#10830 = VERTEX_POINT('',#10831);
#10831 = CARTESIAN_POINT('',(143.854,-77.051,0.));
#10832 = CIRCLE('',#10833,0.375);
#10833 = AXIS2_PLACEMENT_3D('',#10834,#10835,#10836);
#10834 = CARTESIAN_POINT('',(143.854,-76.676,0.));
#10835 = DIRECTION('',(-0.,0.,-1.));
#10836 = DIRECTION('',(-0.,-1.,0.));
#10837 = FACE_BOUND('',#10838,.F.);
#10838 = EDGE_LOOP('',(#10839));
#10839 = ORIENTED_EDGE('',*,*,#10840,.T.);
#10840 = EDGE_CURVE('',#10841,#10841,#10843,.T.);
#10841 = VERTEX_POINT('',#10842);
#10842 = CARTESIAN_POINT('',(143.854,-75.051,0.));
#10843 = CIRCLE('',#10844,0.375);
#10844 = AXIS2_PLACEMENT_3D('',#10845,#10846,#10847);
#10845 = CARTESIAN_POINT('',(143.854,-74.676,0.));
#10846 = DIRECTION('',(-0.,0.,-1.));
#10847 = DIRECTION('',(-0.,-1.,0.));
#10848 = FACE_BOUND('',#10849,.F.);
#10849 = EDGE_LOOP('',(#10850));
#10850 = ORIENTED_EDGE('',*,*,#10851,.T.);
#10851 = EDGE_CURVE('',#10852,#10852,#10854,.T.);
#10852 = VERTEX_POINT('',#10853);
#10853 = CARTESIAN_POINT('',(143.854,-73.051,0.));
#10854 = CIRCLE('',#10855,0.375);
#10855 = AXIS2_PLACEMENT_3D('',#10856,#10857,#10858);
#10856 = CARTESIAN_POINT('',(143.854,-72.676,0.));
#10857 = DIRECTION('',(-0.,0.,-1.));
#10858 = DIRECTION('',(-0.,-1.,0.));
#10859 = PLANE('',#10860);
#10860 = AXIS2_PLACEMENT_3D('',#10861,#10862,#10863);
#10861 = CARTESIAN_POINT('',(0.,0.,0.));
#10862 = DIRECTION('',(0.,0.,1.));
#10863 = DIRECTION('',(1.,0.,-0.));
#10864 = ADVANCED_FACE('',(#10865,#10911,#10922,#10933),#10944,.T.);
#10865 = FACE_BOUND('',#10866,.T.);
#10866 = EDGE_LOOP('',(#10867,#10868,#10869,#10878,#10886,#10895,#10903,
    #10910));
#10867 = ORIENTED_EDGE('',*,*,#10689,.F.);
#10868 = ORIENTED_EDGE('',*,*,#10731,.F.);
#10869 = ORIENTED_EDGE('',*,*,#10870,.F.);
#10870 = EDGE_CURVE('',#10871,#10724,#10873,.T.);
#10871 = VERTEX_POINT('',#10872);
#10872 = CARTESIAN_POINT('',(136.144,-71.12,1.51));
#10873 = CIRCLE('',#10874,1.016001671896);
#10874 = AXIS2_PLACEMENT_3D('',#10875,#10876,#10877);
#10875 = CARTESIAN_POINT('',(137.16000167189,-71.12000167189,1.51));
#10876 = DIRECTION('',(0.,0.,-1.));
#10877 = DIRECTION('',(-0.999999999999,1.645562516009E-06,0.));
#10878 = ORIENTED_EDGE('',*,*,#10879,.F.);
#10879 = EDGE_CURVE('',#10880,#10871,#10882,.T.);
#10880 = VERTEX_POINT('',#10881);
#10881 = CARTESIAN_POINT('',(136.144,-78.232,1.51));
#10882 = LINE('',#10883,#10884);
#10883 = CARTESIAN_POINT('',(136.144,-78.232,1.51));
#10884 = VECTOR('',#10885,1.);
#10885 = DIRECTION('',(0.,1.,0.));
#10886 = ORIENTED_EDGE('',*,*,#10887,.F.);
#10887 = EDGE_CURVE('',#10888,#10880,#10890,.T.);
#10888 = VERTEX_POINT('',#10889);
#10889 = CARTESIAN_POINT('',(137.16,-79.248,1.51));
#10890 = CIRCLE('',#10891,1.016001671896);
#10891 = AXIS2_PLACEMENT_3D('',#10892,#10893,#10894);
#10892 = CARTESIAN_POINT('',(137.16000167189,-78.2319983281,1.51));
#10893 = DIRECTION('',(0.,0.,-1.));
#10894 = DIRECTION('',(-1.645562571957E-06,-0.999999999999,-0.));
#10895 = ORIENTED_EDGE('',*,*,#10896,.F.);
#10896 = EDGE_CURVE('',#10897,#10888,#10899,.T.);
#10897 = VERTEX_POINT('',#10898);
#10898 = CARTESIAN_POINT('',(145.288,-79.248,1.51));
#10899 = LINE('',#10900,#10901);
#10900 = CARTESIAN_POINT('',(145.288,-79.248,1.51));
#10901 = VECTOR('',#10902,1.);
#10902 = DIRECTION('',(-1.,0.,0.));
#10903 = ORIENTED_EDGE('',*,*,#10904,.F.);
#10904 = EDGE_CURVE('',#10754,#10897,#10905,.T.);
#10905 = CIRCLE('',#10906,1.016001671896);
#10906 = AXIS2_PLACEMENT_3D('',#10907,#10908,#10909);
#10907 = CARTESIAN_POINT('',(145.2879983281,-78.2319983281,1.51));
#10908 = DIRECTION('',(0.,0.,-1.));
#10909 = DIRECTION('',(0.999999999999,-1.645562599931E-06,0.));
#10910 = ORIENTED_EDGE('',*,*,#10753,.F.);
#10911 = FACE_BOUND('',#10912,.T.);
#10912 = EDGE_LOOP('',(#10913));
#10913 = ORIENTED_EDGE('',*,*,#10914,.T.);
#10914 = EDGE_CURVE('',#10915,#10915,#10917,.T.);
#10915 = VERTEX_POINT('',#10916);
#10916 = CARTESIAN_POINT('',(143.854,-77.051,1.51));
#10917 = CIRCLE('',#10918,0.375);
#10918 = AXIS2_PLACEMENT_3D('',#10919,#10920,#10921);
#10919 = CARTESIAN_POINT('',(143.854,-76.676,1.51));
#10920 = DIRECTION('',(-0.,0.,-1.));
#10921 = DIRECTION('',(-0.,-1.,0.));
#10922 = FACE_BOUND('',#10923,.T.);
#10923 = EDGE_LOOP('',(#10924));
#10924 = ORIENTED_EDGE('',*,*,#10925,.T.);
#10925 = EDGE_CURVE('',#10926,#10926,#10928,.T.);
#10926 = VERTEX_POINT('',#10927);
#10927 = CARTESIAN_POINT('',(143.854,-75.051,1.51));
#10928 = CIRCLE('',#10929,0.375);
#10929 = AXIS2_PLACEMENT_3D('',#10930,#10931,#10932);
#10930 = CARTESIAN_POINT('',(143.854,-74.676,1.51));
#10931 = DIRECTION('',(-0.,0.,-1.));
#10932 = DIRECTION('',(-0.,-1.,0.));
#10933 = FACE_BOUND('',#10934,.T.);
#10934 = EDGE_LOOP('',(#10935));
#10935 = ORIENTED_EDGE('',*,*,#10936,.T.);
#10936 = EDGE_CURVE('',#10937,#10937,#10939,.T.);
#10937 = VERTEX_POINT('',#10938);
#10938 = CARTESIAN_POINT('',(143.854,-73.051,1.51));
#10939 = CIRCLE('',#10940,0.375);
#10940 = AXIS2_PLACEMENT_3D('',#10941,#10942,#10943);
#10941 = CARTESIAN_POINT('',(143.854,-72.676,1.51));
#10942 = DIRECTION('',(-0.,0.,-1.));
#10943 = DIRECTION('',(-0.,-1.,0.));
#10944 = PLANE('',#10945);
#10945 = AXIS2_PLACEMENT_3D('',#10946,#10947,#10948);
#10946 = CARTESIAN_POINT('',(0.,0.,1.51));
#10947 = DIRECTION('',(0.,0.,1.));
#10948 = DIRECTION('',(1.,0.,-0.));
#10949 = ADVANCED_FACE('',(#10950),#10961,.T.);
#10950 = FACE_BOUND('',#10951,.T.);
#10951 = EDGE_LOOP('',(#10952,#10958,#10959,#10960));
#10952 = ORIENTED_EDGE('',*,*,#10953,.T.);
#10953 = EDGE_CURVE('',#10786,#10871,#10954,.T.);
#10954 = LINE('',#10955,#10956);
#10955 = CARTESIAN_POINT('',(136.144,-71.12,0.));
#10956 = VECTOR('',#10957,1.);
#10957 = DIRECTION('',(0.,0.,1.));
#10958 = ORIENTED_EDGE('',*,*,#10870,.T.);
#10959 = ORIENTED_EDGE('',*,*,#10721,.F.);
#10960 = ORIENTED_EDGE('',*,*,#10785,.F.);
#10961 = CYLINDRICAL_SURFACE('',#10962,1.016001671896);
#10962 = AXIS2_PLACEMENT_3D('',#10963,#10964,#10965);
#10963 = CARTESIAN_POINT('',(137.16000167189,-71.12000167189,0.));
#10964 = DIRECTION('',(0.,0.,-1.));
#10965 = DIRECTION('',(-0.999999999999,1.645562516009E-06,0.));
#10966 = ADVANCED_FACE('',(#10967),#10978,.T.);
#10967 = FACE_BOUND('',#10968,.T.);
#10968 = EDGE_LOOP('',(#10969,#10970,#10971,#10977));
#10969 = ORIENTED_EDGE('',*,*,#10761,.T.);
#10970 = ORIENTED_EDGE('',*,*,#10904,.T.);
#10971 = ORIENTED_EDGE('',*,*,#10972,.F.);
#10972 = EDGE_CURVE('',#10812,#10897,#10973,.T.);
#10973 = LINE('',#10974,#10975);
#10974 = CARTESIAN_POINT('',(145.288,-79.248,0.));
#10975 = VECTOR('',#10976,1.);
#10976 = DIRECTION('',(0.,0.,1.));
#10977 = ORIENTED_EDGE('',*,*,#10819,.F.);
#10978 = CYLINDRICAL_SURFACE('',#10979,1.016001671896);
#10979 = AXIS2_PLACEMENT_3D('',#10980,#10981,#10982);
#10980 = CARTESIAN_POINT('',(145.2879983281,-78.2319983281,0.));
#10981 = DIRECTION('',(0.,0.,-1.));
#10982 = DIRECTION('',(0.999999999999,-1.645562599931E-06,0.));
#10983 = ADVANCED_FACE('',(#10984),#10995,.T.);
#10984 = FACE_BOUND('',#10985,.T.);
#10985 = EDGE_LOOP('',(#10986,#10992,#10993,#10994));
#10986 = ORIENTED_EDGE('',*,*,#10987,.T.);
#10987 = EDGE_CURVE('',#10795,#10880,#10988,.T.);
#10988 = LINE('',#10989,#10990);
#10989 = CARTESIAN_POINT('',(136.144,-78.232,0.));
#10990 = VECTOR('',#10991,1.);
#10991 = DIRECTION('',(0.,0.,1.));
#10992 = ORIENTED_EDGE('',*,*,#10879,.T.);
#10993 = ORIENTED_EDGE('',*,*,#10953,.F.);
#10994 = ORIENTED_EDGE('',*,*,#10794,.F.);
#10995 = PLANE('',#10996);
#10996 = AXIS2_PLACEMENT_3D('',#10997,#10998,#10999);
#10997 = CARTESIAN_POINT('',(136.144,-78.232,0.));
#10998 = DIRECTION('',(-1.,0.,0.));
#10999 = DIRECTION('',(0.,1.,0.));
#11000 = ADVANCED_FACE('',(#11001),#11012,.T.);
#11001 = FACE_BOUND('',#11002,.T.);
#11002 = EDGE_LOOP('',(#11003,#11004,#11005,#11011));
#11003 = ORIENTED_EDGE('',*,*,#10972,.T.);
#11004 = ORIENTED_EDGE('',*,*,#10896,.T.);
#11005 = ORIENTED_EDGE('',*,*,#11006,.F.);
#11006 = EDGE_CURVE('',#10803,#10888,#11007,.T.);
#11007 = LINE('',#11008,#11009);
#11008 = CARTESIAN_POINT('',(137.16,-79.248,0.));
#11009 = VECTOR('',#11010,1.);
#11010 = DIRECTION('',(0.,0.,1.));
#11011 = ORIENTED_EDGE('',*,*,#10811,.F.);
#11012 = PLANE('',#11013);
#11013 = AXIS2_PLACEMENT_3D('',#11014,#11015,#11016);
#11014 = CARTESIAN_POINT('',(145.288,-79.248,0.));
#11015 = DIRECTION('',(0.,-1.,0.));
#11016 = DIRECTION('',(-1.,0.,0.));
#11017 = ADVANCED_FACE('',(#11018),#11024,.T.);
#11018 = FACE_BOUND('',#11019,.T.);
#11019 = EDGE_LOOP('',(#11020,#11021,#11022,#11023));
#11020 = ORIENTED_EDGE('',*,*,#11006,.T.);
#11021 = ORIENTED_EDGE('',*,*,#10887,.T.);
#11022 = ORIENTED_EDGE('',*,*,#10987,.F.);
#11023 = ORIENTED_EDGE('',*,*,#10802,.F.);
#11024 = CYLINDRICAL_SURFACE('',#11025,1.016001671896);
#11025 = AXIS2_PLACEMENT_3D('',#11026,#11027,#11028);
#11026 = CARTESIAN_POINT('',(137.16000167189,-78.2319983281,0.));
#11027 = DIRECTION('',(0.,0.,-1.));
#11028 = DIRECTION('',(-1.645562571957E-06,-0.999999999999,-0.));
#11029 = ADVANCED_FACE('',(#11030),#11041,.F.);
#11030 = FACE_BOUND('',#11031,.T.);
#11031 = EDGE_LOOP('',(#11032,#11033,#11039,#11040));
#11032 = ORIENTED_EDGE('',*,*,#10829,.T.);
#11033 = ORIENTED_EDGE('',*,*,#11034,.T.);
#11034 = EDGE_CURVE('',#10830,#10915,#11035,.T.);
#11035 = LINE('',#11036,#11037);
#11036 = CARTESIAN_POINT('',(143.854,-77.051,-4.6E-02));
#11037 = VECTOR('',#11038,1.);
#11038 = DIRECTION('',(0.,0.,1.));
#11039 = ORIENTED_EDGE('',*,*,#10914,.F.);
#11040 = ORIENTED_EDGE('',*,*,#11034,.F.);
#11041 = CYLINDRICAL_SURFACE('',#11042,0.375);
#11042 = AXIS2_PLACEMENT_3D('',#11043,#11044,#11045);
#11043 = CARTESIAN_POINT('',(143.854,-76.676,-4.6E-02));
#11044 = DIRECTION('',(-0.,-0.,-1.));
#11045 = DIRECTION('',(-0.,-1.,0.));
#11046 = ADVANCED_FACE('',(#11047),#11058,.F.);
#11047 = FACE_BOUND('',#11048,.T.);
#11048 = EDGE_LOOP('',(#11049,#11050,#11056,#11057));
#11049 = ORIENTED_EDGE('',*,*,#10840,.T.);
#11050 = ORIENTED_EDGE('',*,*,#11051,.T.);
#11051 = EDGE_CURVE('',#10841,#10926,#11052,.T.);
#11052 = LINE('',#11053,#11054);
#11053 = CARTESIAN_POINT('',(143.854,-75.051,-4.6E-02));
#11054 = VECTOR('',#11055,1.);
#11055 = DIRECTION('',(0.,0.,1.));
#11056 = ORIENTED_EDGE('',*,*,#10925,.F.);
#11057 = ORIENTED_EDGE('',*,*,#11051,.F.);
#11058 = CYLINDRICAL_SURFACE('',#11059,0.375);
#11059 = AXIS2_PLACEMENT_3D('',#11060,#11061,#11062);
#11060 = CARTESIAN_POINT('',(143.854,-74.676,-4.6E-02));
#11061 = DIRECTION('',(-0.,-0.,-1.));
#11062 = DIRECTION('',(-0.,-1.,0.));
#11063 = ADVANCED_FACE('',(#11064),#11075,.F.);
#11064 = FACE_BOUND('',#11065,.T.);
#11065 = EDGE_LOOP('',(#11066,#11067,#11073,#11074));
#11066 = ORIENTED_EDGE('',*,*,#10851,.T.);
#11067 = ORIENTED_EDGE('',*,*,#11068,.T.);
#11068 = EDGE_CURVE('',#10852,#10937,#11069,.T.);
#11069 = LINE('',#11070,#11071);
#11070 = CARTESIAN_POINT('',(143.854,-73.051,-4.6E-02));
#11071 = VECTOR('',#11072,1.);
#11072 = DIRECTION('',(0.,0.,1.));
#11073 = ORIENTED_EDGE('',*,*,#10936,.F.);
#11074 = ORIENTED_EDGE('',*,*,#11068,.F.);
#11075 = CYLINDRICAL_SURFACE('',#11076,0.375);
#11076 = AXIS2_PLACEMENT_3D('',#11077,#11078,#11079);
#11077 = CARTESIAN_POINT('',(143.854,-72.676,-4.6E-02));
#11078 = DIRECTION('',(-0.,-0.,-1.));
#11079 = DIRECTION('',(-0.,-1.,0.));
#11080 = ( GEOMETRIC_REPRESENTATION_CONTEXT(3) 
GLOBAL_UNCERTAINTY_ASSIGNED_CONTEXT((#11084)) 
GLOBAL_UNIT_ASSIGNED_CONTEXT((#11081,#11082,#11083)) 
REPRESENTATION_CONTEXT('Context #1',
  '3D Context with UNIT and UNCERTAINTY') );
#11081 = ( LENGTH_UNIT() NAMED_UNIT(*) SI_UNIT(.MILLI.,.METRE.) );
#11082 = ( NAMED_UNIT(*) PLANE_ANGLE_UNIT() SI_UNIT($,.RADIAN.) );
#11083 = ( NAMED_UNIT(*) SI_UNIT($,.STERADIAN.) SOLID_ANGLE_UNIT() );
#11084 = UNCERTAINTY_MEASURE_WITH_UNIT(LENGTH_MEASURE(1.E-07),#11081,
  'distance_accuracy_value','confusion accuracy');
#11085 = CONTEXT_DEPENDENT_SHAPE_REPRESENTATION(#11086,#11088);
#11086 = ( REPRESENTATION_RELATIONSHIP('','',#10672,#10) 
REPRESENTATION_RELATIONSHIP_WITH_TRANSFORMATION(#11087) 
SHAPE_REPRESENTATION_RELATIONSHIP() );
#11087 = ITEM_DEFINED_TRANSFORMATION('','',#11,#31);
#11088 = PRODUCT_DEFINITION_SHAPE('Placement','Placement of an item',
  #11089);
#11089 = NEXT_ASSEMBLY_USAGE_OCCURRENCE('5','=>[0:1:1:6]','',#5,#10667,$
  );
#11090 = PRODUCT_RELATED_PRODUCT_CATEGORY('part',$,(#10669));
#11091 = MECHANICAL_DESIGN_GEOMETRIC_PRESENTATION_REPRESENTATION('',(
    #11092),#11080);
#11092 = STYLED_ITEM('color',(#11093),#10673);
#11093 = PRESENTATION_STYLE_ASSIGNMENT((#11094));
#11094 = SURFACE_STYLE_USAGE(.BOTH.,#11095);
#11095 = SURFACE_SIDE_STYLE('',(#11096));
#11096 = SURFACE_STYLE_FILL_AREA(#11097);
#11097 = FILL_AREA_STYLE('',(#11098));
#11098 = FILL_AREA_STYLE_COLOUR('',#11099);
#11099 = COLOUR_RGB('',0.313304153717,0.484529207832,0.410020903123);
#11100 = MECHANICAL_DESIGN_GEOMETRIC_PRESENTATION_REPRESENTATION('',(
    #11101,#11109,#11116,#11123,#11130,#11137,#11144,#11151,#11158,
    #11165,#11172,#11179,#11186,#11193,#11200,#11207,#11214,#11221,
    #11228,#11235,#11242,#11249,#11256,#11263,#11270,#11277,#11284,
    #11291,#11298,#11305,#11312,#11319,#11326,#11333,#11340,#11347,
    #11354,#11361,#11368,#11375,#11382,#11389,#11396,#11403,#11410,
    #11417,#11424,#11431,#11438,#11445,#11452,#11459,#11466,#11473,
    #11480,#11487,#11494,#11501,#11508,#11515,#11522,#11529,#11536,
    #11543,#11551,#11558,#11565,#11572,#11579,#11586,#11593,#11600,
    #11607,#11614,#11621,#11628,#11635,#11642,#11649,#11656,#11663,
    #11670,#11677,#11684,#11691,#11698,#11705,#11712,#11719,#11726,
    #11733,#11740,#11747,#11754,#11761,#11768,#11775,#11782,#11789,
    #11796,#11803,#11810,#11817,#11824,#11831,#11838,#11845,#11852,
    #11859,#11866,#11873,#11880,#11887,#11894,#11901,#11908,#11915,
    #11922,#11929,#11936,#11943,#11950,#11957,#11964,#11971,#11978,
    #11985,#11992,#11999,#12006,#12013,#12020,#12027,#12034,#12041,
    #12048,#12055,#12062,#12069,#12076,#12083,#12090),#8972);
#11101 = STYLED_ITEM('color',(#11102),#4538);
#11102 = PRESENTATION_STYLE_ASSIGNMENT((#11103));
#11103 = SURFACE_STYLE_USAGE(.BOTH.,#11104);
#11104 = SURFACE_SIDE_STYLE('',(#11105));
#11105 = SURFACE_STYLE_FILL_AREA(#11106);
#11106 = FILL_AREA_STYLE('',(#11107));
#11107 = FILL_AREA_STYLE_COLOUR('',#11108);
#11108 = COLOUR_RGB('',0.894117649055,0.890196087049,0.811764731185);
#11109 = STYLED_ITEM('color',(#11110),#4578);
#11110 = PRESENTATION_STYLE_ASSIGNMENT((#11111));
#11111 = SURFACE_STYLE_USAGE(.BOTH.,#11112);
#11112 = SURFACE_SIDE_STYLE('',(#11113));
#11113 = SURFACE_STYLE_FILL_AREA(#11114);
#11114 = FILL_AREA_STYLE('',(#11115));
#11115 = FILL_AREA_STYLE_COLOUR('',#11108);
#11116 = STYLED_ITEM('color',(#11117),#4658);
#11117 = PRESENTATION_STYLE_ASSIGNMENT((#11118));
#11118 = SURFACE_STYLE_USAGE(.BOTH.,#11119);
#11119 = SURFACE_SIDE_STYLE('',(#11120));
#11120 = SURFACE_STYLE_FILL_AREA(#11121);
#11121 = FILL_AREA_STYLE('',(#11122));
#11122 = FILL_AREA_STYLE_COLOUR('',#11108);
#11123 = STYLED_ITEM('color',(#11124),#4746);
#11124 = PRESENTATION_STYLE_ASSIGNMENT((#11125));
#11125 = SURFACE_STYLE_USAGE(.BOTH.,#11126);
#11126 = SURFACE_SIDE_STYLE('',(#11127));
#11127 = SURFACE_STYLE_FILL_AREA(#11128);
#11128 = FILL_AREA_STYLE('',(#11129));
#11129 = FILL_AREA_STYLE_COLOUR('',#11108);
#11130 = STYLED_ITEM('color',(#11131),#4803);
#11131 = PRESENTATION_STYLE_ASSIGNMENT((#11132));
#11132 = SURFACE_STYLE_USAGE(.BOTH.,#11133);
#11133 = SURFACE_SIDE_STYLE('',(#11134));
#11134 = SURFACE_STYLE_FILL_AREA(#11135);
#11135 = FILL_AREA_STYLE('',(#11136));
#11136 = FILL_AREA_STYLE_COLOUR('',#11108);
#11137 = STYLED_ITEM('color',(#11138),#4820);
#11138 = PRESENTATION_STYLE_ASSIGNMENT((#11139));
#11139 = SURFACE_STYLE_USAGE(.BOTH.,#11140);
#11140 = SURFACE_SIDE_STYLE('',(#11141));
#11141 = SURFACE_STYLE_FILL_AREA(#11142);
#11142 = FILL_AREA_STYLE('',(#11143));
#11143 = FILL_AREA_STYLE_COLOUR('',#11108);
#11144 = STYLED_ITEM('color',(#11145),#4844);
#11145 = PRESENTATION_STYLE_ASSIGNMENT((#11146));
#11146 = SURFACE_STYLE_USAGE(.BOTH.,#11147);
#11147 = SURFACE_SIDE_STYLE('',(#11148));
#11148 = SURFACE_STYLE_FILL_AREA(#11149);
#11149 = FILL_AREA_STYLE('',(#11150));
#11150 = FILL_AREA_STYLE_COLOUR('',#11108);
#11151 = STYLED_ITEM('color',(#11152),#4868);
#11152 = PRESENTATION_STYLE_ASSIGNMENT((#11153));
#11153 = SURFACE_STYLE_USAGE(.BOTH.,#11154);
#11154 = SURFACE_SIDE_STYLE('',(#11155));
#11155 = SURFACE_STYLE_FILL_AREA(#11156);
#11156 = FILL_AREA_STYLE('',(#11157));
#11157 = FILL_AREA_STYLE_COLOUR('',#11108);
#11158 = STYLED_ITEM('color',(#11159),#4892);
#11159 = PRESENTATION_STYLE_ASSIGNMENT((#11160));
#11160 = SURFACE_STYLE_USAGE(.BOTH.,#11161);
#11161 = SURFACE_SIDE_STYLE('',(#11162));
#11162 = SURFACE_STYLE_FILL_AREA(#11163);
#11163 = FILL_AREA_STYLE('',(#11164));
#11164 = FILL_AREA_STYLE_COLOUR('',#11108);
#11165 = STYLED_ITEM('color',(#11166),#4948);
#11166 = PRESENTATION_STYLE_ASSIGNMENT((#11167));
#11167 = SURFACE_STYLE_USAGE(.BOTH.,#11168);
#11168 = SURFACE_SIDE_STYLE('',(#11169));
#11169 = SURFACE_STYLE_FILL_AREA(#11170);
#11170 = FILL_AREA_STYLE('',(#11171));
#11171 = FILL_AREA_STYLE_COLOUR('',#11108);
#11172 = STYLED_ITEM('color',(#11173),#5116);
#11173 = PRESENTATION_STYLE_ASSIGNMENT((#11174));
#11174 = SURFACE_STYLE_USAGE(.BOTH.,#11175);
#11175 = SURFACE_SIDE_STYLE('',(#11176));
#11176 = SURFACE_STYLE_FILL_AREA(#11177);
#11177 = FILL_AREA_STYLE('',(#11178));
#11178 = FILL_AREA_STYLE_COLOUR('',#11108);
#11179 = STYLED_ITEM('color',(#11180),#5147);
#11180 = PRESENTATION_STYLE_ASSIGNMENT((#11181));
#11181 = SURFACE_STYLE_USAGE(.BOTH.,#11182);
#11182 = SURFACE_SIDE_STYLE('',(#11183));
#11183 = SURFACE_STYLE_FILL_AREA(#11184);
#11184 = FILL_AREA_STYLE('',(#11185));
#11185 = FILL_AREA_STYLE_COLOUR('',#11108);
#11186 = STYLED_ITEM('color',(#11187),#5159);
#11187 = PRESENTATION_STYLE_ASSIGNMENT((#11188));
#11188 = SURFACE_STYLE_USAGE(.BOTH.,#11189);
#11189 = SURFACE_SIDE_STYLE('',(#11190));
#11190 = SURFACE_STYLE_FILL_AREA(#11191);
#11191 = FILL_AREA_STYLE('',(#11192));
#11192 = FILL_AREA_STYLE_COLOUR('',#11108);
#11193 = STYLED_ITEM('color',(#11194),#5277);
#11194 = PRESENTATION_STYLE_ASSIGNMENT((#11195));
#11195 = SURFACE_STYLE_USAGE(.BOTH.,#11196);
#11196 = SURFACE_SIDE_STYLE('',(#11197));
#11197 = SURFACE_STYLE_FILL_AREA(#11198);
#11198 = FILL_AREA_STYLE('',(#11199));
#11199 = FILL_AREA_STYLE_COLOUR('',#11108);
#11200 = STYLED_ITEM('color',(#11201),#5291);
#11201 = PRESENTATION_STYLE_ASSIGNMENT((#11202));
#11202 = SURFACE_STYLE_USAGE(.BOTH.,#11203);
#11203 = SURFACE_SIDE_STYLE('',(#11204));
#11204 = SURFACE_STYLE_FILL_AREA(#11205);
#11205 = FILL_AREA_STYLE('',(#11206));
#11206 = FILL_AREA_STYLE_COLOUR('',#11108);
#11207 = STYLED_ITEM('color',(#11208),#5379);
#11208 = PRESENTATION_STYLE_ASSIGNMENT((#11209));
#11209 = SURFACE_STYLE_USAGE(.BOTH.,#11210);
#11210 = SURFACE_SIDE_STYLE('',(#11211));
#11211 = SURFACE_STYLE_FILL_AREA(#11212);
#11212 = FILL_AREA_STYLE('',(#11213));
#11213 = FILL_AREA_STYLE_COLOUR('',#11108);
#11214 = STYLED_ITEM('color',(#11215),#5436);
#11215 = PRESENTATION_STYLE_ASSIGNMENT((#11216));
#11216 = SURFACE_STYLE_USAGE(.BOTH.,#11217);
#11217 = SURFACE_SIDE_STYLE('',(#11218));
#11218 = SURFACE_STYLE_FILL_AREA(#11219);
#11219 = FILL_AREA_STYLE('',(#11220));
#11220 = FILL_AREA_STYLE_COLOUR('',#11108);
#11221 = STYLED_ITEM('color',(#11222),#5460);
#11222 = PRESENTATION_STYLE_ASSIGNMENT((#11223));
#11223 = SURFACE_STYLE_USAGE(.BOTH.,#11224);
#11224 = SURFACE_SIDE_STYLE('',(#11225));
#11225 = SURFACE_STYLE_FILL_AREA(#11226);
#11226 = FILL_AREA_STYLE('',(#11227));
#11227 = FILL_AREA_STYLE_COLOUR('',#11108);
#11228 = STYLED_ITEM('color',(#11229),#5533);
#11229 = PRESENTATION_STYLE_ASSIGNMENT((#11230));
#11230 = SURFACE_STYLE_USAGE(.BOTH.,#11231);
#11231 = SURFACE_SIDE_STYLE('',(#11232));
#11232 = SURFACE_STYLE_FILL_AREA(#11233);
#11233 = FILL_AREA_STYLE('',(#11234));
#11234 = FILL_AREA_STYLE_COLOUR('',#11108);
#11235 = STYLED_ITEM('color',(#11236),#5557);
#11236 = PRESENTATION_STYLE_ASSIGNMENT((#11237));
#11237 = SURFACE_STYLE_USAGE(.BOTH.,#11238);
#11238 = SURFACE_SIDE_STYLE('',(#11239));
#11239 = SURFACE_STYLE_FILL_AREA(#11240);
#11240 = FILL_AREA_STYLE('',(#11241));
#11241 = FILL_AREA_STYLE_COLOUR('',#11108);
#11242 = STYLED_ITEM('color',(#11243),#5590);
#11243 = PRESENTATION_STYLE_ASSIGNMENT((#11244));
#11244 = SURFACE_STYLE_USAGE(.BOTH.,#11245);
#11245 = SURFACE_SIDE_STYLE('',(#11246));
#11246 = SURFACE_STYLE_FILL_AREA(#11247);
#11247 = FILL_AREA_STYLE('',(#11248));
#11248 = FILL_AREA_STYLE_COLOUR('',#11108);
#11249 = STYLED_ITEM('color',(#11250),#5701);
#11250 = PRESENTATION_STYLE_ASSIGNMENT((#11251));
#11251 = SURFACE_STYLE_USAGE(.BOTH.,#11252);
#11252 = SURFACE_SIDE_STYLE('',(#11253));
#11253 = SURFACE_STYLE_FILL_AREA(#11254);
#11254 = FILL_AREA_STYLE('',(#11255));
#11255 = FILL_AREA_STYLE_COLOUR('',#11108);
#11256 = STYLED_ITEM('color',(#11257),#5875);
#11257 = PRESENTATION_STYLE_ASSIGNMENT((#11258));
#11258 = SURFACE_STYLE_USAGE(.BOTH.,#11259);
#11259 = SURFACE_SIDE_STYLE('',(#11260));
#11260 = SURFACE_STYLE_FILL_AREA(#11261);
#11261 = FILL_AREA_STYLE('',(#11262));
#11262 = FILL_AREA_STYLE_COLOUR('',#11108);
#11263 = STYLED_ITEM('color',(#11264),#5915);
#11264 = PRESENTATION_STYLE_ASSIGNMENT((#11265));
#11265 = SURFACE_STYLE_USAGE(.BOTH.,#11266);
#11266 = SURFACE_SIDE_STYLE('',(#11267));
#11267 = SURFACE_STYLE_FILL_AREA(#11268);
#11268 = FILL_AREA_STYLE('',(#11269));
#11269 = FILL_AREA_STYLE_COLOUR('',#11108);
#11270 = STYLED_ITEM('color',(#11271),#5946);
#11271 = PRESENTATION_STYLE_ASSIGNMENT((#11272));
#11272 = SURFACE_STYLE_USAGE(.BOTH.,#11273);
#11273 = SURFACE_SIDE_STYLE('',(#11274));
#11274 = SURFACE_STYLE_FILL_AREA(#11275);
#11275 = FILL_AREA_STYLE('',(#11276));
#11276 = FILL_AREA_STYLE_COLOUR('',#11108);
#11277 = STYLED_ITEM('color',(#11278),#5964);
#11278 = PRESENTATION_STYLE_ASSIGNMENT((#11279));
#11279 = SURFACE_STYLE_USAGE(.BOTH.,#11280);
#11280 = SURFACE_SIDE_STYLE('',(#11281));
#11281 = SURFACE_STYLE_FILL_AREA(#11282);
#11282 = FILL_AREA_STYLE('',(#11283));
#11283 = FILL_AREA_STYLE_COLOUR('',#11108);
#11284 = STYLED_ITEM('color',(#11285),#5981);
#11285 = PRESENTATION_STYLE_ASSIGNMENT((#11286));
#11286 = SURFACE_STYLE_USAGE(.BOTH.,#11287);
#11287 = SURFACE_SIDE_STYLE('',(#11288));
#11288 = SURFACE_STYLE_FILL_AREA(#11289);
#11289 = FILL_AREA_STYLE('',(#11290));
#11290 = FILL_AREA_STYLE_COLOUR('',#11108);
#11291 = STYLED_ITEM('color',(#11292),#5999);
#11292 = PRESENTATION_STYLE_ASSIGNMENT((#11293));
#11293 = SURFACE_STYLE_USAGE(.BOTH.,#11294);
#11294 = SURFACE_SIDE_STYLE('',(#11295));
#11295 = SURFACE_STYLE_FILL_AREA(#11296);
#11296 = FILL_AREA_STYLE('',(#11297));
#11297 = FILL_AREA_STYLE_COLOUR('',#11108);
#11298 = STYLED_ITEM('color',(#11299),#6025);
#11299 = PRESENTATION_STYLE_ASSIGNMENT((#11300));
#11300 = SURFACE_STYLE_USAGE(.BOTH.,#11301);
#11301 = SURFACE_SIDE_STYLE('',(#11302));
#11302 = SURFACE_STYLE_FILL_AREA(#11303);
#11303 = FILL_AREA_STYLE('',(#11304));
#11304 = FILL_AREA_STYLE_COLOUR('',#11108);
#11305 = STYLED_ITEM('color',(#11306),#6056);
#11306 = PRESENTATION_STYLE_ASSIGNMENT((#11307));
#11307 = SURFACE_STYLE_USAGE(.BOTH.,#11308);
#11308 = SURFACE_SIDE_STYLE('',(#11309));
#11309 = SURFACE_STYLE_FILL_AREA(#11310);
#11310 = FILL_AREA_STYLE('',(#11311));
#11311 = FILL_AREA_STYLE_COLOUR('',#11108);
#11312 = STYLED_ITEM('color',(#11313),#6073);
#11313 = PRESENTATION_STYLE_ASSIGNMENT((#11314));
#11314 = SURFACE_STYLE_USAGE(.BOTH.,#11315);
#11315 = SURFACE_SIDE_STYLE('',(#11316));
#11316 = SURFACE_STYLE_FILL_AREA(#11317);
#11317 = FILL_AREA_STYLE('',(#11318));
#11318 = FILL_AREA_STYLE_COLOUR('',#11108);
#11319 = STYLED_ITEM('color',(#11320),#6106);
#11320 = PRESENTATION_STYLE_ASSIGNMENT((#11321));
#11321 = SURFACE_STYLE_USAGE(.BOTH.,#11322);
#11322 = SURFACE_SIDE_STYLE('',(#11323));
#11323 = SURFACE_STYLE_FILL_AREA(#11324);
#11324 = FILL_AREA_STYLE('',(#11325));
#11325 = FILL_AREA_STYLE_COLOUR('',#11108);
#11326 = STYLED_ITEM('color',(#11327),#6130);
#11327 = PRESENTATION_STYLE_ASSIGNMENT((#11328));
#11328 = SURFACE_STYLE_USAGE(.BOTH.,#11329);
#11329 = SURFACE_SIDE_STYLE('',(#11330));
#11330 = SURFACE_STYLE_FILL_AREA(#11331);
#11331 = FILL_AREA_STYLE('',(#11332));
#11332 = FILL_AREA_STYLE_COLOUR('',#11108);
#11333 = STYLED_ITEM('color',(#11334),#6161);
#11334 = PRESENTATION_STYLE_ASSIGNMENT((#11335));
#11335 = SURFACE_STYLE_USAGE(.BOTH.,#11336);
#11336 = SURFACE_SIDE_STYLE('',(#11337));
#11337 = SURFACE_STYLE_FILL_AREA(#11338);
#11338 = FILL_AREA_STYLE('',(#11339));
#11339 = FILL_AREA_STYLE_COLOUR('',#11108);
#11340 = STYLED_ITEM('color',(#11341),#6178);
#11341 = PRESENTATION_STYLE_ASSIGNMENT((#11342));
#11342 = SURFACE_STYLE_USAGE(.BOTH.,#11343);
#11343 = SURFACE_SIDE_STYLE('',(#11344));
#11344 = SURFACE_STYLE_FILL_AREA(#11345);
#11345 = FILL_AREA_STYLE('',(#11346));
#11346 = FILL_AREA_STYLE_COLOUR('',#11108);
#11347 = STYLED_ITEM('color',(#11348),#6211);
#11348 = PRESENTATION_STYLE_ASSIGNMENT((#11349));
#11349 = SURFACE_STYLE_USAGE(.BOTH.,#11350);
#11350 = SURFACE_SIDE_STYLE('',(#11351));
#11351 = SURFACE_STYLE_FILL_AREA(#11352);
#11352 = FILL_AREA_STYLE('',(#11353));
#11353 = FILL_AREA_STYLE_COLOUR('',#11108);
#11354 = STYLED_ITEM('color',(#11355),#6251);
#11355 = PRESENTATION_STYLE_ASSIGNMENT((#11356));
#11356 = SURFACE_STYLE_USAGE(.BOTH.,#11357);
#11357 = SURFACE_SIDE_STYLE('',(#11358));
#11358 = SURFACE_STYLE_FILL_AREA(#11359);
#11359 = FILL_AREA_STYLE('',(#11360));
#11360 = FILL_AREA_STYLE_COLOUR('',#11108);
#11361 = STYLED_ITEM('color',(#11362),#6274);
#11362 = PRESENTATION_STYLE_ASSIGNMENT((#11363));
#11363 = SURFACE_STYLE_USAGE(.BOTH.,#11364);
#11364 = SURFACE_SIDE_STYLE('',(#11365));
#11365 = SURFACE_STYLE_FILL_AREA(#11366);
#11366 = FILL_AREA_STYLE('',(#11367));
#11367 = FILL_AREA_STYLE_COLOUR('',#11108);
#11368 = STYLED_ITEM('color',(#11369),#6323);
#11369 = PRESENTATION_STYLE_ASSIGNMENT((#11370));
#11370 = SURFACE_STYLE_USAGE(.BOTH.,#11371);
#11371 = SURFACE_SIDE_STYLE('',(#11372));
#11372 = SURFACE_STYLE_FILL_AREA(#11373);
#11373 = FILL_AREA_STYLE('',(#11374));
#11374 = FILL_AREA_STYLE_COLOUR('',#11108);
#11375 = STYLED_ITEM('color',(#11376),#6347);
#11376 = PRESENTATION_STYLE_ASSIGNMENT((#11377));
#11377 = SURFACE_STYLE_USAGE(.BOTH.,#11378);
#11378 = SURFACE_SIDE_STYLE('',(#11379));
#11379 = SURFACE_STYLE_FILL_AREA(#11380);
#11380 = FILL_AREA_STYLE('',(#11381));
#11381 = FILL_AREA_STYLE_COLOUR('',#11108);
#11382 = STYLED_ITEM('color',(#11383),#6394);
#11383 = PRESENTATION_STYLE_ASSIGNMENT((#11384));
#11384 = SURFACE_STYLE_USAGE(.BOTH.,#11385);
#11385 = SURFACE_SIDE_STYLE('',(#11386));
#11386 = SURFACE_STYLE_FILL_AREA(#11387);
#11387 = FILL_AREA_STYLE('',(#11388));
#11388 = FILL_AREA_STYLE_COLOUR('',#11108);
#11389 = STYLED_ITEM('color',(#11390),#6411);
#11390 = PRESENTATION_STYLE_ASSIGNMENT((#11391));
#11391 = SURFACE_STYLE_USAGE(.BOTH.,#11392);
#11392 = SURFACE_SIDE_STYLE('',(#11393));
#11393 = SURFACE_STYLE_FILL_AREA(#11394);
#11394 = FILL_AREA_STYLE('',(#11395));
#11395 = FILL_AREA_STYLE_COLOUR('',#11108);
#11396 = STYLED_ITEM('color',(#11397),#6428);
#11397 = PRESENTATION_STYLE_ASSIGNMENT((#11398));
#11398 = SURFACE_STYLE_USAGE(.BOTH.,#11399);
#11399 = SURFACE_SIDE_STYLE('',(#11400));
#11400 = SURFACE_STYLE_FILL_AREA(#11401);
#11401 = FILL_AREA_STYLE('',(#11402));
#11402 = FILL_AREA_STYLE_COLOUR('',#11108);
#11403 = STYLED_ITEM('color',(#11404),#6440);
#11404 = PRESENTATION_STYLE_ASSIGNMENT((#11405));
#11405 = SURFACE_STYLE_USAGE(.BOTH.,#11406);
#11406 = SURFACE_SIDE_STYLE('',(#11407));
#11407 = SURFACE_STYLE_FILL_AREA(#11408);
#11408 = FILL_AREA_STYLE('',(#11409));
#11409 = FILL_AREA_STYLE_COLOUR('',#11108);
#11410 = STYLED_ITEM('color',(#11411),#6487);
#11411 = PRESENTATION_STYLE_ASSIGNMENT((#11412));
#11412 = SURFACE_STYLE_USAGE(.BOTH.,#11413);
#11413 = SURFACE_SIDE_STYLE('',(#11414));
#11414 = SURFACE_STYLE_FILL_AREA(#11415);
#11415 = FILL_AREA_STYLE('',(#11416));
#11416 = FILL_AREA_STYLE_COLOUR('',#11108);
#11417 = STYLED_ITEM('color',(#11418),#6518);
#11418 = PRESENTATION_STYLE_ASSIGNMENT((#11419));
#11419 = SURFACE_STYLE_USAGE(.BOTH.,#11420);
#11420 = SURFACE_SIDE_STYLE('',(#11421));
#11421 = SURFACE_STYLE_FILL_AREA(#11422);
#11422 = FILL_AREA_STYLE('',(#11423));
#11423 = FILL_AREA_STYLE_COLOUR('',#11108);
#11424 = STYLED_ITEM('color',(#11425),#6535);
#11425 = PRESENTATION_STYLE_ASSIGNMENT((#11426));
#11426 = SURFACE_STYLE_USAGE(.BOTH.,#11427);
#11427 = SURFACE_SIDE_STYLE('',(#11428));
#11428 = SURFACE_STYLE_FILL_AREA(#11429);
#11429 = FILL_AREA_STYLE('',(#11430));
#11430 = FILL_AREA_STYLE_COLOUR('',#11108);
#11431 = STYLED_ITEM('color',(#11432),#6552);
#11432 = PRESENTATION_STYLE_ASSIGNMENT((#11433));
#11433 = SURFACE_STYLE_USAGE(.BOTH.,#11434);
#11434 = SURFACE_SIDE_STYLE('',(#11435));
#11435 = SURFACE_STYLE_FILL_AREA(#11436);
#11436 = FILL_AREA_STYLE('',(#11437));
#11437 = FILL_AREA_STYLE_COLOUR('',#11108);
#11438 = STYLED_ITEM('color',(#11439),#6569);
#11439 = PRESENTATION_STYLE_ASSIGNMENT((#11440));
#11440 = SURFACE_STYLE_USAGE(.BOTH.,#11441);
#11441 = SURFACE_SIDE_STYLE('',(#11442));
#11442 = SURFACE_STYLE_FILL_AREA(#11443);
#11443 = FILL_AREA_STYLE('',(#11444));
#11444 = FILL_AREA_STYLE_COLOUR('',#11108);
#11445 = STYLED_ITEM('color',(#11446),#6593);
#11446 = PRESENTATION_STYLE_ASSIGNMENT((#11447));
#11447 = SURFACE_STYLE_USAGE(.BOTH.,#11448);
#11448 = SURFACE_SIDE_STYLE('',(#11449));
#11449 = SURFACE_STYLE_FILL_AREA(#11450);
#11450 = FILL_AREA_STYLE('',(#11451));
#11451 = FILL_AREA_STYLE_COLOUR('',#11108);
#11452 = STYLED_ITEM('color',(#11453),#6617);
#11453 = PRESENTATION_STYLE_ASSIGNMENT((#11454));
#11454 = SURFACE_STYLE_USAGE(.BOTH.,#11455);
#11455 = SURFACE_SIDE_STYLE('',(#11456));
#11456 = SURFACE_STYLE_FILL_AREA(#11457);
#11457 = FILL_AREA_STYLE('',(#11458));
#11458 = FILL_AREA_STYLE_COLOUR('',#11108);
#11459 = STYLED_ITEM('color',(#11460),#6634);
#11460 = PRESENTATION_STYLE_ASSIGNMENT((#11461));
#11461 = SURFACE_STYLE_USAGE(.BOTH.,#11462);
#11462 = SURFACE_SIDE_STYLE('',(#11463));
#11463 = SURFACE_STYLE_FILL_AREA(#11464);
#11464 = FILL_AREA_STYLE('',(#11465));
#11465 = FILL_AREA_STYLE_COLOUR('',#11108);
#11466 = STYLED_ITEM('color',(#11467),#6658);
#11467 = PRESENTATION_STYLE_ASSIGNMENT((#11468));
#11468 = SURFACE_STYLE_USAGE(.BOTH.,#11469);
#11469 = SURFACE_SIDE_STYLE('',(#11470));
#11470 = SURFACE_STYLE_FILL_AREA(#11471);
#11471 = FILL_AREA_STYLE('',(#11472));
#11472 = FILL_AREA_STYLE_COLOUR('',#11108);
#11473 = STYLED_ITEM('color',(#11474),#6682);
#11474 = PRESENTATION_STYLE_ASSIGNMENT((#11475));
#11475 = SURFACE_STYLE_USAGE(.BOTH.,#11476);
#11476 = SURFACE_SIDE_STYLE('',(#11477));
#11477 = SURFACE_STYLE_FILL_AREA(#11478);
#11478 = FILL_AREA_STYLE('',(#11479));
#11479 = FILL_AREA_STYLE_COLOUR('',#11108);
#11480 = STYLED_ITEM('color',(#11481),#6699);
#11481 = PRESENTATION_STYLE_ASSIGNMENT((#11482));
#11482 = SURFACE_STYLE_USAGE(.BOTH.,#11483);
#11483 = SURFACE_SIDE_STYLE('',(#11484));
#11484 = SURFACE_STYLE_FILL_AREA(#11485);
#11485 = FILL_AREA_STYLE('',(#11486));
#11486 = FILL_AREA_STYLE_COLOUR('',#11108);
#11487 = STYLED_ITEM('color',(#11488),#6716);
#11488 = PRESENTATION_STYLE_ASSIGNMENT((#11489));
#11489 = SURFACE_STYLE_USAGE(.BOTH.,#11490);
#11490 = SURFACE_SIDE_STYLE('',(#11491));
#11491 = SURFACE_STYLE_FILL_AREA(#11492);
#11492 = FILL_AREA_STYLE('',(#11493));
#11493 = FILL_AREA_STYLE_COLOUR('',#11108);
#11494 = STYLED_ITEM('color',(#11495),#6728);
#11495 = PRESENTATION_STYLE_ASSIGNMENT((#11496));
#11496 = SURFACE_STYLE_USAGE(.BOTH.,#11497);
#11497 = SURFACE_SIDE_STYLE('',(#11498));
#11498 = SURFACE_STYLE_FILL_AREA(#11499);
#11499 = FILL_AREA_STYLE('',(#11500));
#11500 = FILL_AREA_STYLE_COLOUR('',#11108);
#11501 = STYLED_ITEM('color',(#11502),#6745);
#11502 = PRESENTATION_STYLE_ASSIGNMENT((#11503));
#11503 = SURFACE_STYLE_USAGE(.BOTH.,#11504);
#11504 = SURFACE_SIDE_STYLE('',(#11505));
#11505 = SURFACE_STYLE_FILL_AREA(#11506);
#11506 = FILL_AREA_STYLE('',(#11507));
#11507 = FILL_AREA_STYLE_COLOUR('',#11108);
#11508 = STYLED_ITEM('color',(#11509),#6757);
#11509 = PRESENTATION_STYLE_ASSIGNMENT((#11510));
#11510 = SURFACE_STYLE_USAGE(.BOTH.,#11511);
#11511 = SURFACE_SIDE_STYLE('',(#11512));
#11512 = SURFACE_STYLE_FILL_AREA(#11513);
#11513 = FILL_AREA_STYLE('',(#11514));
#11514 = FILL_AREA_STYLE_COLOUR('',#11108);
#11515 = STYLED_ITEM('color',(#11516),#6781);
#11516 = PRESENTATION_STYLE_ASSIGNMENT((#11517));
#11517 = SURFACE_STYLE_USAGE(.BOTH.,#11518);
#11518 = SURFACE_SIDE_STYLE('',(#11519));
#11519 = SURFACE_STYLE_FILL_AREA(#11520);
#11520 = FILL_AREA_STYLE('',(#11521));
#11521 = FILL_AREA_STYLE_COLOUR('',#11108);
#11522 = STYLED_ITEM('color',(#11523),#6799);
#11523 = PRESENTATION_STYLE_ASSIGNMENT((#11524));
#11524 = SURFACE_STYLE_USAGE(.BOTH.,#11525);
#11525 = SURFACE_SIDE_STYLE('',(#11526));
#11526 = SURFACE_STYLE_FILL_AREA(#11527);
#11527 = FILL_AREA_STYLE('',(#11528));
#11528 = FILL_AREA_STYLE_COLOUR('',#11108);
#11529 = STYLED_ITEM('color',(#11530),#6811);
#11530 = PRESENTATION_STYLE_ASSIGNMENT((#11531));
#11531 = SURFACE_STYLE_USAGE(.BOTH.,#11532);
#11532 = SURFACE_SIDE_STYLE('',(#11533));
#11533 = SURFACE_STYLE_FILL_AREA(#11534);
#11534 = FILL_AREA_STYLE('',(#11535));
#11535 = FILL_AREA_STYLE_COLOUR('',#11108);
#11536 = STYLED_ITEM('color',(#11537),#6825);
#11537 = PRESENTATION_STYLE_ASSIGNMENT((#11538));
#11538 = SURFACE_STYLE_USAGE(.BOTH.,#11539);
#11539 = SURFACE_SIDE_STYLE('',(#11540));
#11540 = SURFACE_STYLE_FILL_AREA(#11541);
#11541 = FILL_AREA_STYLE('',(#11542));
#11542 = FILL_AREA_STYLE_COLOUR('',#11108);
#11543 = STYLED_ITEM('color',(#11544),#6837);
#11544 = PRESENTATION_STYLE_ASSIGNMENT((#11545));
#11545 = SURFACE_STYLE_USAGE(.BOTH.,#11546);
#11546 = SURFACE_SIDE_STYLE('',(#11547));
#11547 = SURFACE_STYLE_FILL_AREA(#11548);
#11548 = FILL_AREA_STYLE('',(#11549));
#11549 = FILL_AREA_STYLE_COLOUR('',#11550);
#11550 = COLOUR_RGB('',0.823529417451,0.819607860991,0.780392170416);
#11551 = STYLED_ITEM('color',(#11552),#6868);
#11552 = PRESENTATION_STYLE_ASSIGNMENT((#11553));
#11553 = SURFACE_STYLE_USAGE(.BOTH.,#11554);
#11554 = SURFACE_SIDE_STYLE('',(#11555));
#11555 = SURFACE_STYLE_FILL_AREA(#11556);
#11556 = FILL_AREA_STYLE('',(#11557));
#11557 = FILL_AREA_STYLE_COLOUR('',#11550);
#11558 = STYLED_ITEM('color',(#11559),#6892);
#11559 = PRESENTATION_STYLE_ASSIGNMENT((#11560));
#11560 = SURFACE_STYLE_USAGE(.BOTH.,#11561);
#11561 = SURFACE_SIDE_STYLE('',(#11562));
#11562 = SURFACE_STYLE_FILL_AREA(#11563);
#11563 = FILL_AREA_STYLE('',(#11564));
#11564 = FILL_AREA_STYLE_COLOUR('',#11550);
#11565 = STYLED_ITEM('color',(#11566),#6916);
#11566 = PRESENTATION_STYLE_ASSIGNMENT((#11567));
#11567 = SURFACE_STYLE_USAGE(.BOTH.,#11568);
#11568 = SURFACE_SIDE_STYLE('',(#11569));
#11569 = SURFACE_STYLE_FILL_AREA(#11570);
#11570 = FILL_AREA_STYLE('',(#11571));
#11571 = FILL_AREA_STYLE_COLOUR('',#11550);
#11572 = STYLED_ITEM('color',(#11573),#6933);
#11573 = PRESENTATION_STYLE_ASSIGNMENT((#11574));
#11574 = SURFACE_STYLE_USAGE(.BOTH.,#11575);
#11575 = SURFACE_SIDE_STYLE('',(#11576));
#11576 = SURFACE_STYLE_FILL_AREA(#11577);
#11577 = FILL_AREA_STYLE('',(#11578));
#11578 = FILL_AREA_STYLE_COLOUR('',#11550);
#11579 = STYLED_ITEM('color',(#11580),#6964);
#11580 = PRESENTATION_STYLE_ASSIGNMENT((#11581));
#11581 = SURFACE_STYLE_USAGE(.BOTH.,#11582);
#11582 = SURFACE_SIDE_STYLE('',(#11583));
#11583 = SURFACE_STYLE_FILL_AREA(#11584);
#11584 = FILL_AREA_STYLE('',(#11585));
#11585 = FILL_AREA_STYLE_COLOUR('',#11550);
#11586 = STYLED_ITEM('color',(#11587),#6988);
#11587 = PRESENTATION_STYLE_ASSIGNMENT((#11588));
#11588 = SURFACE_STYLE_USAGE(.BOTH.,#11589);
#11589 = SURFACE_SIDE_STYLE('',(#11590));
#11590 = SURFACE_STYLE_FILL_AREA(#11591);
#11591 = FILL_AREA_STYLE('',(#11592));
#11592 = FILL_AREA_STYLE_COLOUR('',#11550);
#11593 = STYLED_ITEM('color',(#11594),#7012);
#11594 = PRESENTATION_STYLE_ASSIGNMENT((#11595));
#11595 = SURFACE_STYLE_USAGE(.BOTH.,#11596);
#11596 = SURFACE_SIDE_STYLE('',(#11597));
#11597 = SURFACE_STYLE_FILL_AREA(#11598);
#11598 = FILL_AREA_STYLE('',(#11599));
#11599 = FILL_AREA_STYLE_COLOUR('',#11550);
#11600 = STYLED_ITEM('color',(#11601),#7029);
#11601 = PRESENTATION_STYLE_ASSIGNMENT((#11602));
#11602 = SURFACE_STYLE_USAGE(.BOTH.,#11603);
#11603 = SURFACE_SIDE_STYLE('',(#11604));
#11604 = SURFACE_STYLE_FILL_AREA(#11605);
#11605 = FILL_AREA_STYLE('',(#11606));
#11606 = FILL_AREA_STYLE_COLOUR('',#11550);
#11607 = STYLED_ITEM('color',(#11608),#7060);
#11608 = PRESENTATION_STYLE_ASSIGNMENT((#11609));
#11609 = SURFACE_STYLE_USAGE(.BOTH.,#11610);
#11610 = SURFACE_SIDE_STYLE('',(#11611));
#11611 = SURFACE_STYLE_FILL_AREA(#11612);
#11612 = FILL_AREA_STYLE('',(#11613));
#11613 = FILL_AREA_STYLE_COLOUR('',#11550);
#11614 = STYLED_ITEM('color',(#11615),#7084);
#11615 = PRESENTATION_STYLE_ASSIGNMENT((#11616));
#11616 = SURFACE_STYLE_USAGE(.BOTH.,#11617);
#11617 = SURFACE_SIDE_STYLE('',(#11618));
#11618 = SURFACE_STYLE_FILL_AREA(#11619);
#11619 = FILL_AREA_STYLE('',(#11620));
#11620 = FILL_AREA_STYLE_COLOUR('',#11550);
#11621 = STYLED_ITEM('color',(#11622),#7108);
#11622 = PRESENTATION_STYLE_ASSIGNMENT((#11623));
#11623 = SURFACE_STYLE_USAGE(.BOTH.,#11624);
#11624 = SURFACE_SIDE_STYLE('',(#11625));
#11625 = SURFACE_STYLE_FILL_AREA(#11626);
#11626 = FILL_AREA_STYLE('',(#11627));
#11627 = FILL_AREA_STYLE_COLOUR('',#11550);
#11628 = STYLED_ITEM('color',(#11629),#7125);
#11629 = PRESENTATION_STYLE_ASSIGNMENT((#11630));
#11630 = SURFACE_STYLE_USAGE(.BOTH.,#11631);
#11631 = SURFACE_SIDE_STYLE('',(#11632));
#11632 = SURFACE_STYLE_FILL_AREA(#11633);
#11633 = FILL_AREA_STYLE('',(#11634));
#11634 = FILL_AREA_STYLE_COLOUR('',#11108);
#11635 = STYLED_ITEM('color',(#11636),#7171);
#11636 = PRESENTATION_STYLE_ASSIGNMENT((#11637));
#11637 = SURFACE_STYLE_USAGE(.BOTH.,#11638);
#11638 = SURFACE_SIDE_STYLE('',(#11639));
#11639 = SURFACE_STYLE_FILL_AREA(#11640);
#11640 = FILL_AREA_STYLE('',(#11641));
#11641 = FILL_AREA_STYLE_COLOUR('',#11108);
#11642 = STYLED_ITEM('color',(#11643),#7217);
#11643 = PRESENTATION_STYLE_ASSIGNMENT((#11644));
#11644 = SURFACE_STYLE_USAGE(.BOTH.,#11645);
#11645 = SURFACE_SIDE_STYLE('',(#11646));
#11646 = SURFACE_STYLE_FILL_AREA(#11647);
#11647 = FILL_AREA_STYLE('',(#11648));
#11648 = FILL_AREA_STYLE_COLOUR('',#11108);
#11649 = STYLED_ITEM('color',(#11650),#7263);
#11650 = PRESENTATION_STYLE_ASSIGNMENT((#11651));
#11651 = SURFACE_STYLE_USAGE(.BOTH.,#11652);
#11652 = SURFACE_SIDE_STYLE('',(#11653));
#11653 = SURFACE_STYLE_FILL_AREA(#11654);
#11654 = FILL_AREA_STYLE('',(#11655));
#11655 = FILL_AREA_STYLE_COLOUR('',#11108);
#11656 = STYLED_ITEM('color',(#11657),#7280);
#11657 = PRESENTATION_STYLE_ASSIGNMENT((#11658));
#11658 = SURFACE_STYLE_USAGE(.BOTH.,#11659);
#11659 = SURFACE_SIDE_STYLE('',(#11660));
#11660 = SURFACE_STYLE_FILL_AREA(#11661);
#11661 = FILL_AREA_STYLE('',(#11662));
#11662 = FILL_AREA_STYLE_COLOUR('',#11108);
#11663 = STYLED_ITEM('color',(#11664),#7292);
#11664 = PRESENTATION_STYLE_ASSIGNMENT((#11665));
#11665 = SURFACE_STYLE_USAGE(.BOTH.,#11666);
#11666 = SURFACE_SIDE_STYLE('',(#11667));
#11667 = SURFACE_STYLE_FILL_AREA(#11668);
#11668 = FILL_AREA_STYLE('',(#11669));
#11669 = FILL_AREA_STYLE_COLOUR('',#11550);
#11670 = STYLED_ITEM('color',(#11671),#7323);
#11671 = PRESENTATION_STYLE_ASSIGNMENT((#11672));
#11672 = SURFACE_STYLE_USAGE(.BOTH.,#11673);
#11673 = SURFACE_SIDE_STYLE('',(#11674));
#11674 = SURFACE_STYLE_FILL_AREA(#11675);
#11675 = FILL_AREA_STYLE('',(#11676));
#11676 = FILL_AREA_STYLE_COLOUR('',#11550);
#11677 = STYLED_ITEM('color',(#11678),#7347);
#11678 = PRESENTATION_STYLE_ASSIGNMENT((#11679));
#11679 = SURFACE_STYLE_USAGE(.BOTH.,#11680);
#11680 = SURFACE_SIDE_STYLE('',(#11681));
#11681 = SURFACE_STYLE_FILL_AREA(#11682);
#11682 = FILL_AREA_STYLE('',(#11683));
#11683 = FILL_AREA_STYLE_COLOUR('',#11550);
#11684 = STYLED_ITEM('color',(#11685),#7371);
#11685 = PRESENTATION_STYLE_ASSIGNMENT((#11686));
#11686 = SURFACE_STYLE_USAGE(.BOTH.,#11687);
#11687 = SURFACE_SIDE_STYLE('',(#11688));
#11688 = SURFACE_STYLE_FILL_AREA(#11689);
#11689 = FILL_AREA_STYLE('',(#11690));
#11690 = FILL_AREA_STYLE_COLOUR('',#11550);
#11691 = STYLED_ITEM('color',(#11692),#7388);
#11692 = PRESENTATION_STYLE_ASSIGNMENT((#11693));
#11693 = SURFACE_STYLE_USAGE(.BOTH.,#11694);
#11694 = SURFACE_SIDE_STYLE('',(#11695));
#11695 = SURFACE_STYLE_FILL_AREA(#11696);
#11696 = FILL_AREA_STYLE('',(#11697));
#11697 = FILL_AREA_STYLE_COLOUR('',#11550);
#11698 = STYLED_ITEM('color',(#11699),#7419);
#11699 = PRESENTATION_STYLE_ASSIGNMENT((#11700));
#11700 = SURFACE_STYLE_USAGE(.BOTH.,#11701);
#11701 = SURFACE_SIDE_STYLE('',(#11702));
#11702 = SURFACE_STYLE_FILL_AREA(#11703);
#11703 = FILL_AREA_STYLE('',(#11704));
#11704 = FILL_AREA_STYLE_COLOUR('',#11550);
#11705 = STYLED_ITEM('color',(#11706),#7443);
#11706 = PRESENTATION_STYLE_ASSIGNMENT((#11707));
#11707 = SURFACE_STYLE_USAGE(.BOTH.,#11708);
#11708 = SURFACE_SIDE_STYLE('',(#11709));
#11709 = SURFACE_STYLE_FILL_AREA(#11710);
#11710 = FILL_AREA_STYLE('',(#11711));
#11711 = FILL_AREA_STYLE_COLOUR('',#11550);
#11712 = STYLED_ITEM('color',(#11713),#7467);
#11713 = PRESENTATION_STYLE_ASSIGNMENT((#11714));
#11714 = SURFACE_STYLE_USAGE(.BOTH.,#11715);
#11715 = SURFACE_SIDE_STYLE('',(#11716));
#11716 = SURFACE_STYLE_FILL_AREA(#11717);
#11717 = FILL_AREA_STYLE('',(#11718));
#11718 = FILL_AREA_STYLE_COLOUR('',#11550);
#11719 = STYLED_ITEM('color',(#11720),#7484);
#11720 = PRESENTATION_STYLE_ASSIGNMENT((#11721));
#11721 = SURFACE_STYLE_USAGE(.BOTH.,#11722);
#11722 = SURFACE_SIDE_STYLE('',(#11723));
#11723 = SURFACE_STYLE_FILL_AREA(#11724);
#11724 = FILL_AREA_STYLE('',(#11725));
#11725 = FILL_AREA_STYLE_COLOUR('',#11550);
#11726 = STYLED_ITEM('color',(#11727),#7515);
#11727 = PRESENTATION_STYLE_ASSIGNMENT((#11728));
#11728 = SURFACE_STYLE_USAGE(.BOTH.,#11729);
#11729 = SURFACE_SIDE_STYLE('',(#11730));
#11730 = SURFACE_STYLE_FILL_AREA(#11731);
#11731 = FILL_AREA_STYLE('',(#11732));
#11732 = FILL_AREA_STYLE_COLOUR('',#11550);
#11733 = STYLED_ITEM('color',(#11734),#7539);
#11734 = PRESENTATION_STYLE_ASSIGNMENT((#11735));
#11735 = SURFACE_STYLE_USAGE(.BOTH.,#11736);
#11736 = SURFACE_SIDE_STYLE('',(#11737));
#11737 = SURFACE_STYLE_FILL_AREA(#11738);
#11738 = FILL_AREA_STYLE('',(#11739));
#11739 = FILL_AREA_STYLE_COLOUR('',#11550);
#11740 = STYLED_ITEM('color',(#11741),#7563);
#11741 = PRESENTATION_STYLE_ASSIGNMENT((#11742));
#11742 = SURFACE_STYLE_USAGE(.BOTH.,#11743);
#11743 = SURFACE_SIDE_STYLE('',(#11744));
#11744 = SURFACE_STYLE_FILL_AREA(#11745);
#11745 = FILL_AREA_STYLE('',(#11746));
#11746 = FILL_AREA_STYLE_COLOUR('',#11550);
#11747 = STYLED_ITEM('color',(#11748),#7580);
#11748 = PRESENTATION_STYLE_ASSIGNMENT((#11749));
#11749 = SURFACE_STYLE_USAGE(.BOTH.,#11750);
#11750 = SURFACE_SIDE_STYLE('',(#11751));
#11751 = SURFACE_STYLE_FILL_AREA(#11752);
#11752 = FILL_AREA_STYLE('',(#11753));
#11753 = FILL_AREA_STYLE_COLOUR('',#11550);
#11754 = STYLED_ITEM('color',(#11755),#7677);
#11755 = PRESENTATION_STYLE_ASSIGNMENT((#11756));
#11756 = SURFACE_STYLE_USAGE(.BOTH.,#11757);
#11757 = SURFACE_SIDE_STYLE('',(#11758));
#11758 = SURFACE_STYLE_FILL_AREA(#11759);
#11759 = FILL_AREA_STYLE('',(#11760));
#11760 = FILL_AREA_STYLE_COLOUR('',#11550);
#11761 = STYLED_ITEM('color',(#11762),#7701);
#11762 = PRESENTATION_STYLE_ASSIGNMENT((#11763));
#11763 = SURFACE_STYLE_USAGE(.BOTH.,#11764);
#11764 = SURFACE_SIDE_STYLE('',(#11765));
#11765 = SURFACE_STYLE_FILL_AREA(#11766);
#11766 = FILL_AREA_STYLE('',(#11767));
#11767 = FILL_AREA_STYLE_COLOUR('',#11550);
#11768 = STYLED_ITEM('color',(#11769),#7791);
#11769 = PRESENTATION_STYLE_ASSIGNMENT((#11770));
#11770 = SURFACE_STYLE_USAGE(.BOTH.,#11771);
#11771 = SURFACE_SIDE_STYLE('',(#11772));
#11772 = SURFACE_STYLE_FILL_AREA(#11773);
#11773 = FILL_AREA_STYLE('',(#11774));
#11774 = FILL_AREA_STYLE_COLOUR('',#11550);
#11775 = STYLED_ITEM('color',(#11776),#7808);
#11776 = PRESENTATION_STYLE_ASSIGNMENT((#11777));
#11777 = SURFACE_STYLE_USAGE(.BOTH.,#11778);
#11778 = SURFACE_SIDE_STYLE('',(#11779));
#11779 = SURFACE_STYLE_FILL_AREA(#11780);
#11780 = FILL_AREA_STYLE('',(#11781));
#11781 = FILL_AREA_STYLE_COLOUR('',#11550);
#11782 = STYLED_ITEM('color',(#11783),#7873);
#11783 = PRESENTATION_STYLE_ASSIGNMENT((#11784));
#11784 = SURFACE_STYLE_USAGE(.BOTH.,#11785);
#11785 = SURFACE_SIDE_STYLE('',(#11786));
#11786 = SURFACE_STYLE_FILL_AREA(#11787);
#11787 = FILL_AREA_STYLE('',(#11788));
#11788 = FILL_AREA_STYLE_COLOUR('',#11550);
#11789 = STYLED_ITEM('color',(#11790),#7897);
#11790 = PRESENTATION_STYLE_ASSIGNMENT((#11791));
#11791 = SURFACE_STYLE_USAGE(.BOTH.,#11792);
#11792 = SURFACE_SIDE_STYLE('',(#11793));
#11793 = SURFACE_STYLE_FILL_AREA(#11794);
#11794 = FILL_AREA_STYLE('',(#11795));
#11795 = FILL_AREA_STYLE_COLOUR('',#11550);
#11796 = STYLED_ITEM('color',(#11797),#7955);
#11797 = PRESENTATION_STYLE_ASSIGNMENT((#11798));
#11798 = SURFACE_STYLE_USAGE(.BOTH.,#11799);
#11799 = SURFACE_SIDE_STYLE('',(#11800));
#11800 = SURFACE_STYLE_FILL_AREA(#11801);
#11801 = FILL_AREA_STYLE('',(#11802));
#11802 = FILL_AREA_STYLE_COLOUR('',#11550);
#11803 = STYLED_ITEM('color',(#11804),#7972);
#11804 = PRESENTATION_STYLE_ASSIGNMENT((#11805));
#11805 = SURFACE_STYLE_USAGE(.BOTH.,#11806);
#11806 = SURFACE_SIDE_STYLE('',(#11807));
#11807 = SURFACE_STYLE_FILL_AREA(#11808);
#11808 = FILL_AREA_STYLE('',(#11809));
#11809 = FILL_AREA_STYLE_COLOUR('',#11550);
#11810 = STYLED_ITEM('color',(#11811),#8069);
#11811 = PRESENTATION_STYLE_ASSIGNMENT((#11812));
#11812 = SURFACE_STYLE_USAGE(.BOTH.,#11813);
#11813 = SURFACE_SIDE_STYLE('',(#11814));
#11814 = SURFACE_STYLE_FILL_AREA(#11815);
#11815 = FILL_AREA_STYLE('',(#11816));
#11816 = FILL_AREA_STYLE_COLOUR('',#11550);
#11817 = STYLED_ITEM('color',(#11818),#8093);
#11818 = PRESENTATION_STYLE_ASSIGNMENT((#11819));
#11819 = SURFACE_STYLE_USAGE(.BOTH.,#11820);
#11820 = SURFACE_SIDE_STYLE('',(#11821));
#11821 = SURFACE_STYLE_FILL_AREA(#11822);
#11822 = FILL_AREA_STYLE('',(#11823));
#11823 = FILL_AREA_STYLE_COLOUR('',#11550);
#11824 = STYLED_ITEM('color',(#11825),#8183);
#11825 = PRESENTATION_STYLE_ASSIGNMENT((#11826));
#11826 = SURFACE_STYLE_USAGE(.BOTH.,#11827);
#11827 = SURFACE_SIDE_STYLE('',(#11828));
#11828 = SURFACE_STYLE_FILL_AREA(#11829);
#11829 = FILL_AREA_STYLE('',(#11830));
#11830 = FILL_AREA_STYLE_COLOUR('',#11550);
#11831 = STYLED_ITEM('color',(#11832),#8200);
#11832 = PRESENTATION_STYLE_ASSIGNMENT((#11833));
#11833 = SURFACE_STYLE_USAGE(.BOTH.,#11834);
#11834 = SURFACE_SIDE_STYLE('',(#11835));
#11835 = SURFACE_STYLE_FILL_AREA(#11836);
#11836 = FILL_AREA_STYLE('',(#11837));
#11837 = FILL_AREA_STYLE_COLOUR('',#11550);
#11838 = STYLED_ITEM('color',(#11839),#8212);
#11839 = PRESENTATION_STYLE_ASSIGNMENT((#11840));
#11840 = SURFACE_STYLE_USAGE(.BOTH.,#11841);
#11841 = SURFACE_SIDE_STYLE('',(#11842));
#11842 = SURFACE_STYLE_FILL_AREA(#11843);
#11843 = FILL_AREA_STYLE('',(#11844));
#11844 = FILL_AREA_STYLE_COLOUR('',#11550);
#11845 = STYLED_ITEM('color',(#11846),#8224);
#11846 = PRESENTATION_STYLE_ASSIGNMENT((#11847));
#11847 = SURFACE_STYLE_USAGE(.BOTH.,#11848);
#11848 = SURFACE_SIDE_STYLE('',(#11849));
#11849 = SURFACE_STYLE_FILL_AREA(#11850);
#11850 = FILL_AREA_STYLE('',(#11851));
#11851 = FILL_AREA_STYLE_COLOUR('',#11550);
#11852 = STYLED_ITEM('color',(#11853),#8236);
#11853 = PRESENTATION_STYLE_ASSIGNMENT((#11854));
#11854 = SURFACE_STYLE_USAGE(.BOTH.,#11855);
#11855 = SURFACE_SIDE_STYLE('',(#11856));
#11856 = SURFACE_STYLE_FILL_AREA(#11857);
#11857 = FILL_AREA_STYLE('',(#11858));
#11858 = FILL_AREA_STYLE_COLOUR('',#11550);
#11859 = STYLED_ITEM('color',(#11860),#8253);
#11860 = PRESENTATION_STYLE_ASSIGNMENT((#11861));
#11861 = SURFACE_STYLE_USAGE(.BOTH.,#11862);
#11862 = SURFACE_SIDE_STYLE('',(#11863));
#11863 = SURFACE_STYLE_FILL_AREA(#11864);
#11864 = FILL_AREA_STYLE('',(#11865));
#11865 = FILL_AREA_STYLE_COLOUR('',#11550);
#11866 = STYLED_ITEM('color',(#11867),#8270);
#11867 = PRESENTATION_STYLE_ASSIGNMENT((#11868));
#11868 = SURFACE_STYLE_USAGE(.BOTH.,#11869);
#11869 = SURFACE_SIDE_STYLE('',(#11870));
#11870 = SURFACE_STYLE_FILL_AREA(#11871);
#11871 = FILL_AREA_STYLE('',(#11872));
#11872 = FILL_AREA_STYLE_COLOUR('',#11550);
#11873 = STYLED_ITEM('color',(#11874),#8287);
#11874 = PRESENTATION_STYLE_ASSIGNMENT((#11875));
#11875 = SURFACE_STYLE_USAGE(.BOTH.,#11876);
#11876 = SURFACE_SIDE_STYLE('',(#11877));
#11877 = SURFACE_STYLE_FILL_AREA(#11878);
#11878 = FILL_AREA_STYLE('',(#11879));
#11879 = FILL_AREA_STYLE_COLOUR('',#11550);
#11880 = STYLED_ITEM('color',(#11881),#8320);
#11881 = PRESENTATION_STYLE_ASSIGNMENT((#11882));
#11882 = SURFACE_STYLE_USAGE(.BOTH.,#11883);
#11883 = SURFACE_SIDE_STYLE('',(#11884));
#11884 = SURFACE_STYLE_FILL_AREA(#11885);
#11885 = FILL_AREA_STYLE('',(#11886));
#11886 = FILL_AREA_STYLE_COLOUR('',#11550);
#11887 = STYLED_ITEM('color',(#11888),#8360);
#11888 = PRESENTATION_STYLE_ASSIGNMENT((#11889));
#11889 = SURFACE_STYLE_USAGE(.BOTH.,#11890);
#11890 = SURFACE_SIDE_STYLE('',(#11891));
#11891 = SURFACE_STYLE_FILL_AREA(#11892);
#11892 = FILL_AREA_STYLE('',(#11893));
#11893 = FILL_AREA_STYLE_COLOUR('',#11550);
#11894 = STYLED_ITEM('color',(#11895),#8391);
#11895 = PRESENTATION_STYLE_ASSIGNMENT((#11896));
#11896 = SURFACE_STYLE_USAGE(.BOTH.,#11897);
#11897 = SURFACE_SIDE_STYLE('',(#11898));
#11898 = SURFACE_STYLE_FILL_AREA(#11899);
#11899 = FILL_AREA_STYLE('',(#11900));
#11900 = FILL_AREA_STYLE_COLOUR('',#11550);
#11901 = STYLED_ITEM('color',(#11902),#8408);
#11902 = PRESENTATION_STYLE_ASSIGNMENT((#11903));
#11903 = SURFACE_STYLE_USAGE(.BOTH.,#11904);
#11904 = SURFACE_SIDE_STYLE('',(#11905));
#11905 = SURFACE_STYLE_FILL_AREA(#11906);
#11906 = FILL_AREA_STYLE('',(#11907));
#11907 = FILL_AREA_STYLE_COLOUR('',#11550);
#11908 = STYLED_ITEM('color',(#11909),#8425);
#11909 = PRESENTATION_STYLE_ASSIGNMENT((#11910));
#11910 = SURFACE_STYLE_USAGE(.BOTH.,#11911);
#11911 = SURFACE_SIDE_STYLE('',(#11912));
#11912 = SURFACE_STYLE_FILL_AREA(#11913);
#11913 = FILL_AREA_STYLE('',(#11914));
#11914 = FILL_AREA_STYLE_COLOUR('',#11550);
#11915 = STYLED_ITEM('color',(#11916),#8437);
#11916 = PRESENTATION_STYLE_ASSIGNMENT((#11917));
#11917 = SURFACE_STYLE_USAGE(.BOTH.,#11918);
#11918 = SURFACE_SIDE_STYLE('',(#11919));
#11919 = SURFACE_STYLE_FILL_AREA(#11920);
#11920 = FILL_AREA_STYLE('',(#11921));
#11921 = FILL_AREA_STYLE_COLOUR('',#11550);
#11922 = STYLED_ITEM('color',(#11923),#8470);
#11923 = PRESENTATION_STYLE_ASSIGNMENT((#11924));
#11924 = SURFACE_STYLE_USAGE(.BOTH.,#11925);
#11925 = SURFACE_SIDE_STYLE('',(#11926));
#11926 = SURFACE_STYLE_FILL_AREA(#11927);
#11927 = FILL_AREA_STYLE('',(#11928));
#11928 = FILL_AREA_STYLE_COLOUR('',#11550);
#11929 = STYLED_ITEM('color',(#11930),#8487);
#11930 = PRESENTATION_STYLE_ASSIGNMENT((#11931));
#11931 = SURFACE_STYLE_USAGE(.BOTH.,#11932);
#11932 = SURFACE_SIDE_STYLE('',(#11933));
#11933 = SURFACE_STYLE_FILL_AREA(#11934);
#11934 = FILL_AREA_STYLE('',(#11935));
#11935 = FILL_AREA_STYLE_COLOUR('',#11550);
#11936 = STYLED_ITEM('color',(#11937),#8504);
#11937 = PRESENTATION_STYLE_ASSIGNMENT((#11938));
#11938 = SURFACE_STYLE_USAGE(.BOTH.,#11939);
#11939 = SURFACE_SIDE_STYLE('',(#11940));
#11940 = SURFACE_STYLE_FILL_AREA(#11941);
#11941 = FILL_AREA_STYLE('',(#11942));
#11942 = FILL_AREA_STYLE_COLOUR('',#11550);
#11943 = STYLED_ITEM('color',(#11944),#8535);
#11944 = PRESENTATION_STYLE_ASSIGNMENT((#11945));
#11945 = SURFACE_STYLE_USAGE(.BOTH.,#11946);
#11946 = SURFACE_SIDE_STYLE('',(#11947));
#11947 = SURFACE_STYLE_FILL_AREA(#11948);
#11948 = FILL_AREA_STYLE('',(#11949));
#11949 = FILL_AREA_STYLE_COLOUR('',#11550);
#11950 = STYLED_ITEM('color',(#11951),#8557);
#11951 = PRESENTATION_STYLE_ASSIGNMENT((#11952));
#11952 = SURFACE_STYLE_USAGE(.BOTH.,#11953);
#11953 = SURFACE_SIDE_STYLE('',(#11954));
#11954 = SURFACE_STYLE_FILL_AREA(#11955);
#11955 = FILL_AREA_STYLE('',(#11956));
#11956 = FILL_AREA_STYLE_COLOUR('',#11550);
#11957 = STYLED_ITEM('color',(#11958),#8569);
#11958 = PRESENTATION_STYLE_ASSIGNMENT((#11959));
#11959 = SURFACE_STYLE_USAGE(.BOTH.,#11960);
#11960 = SURFACE_SIDE_STYLE('',(#11961));
#11961 = SURFACE_STYLE_FILL_AREA(#11962);
#11962 = FILL_AREA_STYLE('',(#11963));
#11963 = FILL_AREA_STYLE_COLOUR('',#11550);
#11964 = STYLED_ITEM('color',(#11965),#8600);
#11965 = PRESENTATION_STYLE_ASSIGNMENT((#11966));
#11966 = SURFACE_STYLE_USAGE(.BOTH.,#11967);
#11967 = SURFACE_SIDE_STYLE('',(#11968));
#11968 = SURFACE_STYLE_FILL_AREA(#11969);
#11969 = FILL_AREA_STYLE('',(#11970));
#11970 = FILL_AREA_STYLE_COLOUR('',#11550);
#11971 = STYLED_ITEM('color',(#11972),#8617);
#11972 = PRESENTATION_STYLE_ASSIGNMENT((#11973));
#11973 = SURFACE_STYLE_USAGE(.BOTH.,#11974);
#11974 = SURFACE_SIDE_STYLE('',(#11975));
#11975 = SURFACE_STYLE_FILL_AREA(#11976);
#11976 = FILL_AREA_STYLE('',(#11977));
#11977 = FILL_AREA_STYLE_COLOUR('',#11550);
#11978 = STYLED_ITEM('color',(#11979),#8634);
#11979 = PRESENTATION_STYLE_ASSIGNMENT((#11980));
#11980 = SURFACE_STYLE_USAGE(.BOTH.,#11981);
#11981 = SURFACE_SIDE_STYLE('',(#11982));
#11982 = SURFACE_STYLE_FILL_AREA(#11983);
#11983 = FILL_AREA_STYLE('',(#11984));
#11984 = FILL_AREA_STYLE_COLOUR('',#11550);
#11985 = STYLED_ITEM('color',(#11986),#8651);
#11986 = PRESENTATION_STYLE_ASSIGNMENT((#11987));
#11987 = SURFACE_STYLE_USAGE(.BOTH.,#11988);
#11988 = SURFACE_SIDE_STYLE('',(#11989));
#11989 = SURFACE_STYLE_FILL_AREA(#11990);
#11990 = FILL_AREA_STYLE('',(#11991));
#11991 = FILL_AREA_STYLE_COLOUR('',#11550);
#11992 = STYLED_ITEM('color',(#11993),#8684);
#11993 = PRESENTATION_STYLE_ASSIGNMENT((#11994));
#11994 = SURFACE_STYLE_USAGE(.BOTH.,#11995);
#11995 = SURFACE_SIDE_STYLE('',(#11996));
#11996 = SURFACE_STYLE_FILL_AREA(#11997);
#11997 = FILL_AREA_STYLE('',(#11998));
#11998 = FILL_AREA_STYLE_COLOUR('',#11550);
#11999 = STYLED_ITEM('color',(#12000),#8724);
#12000 = PRESENTATION_STYLE_ASSIGNMENT((#12001));
#12001 = SURFACE_STYLE_USAGE(.BOTH.,#12002);
#12002 = SURFACE_SIDE_STYLE('',(#12003));
#12003 = SURFACE_STYLE_FILL_AREA(#12004);
#12004 = FILL_AREA_STYLE('',(#12005));
#12005 = FILL_AREA_STYLE_COLOUR('',#11550);
#12006 = STYLED_ITEM('color',(#12007),#8755);
#12007 = PRESENTATION_STYLE_ASSIGNMENT((#12008));
#12008 = SURFACE_STYLE_USAGE(.BOTH.,#12009);
#12009 = SURFACE_SIDE_STYLE('',(#12010));
#12010 = SURFACE_STYLE_FILL_AREA(#12011);
#12011 = FILL_AREA_STYLE('',(#12012));
#12012 = FILL_AREA_STYLE_COLOUR('',#11550);
#12013 = STYLED_ITEM('color',(#12014),#8772);
#12014 = PRESENTATION_STYLE_ASSIGNMENT((#12015));
#12015 = SURFACE_STYLE_USAGE(.BOTH.,#12016);
#12016 = SURFACE_SIDE_STYLE('',(#12017));
#12017 = SURFACE_STYLE_FILL_AREA(#12018);
#12018 = FILL_AREA_STYLE('',(#12019));
#12019 = FILL_AREA_STYLE_COLOUR('',#11550);
#12020 = STYLED_ITEM('color',(#12021),#8789);
#12021 = PRESENTATION_STYLE_ASSIGNMENT((#12022));
#12022 = SURFACE_STYLE_USAGE(.BOTH.,#12023);
#12023 = SURFACE_SIDE_STYLE('',(#12024));
#12024 = SURFACE_STYLE_FILL_AREA(#12025);
#12025 = FILL_AREA_STYLE('',(#12026));
#12026 = FILL_AREA_STYLE_COLOUR('',#11550);
#12027 = STYLED_ITEM('color',(#12028),#8801);
#12028 = PRESENTATION_STYLE_ASSIGNMENT((#12029));
#12029 = SURFACE_STYLE_USAGE(.BOTH.,#12030);
#12030 = SURFACE_SIDE_STYLE('',(#12031));
#12031 = SURFACE_STYLE_FILL_AREA(#12032);
#12032 = FILL_AREA_STYLE('',(#12033));
#12033 = FILL_AREA_STYLE_COLOUR('',#11550);
#12034 = STYLED_ITEM('color',(#12035),#8834);
#12035 = PRESENTATION_STYLE_ASSIGNMENT((#12036));
#12036 = SURFACE_STYLE_USAGE(.BOTH.,#12037);
#12037 = SURFACE_SIDE_STYLE('',(#12038));
#12038 = SURFACE_STYLE_FILL_AREA(#12039);
#12039 = FILL_AREA_STYLE('',(#12040));
#12040 = FILL_AREA_STYLE_COLOUR('',#11550);
#12041 = STYLED_ITEM('color',(#12042),#8851);
#12042 = PRESENTATION_STYLE_ASSIGNMENT((#12043));
#12043 = SURFACE_STYLE_USAGE(.BOTH.,#12044);
#12044 = SURFACE_SIDE_STYLE('',(#12045));
#12045 = SURFACE_STYLE_FILL_AREA(#12046);
#12046 = FILL_AREA_STYLE('',(#12047));
#12047 = FILL_AREA_STYLE_COLOUR('',#11550);
#12048 = STYLED_ITEM('color',(#12049),#8868);
#12049 = PRESENTATION_STYLE_ASSIGNMENT((#12050));
#12050 = SURFACE_STYLE_USAGE(.BOTH.,#12051);
#12051 = SURFACE_SIDE_STYLE('',(#12052));
#12052 = SURFACE_STYLE_FILL_AREA(#12053);
#12053 = FILL_AREA_STYLE('',(#12054));
#12054 = FILL_AREA_STYLE_COLOUR('',#11550);
#12055 = STYLED_ITEM('color',(#12056),#8880);
#12056 = PRESENTATION_STYLE_ASSIGNMENT((#12057));
#12057 = SURFACE_STYLE_USAGE(.BOTH.,#12058);
#12058 = SURFACE_SIDE_STYLE('',(#12059));
#12059 = SURFACE_STYLE_FILL_AREA(#12060);
#12060 = FILL_AREA_STYLE('',(#12061));
#12061 = FILL_AREA_STYLE_COLOUR('',#11550);
#12062 = STYLED_ITEM('color',(#12063),#8897);
#12063 = PRESENTATION_STYLE_ASSIGNMENT((#12064));
#12064 = SURFACE_STYLE_USAGE(.BOTH.,#12065);
#12065 = SURFACE_SIDE_STYLE('',(#12066));
#12066 = SURFACE_STYLE_FILL_AREA(#12067);
#12067 = FILL_AREA_STYLE('',(#12068));
#12068 = FILL_AREA_STYLE_COLOUR('',#11550);
#12069 = STYLED_ITEM('color',(#12070),#8914);
#12070 = PRESENTATION_STYLE_ASSIGNMENT((#12071));
#12071 = SURFACE_STYLE_USAGE(.BOTH.,#12072);
#12072 = SURFACE_SIDE_STYLE('',(#12073));
#12073 = SURFACE_STYLE_FILL_AREA(#12074);
#12074 = FILL_AREA_STYLE('',(#12075));
#12075 = FILL_AREA_STYLE_COLOUR('',#11550);
#12076 = STYLED_ITEM('color',(#12077),#8926);
#12077 = PRESENTATION_STYLE_ASSIGNMENT((#12078));
#12078 = SURFACE_STYLE_USAGE(.BOTH.,#12079);
#12079 = SURFACE_SIDE_STYLE('',(#12080));
#12080 = SURFACE_STYLE_FILL_AREA(#12081);
#12081 = FILL_AREA_STYLE('',(#12082));
#12082 = FILL_AREA_STYLE_COLOUR('',#11550);
#12083 = STYLED_ITEM('color',(#12084),#8943);
#12084 = PRESENTATION_STYLE_ASSIGNMENT((#12085));
#12085 = SURFACE_STYLE_USAGE(.BOTH.,#12086);
#12086 = SURFACE_SIDE_STYLE('',(#12087));
#12087 = SURFACE_STYLE_FILL_AREA(#12088);
#12088 = FILL_AREA_STYLE('',(#12089));
#12089 = FILL_AREA_STYLE_COLOUR('',#11550);
#12090 = STYLED_ITEM('color',(#12091),#8960);
#12091 = PRESENTATION_STYLE_ASSIGNMENT((#12092));
#12092 = SURFACE_STYLE_USAGE(.BOTH.,#12093);
#12093 = SURFACE_SIDE_STYLE('',(#12094));
#12094 = SURFACE_STYLE_FILL_AREA(#12095);
#12095 = FILL_AREA_STYLE('',(#12096));
#12096 = FILL_AREA_STYLE_COLOUR('',#11550);
#12097 = MECHANICAL_DESIGN_GEOMETRIC_PRESENTATION_REPRESENTATION('',(
    #12098,#12106,#12113,#12120,#12127,#12134,#12141,#12148,#12156,
    #12163,#12170,#12177,#12184,#12191,#12199,#12206,#12213,#12220,
    #12227,#12234,#12241,#12248,#12255,#12262,#12269,#12276),#9781);
#12098 = STYLED_ITEM('color',(#12099),#8993);
#12099 = PRESENTATION_STYLE_ASSIGNMENT((#12100));
#12100 = SURFACE_STYLE_USAGE(.BOTH.,#12101);
#12101 = SURFACE_SIDE_STYLE('',(#12102));
#12102 = SURFACE_STYLE_FILL_AREA(#12103);
#12103 = FILL_AREA_STYLE('',(#12104));
#12104 = FILL_AREA_STYLE_COLOUR('',#12105);
#12105 = COLOUR_RGB('',0.823999987314,0.819999987296,0.781000009244);
#12106 = STYLED_ITEM('color',(#12107),#9033);
#12107 = PRESENTATION_STYLE_ASSIGNMENT((#12108));
#12108 = SURFACE_STYLE_USAGE(.BOTH.,#12109);
#12109 = SURFACE_SIDE_STYLE('',(#12110));
#12110 = SURFACE_STYLE_FILL_AREA(#12111);
#12111 = FILL_AREA_STYLE('',(#12112));
#12112 = FILL_AREA_STYLE_COLOUR('',#12105);
#12113 = STYLED_ITEM('color',(#12114),#9116);
#12114 = PRESENTATION_STYLE_ASSIGNMENT((#12115));
#12115 = SURFACE_STYLE_USAGE(.BOTH.,#12116);
#12116 = SURFACE_SIDE_STYLE('',(#12117));
#12117 = SURFACE_STYLE_FILL_AREA(#12118);
#12118 = FILL_AREA_STYLE('',(#12119));
#12119 = FILL_AREA_STYLE_COLOUR('',#12105);
#12120 = STYLED_ITEM('color',(#12121),#9141);
#12121 = PRESENTATION_STYLE_ASSIGNMENT((#12122));
#12122 = SURFACE_STYLE_USAGE(.BOTH.,#12123);
#12123 = SURFACE_SIDE_STYLE('',(#12124));
#12124 = SURFACE_STYLE_FILL_AREA(#12125);
#12125 = FILL_AREA_STYLE('',(#12126));
#12126 = FILL_AREA_STYLE_COLOUR('',#12105);
#12127 = STYLED_ITEM('color',(#12128),#9166);
#12128 = PRESENTATION_STYLE_ASSIGNMENT((#12129));
#12129 = SURFACE_STYLE_USAGE(.BOTH.,#12130);
#12130 = SURFACE_SIDE_STYLE('',(#12131));
#12131 = SURFACE_STYLE_FILL_AREA(#12132);
#12132 = FILL_AREA_STYLE('',(#12133));
#12133 = FILL_AREA_STYLE_COLOUR('',#12105);
#12134 = STYLED_ITEM('color',(#12135),#9233);
#12135 = PRESENTATION_STYLE_ASSIGNMENT((#12136));
#12136 = SURFACE_STYLE_USAGE(.BOTH.,#12137);
#12137 = SURFACE_SIDE_STYLE('',(#12138));
#12138 = SURFACE_STYLE_FILL_AREA(#12139);
#12139 = FILL_AREA_STYLE('',(#12140));
#12140 = FILL_AREA_STYLE_COLOUR('',#12105);
#12141 = STYLED_ITEM('color',(#12142),#9250);
#12142 = PRESENTATION_STYLE_ASSIGNMENT((#12143));
#12143 = SURFACE_STYLE_USAGE(.BOTH.,#12144);
#12144 = SURFACE_SIDE_STYLE('',(#12145));
#12145 = SURFACE_STYLE_FILL_AREA(#12146);
#12146 = FILL_AREA_STYLE('',(#12147));
#12147 = FILL_AREA_STYLE_COLOUR('',#12105);
#12148 = STYLED_ITEM('color',(#12149),#9267);
#12149 = PRESENTATION_STYLE_ASSIGNMENT((#12150));
#12150 = SURFACE_STYLE_USAGE(.BOTH.,#12151);
#12151 = SURFACE_SIDE_STYLE('',(#12152));
#12152 = SURFACE_STYLE_FILL_AREA(#12153);
#12153 = FILL_AREA_STYLE('',(#12154));
#12154 = FILL_AREA_STYLE_COLOUR('',#12155);
#12155 = COLOUR_RGB('',0.894999966383,0.890999961016,0.813000030345);
#12156 = STYLED_ITEM('color',(#12157),#9316);
#12157 = PRESENTATION_STYLE_ASSIGNMENT((#12158));
#12158 = SURFACE_STYLE_USAGE(.BOTH.,#12159);
#12159 = SURFACE_SIDE_STYLE('',(#12160));
#12160 = SURFACE_STYLE_FILL_AREA(#12161);
#12161 = FILL_AREA_STYLE('',(#12162));
#12162 = FILL_AREA_STYLE_COLOUR('',#12105);
#12163 = STYLED_ITEM('color',(#12164),#9333);
#12164 = PRESENTATION_STYLE_ASSIGNMENT((#12165));
#12165 = SURFACE_STYLE_USAGE(.BOTH.,#12166);
#12166 = SURFACE_SIDE_STYLE('',(#12167));
#12167 = SURFACE_STYLE_FILL_AREA(#12168);
#12168 = FILL_AREA_STYLE('',(#12169));
#12169 = FILL_AREA_STYLE_COLOUR('',#12105);
#12170 = STYLED_ITEM('color',(#12171),#9350);
#12171 = PRESENTATION_STYLE_ASSIGNMENT((#12172));
#12172 = SURFACE_STYLE_USAGE(.BOTH.,#12173);
#12173 = SURFACE_SIDE_STYLE('',(#12174));
#12174 = SURFACE_STYLE_FILL_AREA(#12175);
#12175 = FILL_AREA_STYLE('',(#12176));
#12176 = FILL_AREA_STYLE_COLOUR('',#12155);
#12177 = STYLED_ITEM('color',(#12178),#9399);
#12178 = PRESENTATION_STYLE_ASSIGNMENT((#12179));
#12179 = SURFACE_STYLE_USAGE(.BOTH.,#12180);
#12180 = SURFACE_SIDE_STYLE('',(#12181));
#12181 = SURFACE_STYLE_FILL_AREA(#12182);
#12182 = FILL_AREA_STYLE('',(#12183));
#12183 = FILL_AREA_STYLE_COLOUR('',#12155);
#12184 = STYLED_ITEM('color',(#12185),#9416);
#12185 = PRESENTATION_STYLE_ASSIGNMENT((#12186));
#12186 = SURFACE_STYLE_USAGE(.BOTH.,#12187);
#12187 = SURFACE_SIDE_STYLE('',(#12188));
#12188 = SURFACE_STYLE_FILL_AREA(#12189);
#12189 = FILL_AREA_STYLE('',(#12190));
#12190 = FILL_AREA_STYLE_COLOUR('',#12105);
#12191 = STYLED_ITEM('color',(#12192),#9485);
#12192 = PRESENTATION_STYLE_ASSIGNMENT((#12193));
#12193 = SURFACE_STYLE_USAGE(.BOTH.,#12194);
#12194 = SURFACE_SIDE_STYLE('',(#12195));
#12195 = SURFACE_STYLE_FILL_AREA(#12196);
#12196 = FILL_AREA_STYLE('',(#12197));
#12197 = FILL_AREA_STYLE_COLOUR('',#12198);
#12198 = COLOUR_RGB('',8.200000279077E-02,8.600000121357E-02,
  9.399999706163E-02);
#12199 = STYLED_ITEM('color',(#12200),#9516);
#12200 = PRESENTATION_STYLE_ASSIGNMENT((#12201));
#12201 = SURFACE_STYLE_USAGE(.BOTH.,#12202);
#12202 = SURFACE_SIDE_STYLE('',(#12203));
#12203 = SURFACE_STYLE_FILL_AREA(#12204);
#12204 = FILL_AREA_STYLE('',(#12205));
#12205 = FILL_AREA_STYLE_COLOUR('',#12198);
#12206 = STYLED_ITEM('color',(#12207),#9540);
#12207 = PRESENTATION_STYLE_ASSIGNMENT((#12208));
#12208 = SURFACE_STYLE_USAGE(.BOTH.,#12209);
#12209 = SURFACE_SIDE_STYLE('',(#12210));
#12210 = SURFACE_STYLE_FILL_AREA(#12211);
#12211 = FILL_AREA_STYLE('',(#12212));
#12212 = FILL_AREA_STYLE_COLOUR('',#12105);
#12213 = STYLED_ITEM('color',(#12214),#9609);
#12214 = PRESENTATION_STYLE_ASSIGNMENT((#12215));
#12215 = SURFACE_STYLE_USAGE(.BOTH.,#12216);
#12216 = SURFACE_SIDE_STYLE('',(#12217));
#12217 = SURFACE_STYLE_FILL_AREA(#12218);
#12218 = FILL_AREA_STYLE('',(#12219));
#12219 = FILL_AREA_STYLE_COLOUR('',#12198);
#12220 = STYLED_ITEM('color',(#12221),#9633);
#12221 = PRESENTATION_STYLE_ASSIGNMENT((#12222));
#12222 = SURFACE_STYLE_USAGE(.BOTH.,#12223);
#12223 = SURFACE_SIDE_STYLE('',(#12224));
#12224 = SURFACE_STYLE_FILL_AREA(#12225);
#12225 = FILL_AREA_STYLE('',(#12226));
#12226 = FILL_AREA_STYLE_COLOUR('',#12105);
#12227 = STYLED_ITEM('color',(#12228),#9650);
#12228 = PRESENTATION_STYLE_ASSIGNMENT((#12229));
#12229 = SURFACE_STYLE_USAGE(.BOTH.,#12230);
#12230 = SURFACE_SIDE_STYLE('',(#12231));
#12231 = SURFACE_STYLE_FILL_AREA(#12232);
#12232 = FILL_AREA_STYLE('',(#12233));
#12233 = FILL_AREA_STYLE_COLOUR('',#12105);
#12234 = STYLED_ITEM('color',(#12235),#9667);
#12235 = PRESENTATION_STYLE_ASSIGNMENT((#12236));
#12236 = SURFACE_STYLE_USAGE(.BOTH.,#12237);
#12237 = SURFACE_SIDE_STYLE('',(#12238));
#12238 = SURFACE_STYLE_FILL_AREA(#12239);
#12239 = FILL_AREA_STYLE('',(#12240));
#12240 = FILL_AREA_STYLE_COLOUR('',#12105);
#12241 = STYLED_ITEM('color',(#12242),#9684);
#12242 = PRESENTATION_STYLE_ASSIGNMENT((#12243));
#12243 = SURFACE_STYLE_USAGE(.BOTH.,#12244);
#12244 = SURFACE_SIDE_STYLE('',(#12245));
#12245 = SURFACE_STYLE_FILL_AREA(#12246);
#12246 = FILL_AREA_STYLE('',(#12247));
#12247 = FILL_AREA_STYLE_COLOUR('',#12105);
#12248 = STYLED_ITEM('color',(#12249),#9701);
#12249 = PRESENTATION_STYLE_ASSIGNMENT((#12250));
#12250 = SURFACE_STYLE_USAGE(.BOTH.,#12251);
#12251 = SURFACE_SIDE_STYLE('',(#12252));
#12252 = SURFACE_STYLE_FILL_AREA(#12253);
#12253 = FILL_AREA_STYLE('',(#12254));
#12254 = FILL_AREA_STYLE_COLOUR('',#12105);
#12255 = STYLED_ITEM('color',(#12256),#9718);
#12256 = PRESENTATION_STYLE_ASSIGNMENT((#12257));
#12257 = SURFACE_STYLE_USAGE(.BOTH.,#12258);
#12258 = SURFACE_SIDE_STYLE('',(#12259));
#12259 = SURFACE_STYLE_FILL_AREA(#12260);
#12260 = FILL_AREA_STYLE('',(#12261));
#12261 = FILL_AREA_STYLE_COLOUR('',#12105);
#12262 = STYLED_ITEM('color',(#12263),#9735);
#12263 = PRESENTATION_STYLE_ASSIGNMENT((#12264));
#12264 = SURFACE_STYLE_USAGE(.BOTH.,#12265);
#12265 = SURFACE_SIDE_STYLE('',(#12266));
#12266 = SURFACE_STYLE_FILL_AREA(#12267);
#12267 = FILL_AREA_STYLE('',(#12268));
#12268 = FILL_AREA_STYLE_COLOUR('',#12105);
#12269 = STYLED_ITEM('color',(#12270),#9752);
#12270 = PRESENTATION_STYLE_ASSIGNMENT((#12271));
#12271 = SURFACE_STYLE_USAGE(.BOTH.,#12272);
#12272 = SURFACE_SIDE_STYLE('',(#12273));
#12273 = SURFACE_STYLE_FILL_AREA(#12274);
#12274 = FILL_AREA_STYLE('',(#12275));
#12275 = FILL_AREA_STYLE_COLOUR('',#12198);
#12276 = STYLED_ITEM('color',(#12277),#9769);
#12277 = PRESENTATION_STYLE_ASSIGNMENT((#12278));
#12278 = SURFACE_STYLE_USAGE(.BOTH.,#12279);
#12279 = SURFACE_SIDE_STYLE('',(#12280));
#12280 = SURFACE_STYLE_FILL_AREA(#12281);
#12281 = FILL_AREA_STYLE('',(#12282));
#12282 = FILL_AREA_STYLE_COLOUR('',#12198);
#12283 = MECHANICAL_DESIGN_GEOMETRIC_PRESENTATION_REPRESENTATION('',(
    #12284,#12294,#12303,#12312,#12321,#12330,#12339,#12348,#12357,
    #12366,#12375,#12384,#12393,#12402,#12411,#12420,#12429,#12438,
    #12447,#12456,#12465,#12474,#12483,#12492,#12501,#12510,#12519,
    #12528,#12537,#12546,#12555,#12564,#12573,#12582,#12591,#12600,
    #12609,#12618,#12627,#12636,#12645,#12654,#12663,#12672,#12681,
    #12690,#12699,#12708,#12717,#12726,#12735,#12744,#12753,#12762,
    #12771,#12780,#12789,#12798,#12807,#12816,#12825,#12834,#12843,
    #12852,#12861,#12870,#12879,#12888,#12897,#12906,#12915,#12924,
    #12933,#12942,#12951,#12960,#12969,#12978,#12987,#12996,#13005,
    #13014,#13023,#13032,#13041,#13050,#13059,#13068,#13077,#13086,
    #13095,#13104,#13113,#13122,#13131,#13140,#13149,#13158,#13167,
    #13176,#13185,#13194,#13203,#13212,#13221,#13230,#13239,#13248,
    #13257,#13266,#13275,#13284,#13293,#13302,#13311,#13320,#13329,
    #13338,#13347,#13356,#13365,#13374,#13383,#13392,#13401,#13410,
    #13419,#13428,#13437,#13446,#13455,#13464,#13473,#13482,#13491,
    #13500,#13509,#13518,#13527,#13536,#13545,#13554,#13563,#13572,
    #13581,#13590,#13599),#4517);
#12284 = STYLED_ITEM('color',(#12285),#51);
#12285 = PRESENTATION_STYLE_ASSIGNMENT((#12286,#12292));
#12286 = SURFACE_STYLE_USAGE(.BOTH.,#12287);
#12287 = SURFACE_SIDE_STYLE('',(#12288));
#12288 = SURFACE_STYLE_FILL_AREA(#12289);
#12289 = FILL_AREA_STYLE('',(#12290));
#12290 = FILL_AREA_STYLE_COLOUR('',#12291);
#12291 = COLOUR_RGB('',0.147999998088,0.145000001626,0.145000001626);
#12292 = CURVE_STYLE('',#12293,POSITIVE_LENGTH_MEASURE(0.1),#12291);
#12293 = DRAUGHTING_PRE_DEFINED_CURVE_FONT('continuous');
#12294 = STYLED_ITEM('color',(#12295),#89);
#12295 = PRESENTATION_STYLE_ASSIGNMENT((#12296,#12301));
#12296 = SURFACE_STYLE_USAGE(.BOTH.,#12297);
#12297 = SURFACE_SIDE_STYLE('',(#12298));
#12298 = SURFACE_STYLE_FILL_AREA(#12299);
#12299 = FILL_AREA_STYLE('',(#12300));
#12300 = FILL_AREA_STYLE_COLOUR('',#12291);
#12301 = CURVE_STYLE('',#12302,POSITIVE_LENGTH_MEASURE(0.1),#12291);
#12302 = DRAUGHTING_PRE_DEFINED_CURVE_FONT('continuous');
#12303 = STYLED_ITEM('color',(#12304),#152);
#12304 = PRESENTATION_STYLE_ASSIGNMENT((#12305,#12310));
#12305 = SURFACE_STYLE_USAGE(.BOTH.,#12306);
#12306 = SURFACE_SIDE_STYLE('',(#12307));
#12307 = SURFACE_STYLE_FILL_AREA(#12308);
#12308 = FILL_AREA_STYLE('',(#12309));
#12309 = FILL_AREA_STYLE_COLOUR('',#12291);
#12310 = CURVE_STYLE('',#12311,POSITIVE_LENGTH_MEASURE(0.1),#12291);
#12311 = DRAUGHTING_PRE_DEFINED_CURVE_FONT('continuous');
#12312 = STYLED_ITEM('color',(#12313),#175);
#12313 = PRESENTATION_STYLE_ASSIGNMENT((#12314,#12319));
#12314 = SURFACE_STYLE_USAGE(.BOTH.,#12315);
#12315 = SURFACE_SIDE_STYLE('',(#12316));
#12316 = SURFACE_STYLE_FILL_AREA(#12317);
#12317 = FILL_AREA_STYLE('',(#12318));
#12318 = FILL_AREA_STYLE_COLOUR('',#12291);
#12319 = CURVE_STYLE('',#12320,POSITIVE_LENGTH_MEASURE(0.1),#12291);
#12320 = DRAUGHTING_PRE_DEFINED_CURVE_FONT('continuous');
#12321 = STYLED_ITEM('color',(#12322),#204);
#12322 = PRESENTATION_STYLE_ASSIGNMENT((#12323,#12328));
#12323 = SURFACE_STYLE_USAGE(.BOTH.,#12324);
#12324 = SURFACE_SIDE_STYLE('',(#12325));
#12325 = SURFACE_STYLE_FILL_AREA(#12326);
#12326 = FILL_AREA_STYLE('',(#12327));
#12327 = FILL_AREA_STYLE_COLOUR('',#12291);
#12328 = CURVE_STYLE('',#12329,POSITIVE_LENGTH_MEASURE(0.1),#12291);
#12329 = DRAUGHTING_PRE_DEFINED_CURVE_FONT('continuous');
#12330 = STYLED_ITEM('color',(#12331),#227);
#12331 = PRESENTATION_STYLE_ASSIGNMENT((#12332,#12337));
#12332 = SURFACE_STYLE_USAGE(.BOTH.,#12333);
#12333 = SURFACE_SIDE_STYLE('',(#12334));
#12334 = SURFACE_STYLE_FILL_AREA(#12335);
#12335 = FILL_AREA_STYLE('',(#12336));
#12336 = FILL_AREA_STYLE_COLOUR('',#12291);
#12337 = CURVE_STYLE('',#12338,POSITIVE_LENGTH_MEASURE(0.1),#12291);
#12338 = DRAUGHTING_PRE_DEFINED_CURVE_FONT('continuous');
#12339 = STYLED_ITEM('color',(#12340),#314);
#12340 = PRESENTATION_STYLE_ASSIGNMENT((#12341,#12346));
#12341 = SURFACE_STYLE_USAGE(.BOTH.,#12342);
#12342 = SURFACE_SIDE_STYLE('',(#12343));
#12343 = SURFACE_STYLE_FILL_AREA(#12344);
#12344 = FILL_AREA_STYLE('',(#12345));
#12345 = FILL_AREA_STYLE_COLOUR('',#12291);
#12346 = CURVE_STYLE('',#12347,POSITIVE_LENGTH_MEASURE(0.1),#12291);
#12347 = DRAUGHTING_PRE_DEFINED_CURVE_FONT('continuous');
#12348 = STYLED_ITEM('color',(#12349),#401);
#12349 = PRESENTATION_STYLE_ASSIGNMENT((#12350,#12355));
#12350 = SURFACE_STYLE_USAGE(.BOTH.,#12351);
#12351 = SURFACE_SIDE_STYLE('',(#12352));
#12352 = SURFACE_STYLE_FILL_AREA(#12353);
#12353 = FILL_AREA_STYLE('',(#12354));
#12354 = FILL_AREA_STYLE_COLOUR('',#12291);
#12355 = CURVE_STYLE('',#12356,POSITIVE_LENGTH_MEASURE(0.1),#12291);
#12356 = DRAUGHTING_PRE_DEFINED_CURVE_FONT('continuous');
#12357 = STYLED_ITEM('color',(#12358),#424);
#12358 = PRESENTATION_STYLE_ASSIGNMENT((#12359,#12364));
#12359 = SURFACE_STYLE_USAGE(.BOTH.,#12360);
#12360 = SURFACE_SIDE_STYLE('',(#12361));
#12361 = SURFACE_STYLE_FILL_AREA(#12362);
#12362 = FILL_AREA_STYLE('',(#12363));
#12363 = FILL_AREA_STYLE_COLOUR('',#12291);
#12364 = CURVE_STYLE('',#12365,POSITIVE_LENGTH_MEASURE(0.1),#12291);
#12365 = DRAUGHTING_PRE_DEFINED_CURVE_FONT('continuous');
#12366 = STYLED_ITEM('color',(#12367),#447);
#12367 = PRESENTATION_STYLE_ASSIGNMENT((#12368,#12373));
#12368 = SURFACE_STYLE_USAGE(.BOTH.,#12369);
#12369 = SURFACE_SIDE_STYLE('',(#12370));
#12370 = SURFACE_STYLE_FILL_AREA(#12371);
#12371 = FILL_AREA_STYLE('',(#12372));
#12372 = FILL_AREA_STYLE_COLOUR('',#12291);
#12373 = CURVE_STYLE('',#12374,POSITIVE_LENGTH_MEASURE(0.1),#12291);
#12374 = DRAUGHTING_PRE_DEFINED_CURVE_FONT('continuous');
#12375 = STYLED_ITEM('color',(#12376),#464);
#12376 = PRESENTATION_STYLE_ASSIGNMENT((#12377,#12382));
#12377 = SURFACE_STYLE_USAGE(.BOTH.,#12378);
#12378 = SURFACE_SIDE_STYLE('',(#12379));
#12379 = SURFACE_STYLE_FILL_AREA(#12380);
#12380 = FILL_AREA_STYLE('',(#12381));
#12381 = FILL_AREA_STYLE_COLOUR('',#12291);
#12382 = CURVE_STYLE('',#12383,POSITIVE_LENGTH_MEASURE(0.1),#12291);
#12383 = DRAUGHTING_PRE_DEFINED_CURVE_FONT('continuous');
#12384 = STYLED_ITEM('color',(#12385),#487);
#12385 = PRESENTATION_STYLE_ASSIGNMENT((#12386,#12391));
#12386 = SURFACE_STYLE_USAGE(.BOTH.,#12387);
#12387 = SURFACE_SIDE_STYLE('',(#12388));
#12388 = SURFACE_STYLE_FILL_AREA(#12389);
#12389 = FILL_AREA_STYLE('',(#12390));
#12390 = FILL_AREA_STYLE_COLOUR('',#12291);
#12391 = CURVE_STYLE('',#12392,POSITIVE_LENGTH_MEASURE(0.1),#12291);
#12392 = DRAUGHTING_PRE_DEFINED_CURVE_FONT('continuous');
#12393 = STYLED_ITEM('color',(#12394),#575);
#12394 = PRESENTATION_STYLE_ASSIGNMENT((#12395,#12400));
#12395 = SURFACE_STYLE_USAGE(.BOTH.,#12396);
#12396 = SURFACE_SIDE_STYLE('',(#12397));
#12397 = SURFACE_STYLE_FILL_AREA(#12398);
#12398 = FILL_AREA_STYLE('',(#12399));
#12399 = FILL_AREA_STYLE_COLOUR('',#12291);
#12400 = CURVE_STYLE('',#12401,POSITIVE_LENGTH_MEASURE(0.1),#12291);
#12401 = DRAUGHTING_PRE_DEFINED_CURVE_FONT('continuous');
#12402 = STYLED_ITEM('color',(#12403),#591);
#12403 = PRESENTATION_STYLE_ASSIGNMENT((#12404,#12409));
#12404 = SURFACE_STYLE_USAGE(.BOTH.,#12405);
#12405 = SURFACE_SIDE_STYLE('',(#12406));
#12406 = SURFACE_STYLE_FILL_AREA(#12407);
#12407 = FILL_AREA_STYLE('',(#12408));
#12408 = FILL_AREA_STYLE_COLOUR('',#12291);
#12409 = CURVE_STYLE('',#12410,POSITIVE_LENGTH_MEASURE(0.1),#12291);
#12410 = DRAUGHTING_PRE_DEFINED_CURVE_FONT('continuous');
#12411 = STYLED_ITEM('color',(#12412),#621);
#12412 = PRESENTATION_STYLE_ASSIGNMENT((#12413,#12418));
#12413 = SURFACE_STYLE_USAGE(.BOTH.,#12414);
#12414 = SURFACE_SIDE_STYLE('',(#12415));
#12415 = SURFACE_STYLE_FILL_AREA(#12416);
#12416 = FILL_AREA_STYLE('',(#12417));
#12417 = FILL_AREA_STYLE_COLOUR('',#12105);
#12418 = CURVE_STYLE('',#12419,POSITIVE_LENGTH_MEASURE(0.1),#12105);
#12419 = DRAUGHTING_PRE_DEFINED_CURVE_FONT('continuous');
#12420 = STYLED_ITEM('color',(#12421),#652);
#12421 = PRESENTATION_STYLE_ASSIGNMENT((#12422,#12427));
#12422 = SURFACE_STYLE_USAGE(.BOTH.,#12423);
#12423 = SURFACE_SIDE_STYLE('',(#12424));
#12424 = SURFACE_STYLE_FILL_AREA(#12425);
#12425 = FILL_AREA_STYLE('',(#12426));
#12426 = FILL_AREA_STYLE_COLOUR('',#12291);
#12427 = CURVE_STYLE('',#12428,POSITIVE_LENGTH_MEASURE(0.1),#12291);
#12428 = DRAUGHTING_PRE_DEFINED_CURVE_FONT('continuous');
#12429 = STYLED_ITEM('color',(#12430),#683);
#12430 = PRESENTATION_STYLE_ASSIGNMENT((#12431,#12436));
#12431 = SURFACE_STYLE_USAGE(.BOTH.,#12432);
#12432 = SURFACE_SIDE_STYLE('',(#12433));
#12433 = SURFACE_STYLE_FILL_AREA(#12434);
#12434 = FILL_AREA_STYLE('',(#12435));
#12435 = FILL_AREA_STYLE_COLOUR('',#12105);
#12436 = CURVE_STYLE('',#12437,POSITIVE_LENGTH_MEASURE(0.1),#12105);
#12437 = DRAUGHTING_PRE_DEFINED_CURVE_FONT('continuous');
#12438 = STYLED_ITEM('color',(#12439),#714);
#12439 = PRESENTATION_STYLE_ASSIGNMENT((#12440,#12445));
#12440 = SURFACE_STYLE_USAGE(.BOTH.,#12441);
#12441 = SURFACE_SIDE_STYLE('',(#12442));
#12442 = SURFACE_STYLE_FILL_AREA(#12443);
#12443 = FILL_AREA_STYLE('',(#12444));
#12444 = FILL_AREA_STYLE_COLOUR('',#12291);
#12445 = CURVE_STYLE('',#12446,POSITIVE_LENGTH_MEASURE(0.1),#12291);
#12446 = DRAUGHTING_PRE_DEFINED_CURVE_FONT('continuous');
#12447 = STYLED_ITEM('color',(#12448),#745);
#12448 = PRESENTATION_STYLE_ASSIGNMENT((#12449,#12454));
#12449 = SURFACE_STYLE_USAGE(.BOTH.,#12450);
#12450 = SURFACE_SIDE_STYLE('',(#12451));
#12451 = SURFACE_STYLE_FILL_AREA(#12452);
#12452 = FILL_AREA_STYLE('',(#12453));
#12453 = FILL_AREA_STYLE_COLOUR('',#12105);
#12454 = CURVE_STYLE('',#12455,POSITIVE_LENGTH_MEASURE(0.1),#12105);
#12455 = DRAUGHTING_PRE_DEFINED_CURVE_FONT('continuous');
#12456 = STYLED_ITEM('color',(#12457),#776);
#12457 = PRESENTATION_STYLE_ASSIGNMENT((#12458,#12463));
#12458 = SURFACE_STYLE_USAGE(.BOTH.,#12459);
#12459 = SURFACE_SIDE_STYLE('',(#12460));
#12460 = SURFACE_STYLE_FILL_AREA(#12461);
#12461 = FILL_AREA_STYLE('',(#12462));
#12462 = FILL_AREA_STYLE_COLOUR('',#12291);
#12463 = CURVE_STYLE('',#12464,POSITIVE_LENGTH_MEASURE(0.1),#12291);
#12464 = DRAUGHTING_PRE_DEFINED_CURVE_FONT('continuous');
#12465 = STYLED_ITEM('color',(#12466),#807);
#12466 = PRESENTATION_STYLE_ASSIGNMENT((#12467,#12472));
#12467 = SURFACE_STYLE_USAGE(.BOTH.,#12468);
#12468 = SURFACE_SIDE_STYLE('',(#12469));
#12469 = SURFACE_STYLE_FILL_AREA(#12470);
#12470 = FILL_AREA_STYLE('',(#12471));
#12471 = FILL_AREA_STYLE_COLOUR('',#12105);
#12472 = CURVE_STYLE('',#12473,POSITIVE_LENGTH_MEASURE(0.1),#12105);
#12473 = DRAUGHTING_PRE_DEFINED_CURVE_FONT('continuous');
#12474 = STYLED_ITEM('color',(#12475),#838);
#12475 = PRESENTATION_STYLE_ASSIGNMENT((#12476,#12481));
#12476 = SURFACE_STYLE_USAGE(.BOTH.,#12477);
#12477 = SURFACE_SIDE_STYLE('',(#12478));
#12478 = SURFACE_STYLE_FILL_AREA(#12479);
#12479 = FILL_AREA_STYLE('',(#12480));
#12480 = FILL_AREA_STYLE_COLOUR('',#12291);
#12481 = CURVE_STYLE('',#12482,POSITIVE_LENGTH_MEASURE(0.1),#12291);
#12482 = DRAUGHTING_PRE_DEFINED_CURVE_FONT('continuous');
#12483 = STYLED_ITEM('color',(#12484),#855);
#12484 = PRESENTATION_STYLE_ASSIGNMENT((#12485,#12490));
#12485 = SURFACE_STYLE_USAGE(.BOTH.,#12486);
#12486 = SURFACE_SIDE_STYLE('',(#12487));
#12487 = SURFACE_STYLE_FILL_AREA(#12488);
#12488 = FILL_AREA_STYLE('',(#12489));
#12489 = FILL_AREA_STYLE_COLOUR('',#12291);
#12490 = CURVE_STYLE('',#12491,POSITIVE_LENGTH_MEASURE(0.1),#12291);
#12491 = DRAUGHTING_PRE_DEFINED_CURVE_FONT('continuous');
#12492 = STYLED_ITEM('color',(#12493),#872);
#12493 = PRESENTATION_STYLE_ASSIGNMENT((#12494,#12499));
#12494 = SURFACE_STYLE_USAGE(.BOTH.,#12495);
#12495 = SURFACE_SIDE_STYLE('',(#12496));
#12496 = SURFACE_STYLE_FILL_AREA(#12497);
#12497 = FILL_AREA_STYLE('',(#12498));
#12498 = FILL_AREA_STYLE_COLOUR('',#12105);
#12499 = CURVE_STYLE('',#12500,POSITIVE_LENGTH_MEASURE(0.1),#12105);
#12500 = DRAUGHTING_PRE_DEFINED_CURVE_FONT('continuous');
#12501 = STYLED_ITEM('color',(#12502),#903);
#12502 = PRESENTATION_STYLE_ASSIGNMENT((#12503,#12508));
#12503 = SURFACE_STYLE_USAGE(.BOTH.,#12504);
#12504 = SURFACE_SIDE_STYLE('',(#12505));
#12505 = SURFACE_STYLE_FILL_AREA(#12506);
#12506 = FILL_AREA_STYLE('',(#12507));
#12507 = FILL_AREA_STYLE_COLOUR('',#12291);
#12508 = CURVE_STYLE('',#12509,POSITIVE_LENGTH_MEASURE(0.1),#12291);
#12509 = DRAUGHTING_PRE_DEFINED_CURVE_FONT('continuous');
#12510 = STYLED_ITEM('color',(#12511),#934);
#12511 = PRESENTATION_STYLE_ASSIGNMENT((#12512,#12517));
#12512 = SURFACE_STYLE_USAGE(.BOTH.,#12513);
#12513 = SURFACE_SIDE_STYLE('',(#12514));
#12514 = SURFACE_STYLE_FILL_AREA(#12515);
#12515 = FILL_AREA_STYLE('',(#12516));
#12516 = FILL_AREA_STYLE_COLOUR('',#12105);
#12517 = CURVE_STYLE('',#12518,POSITIVE_LENGTH_MEASURE(0.1),#12105);
#12518 = DRAUGHTING_PRE_DEFINED_CURVE_FONT('continuous');
#12519 = STYLED_ITEM('color',(#12520),#965);
#12520 = PRESENTATION_STYLE_ASSIGNMENT((#12521,#12526));
#12521 = SURFACE_STYLE_USAGE(.BOTH.,#12522);
#12522 = SURFACE_SIDE_STYLE('',(#12523));
#12523 = SURFACE_STYLE_FILL_AREA(#12524);
#12524 = FILL_AREA_STYLE('',(#12525));
#12525 = FILL_AREA_STYLE_COLOUR('',#12291);
#12526 = CURVE_STYLE('',#12527,POSITIVE_LENGTH_MEASURE(0.1),#12291);
#12527 = DRAUGHTING_PRE_DEFINED_CURVE_FONT('continuous');
#12528 = STYLED_ITEM('color',(#12529),#996);
#12529 = PRESENTATION_STYLE_ASSIGNMENT((#12530,#12535));
#12530 = SURFACE_STYLE_USAGE(.BOTH.,#12531);
#12531 = SURFACE_SIDE_STYLE('',(#12532));
#12532 = SURFACE_STYLE_FILL_AREA(#12533);
#12533 = FILL_AREA_STYLE('',(#12534));
#12534 = FILL_AREA_STYLE_COLOUR('',#12105);
#12535 = CURVE_STYLE('',#12536,POSITIVE_LENGTH_MEASURE(0.1),#12105);
#12536 = DRAUGHTING_PRE_DEFINED_CURVE_FONT('continuous');
#12537 = STYLED_ITEM('color',(#12538),#1027);
#12538 = PRESENTATION_STYLE_ASSIGNMENT((#12539,#12544));
#12539 = SURFACE_STYLE_USAGE(.BOTH.,#12540);
#12540 = SURFACE_SIDE_STYLE('',(#12541));
#12541 = SURFACE_STYLE_FILL_AREA(#12542);
#12542 = FILL_AREA_STYLE('',(#12543));
#12543 = FILL_AREA_STYLE_COLOUR('',#12291);
#12544 = CURVE_STYLE('',#12545,POSITIVE_LENGTH_MEASURE(0.1),#12291);
#12545 = DRAUGHTING_PRE_DEFINED_CURVE_FONT('continuous');
#12546 = STYLED_ITEM('color',(#12547),#1058);
#12547 = PRESENTATION_STYLE_ASSIGNMENT((#12548,#12553));
#12548 = SURFACE_STYLE_USAGE(.BOTH.,#12549);
#12549 = SURFACE_SIDE_STYLE('',(#12550));
#12550 = SURFACE_STYLE_FILL_AREA(#12551);
#12551 = FILL_AREA_STYLE('',(#12552));
#12552 = FILL_AREA_STYLE_COLOUR('',#12105);
#12553 = CURVE_STYLE('',#12554,POSITIVE_LENGTH_MEASURE(0.1),#12105);
#12554 = DRAUGHTING_PRE_DEFINED_CURVE_FONT('continuous');
#12555 = STYLED_ITEM('color',(#12556),#1089);
#12556 = PRESENTATION_STYLE_ASSIGNMENT((#12557,#12562));
#12557 = SURFACE_STYLE_USAGE(.BOTH.,#12558);
#12558 = SURFACE_SIDE_STYLE('',(#12559));
#12559 = SURFACE_STYLE_FILL_AREA(#12560);
#12560 = FILL_AREA_STYLE('',(#12561));
#12561 = FILL_AREA_STYLE_COLOUR('',#12291);
#12562 = CURVE_STYLE('',#12563,POSITIVE_LENGTH_MEASURE(0.1),#12291);
#12563 = DRAUGHTING_PRE_DEFINED_CURVE_FONT('continuous');
#12564 = STYLED_ITEM('color',(#12565),#1119);
#12565 = PRESENTATION_STYLE_ASSIGNMENT((#12566,#12571));
#12566 = SURFACE_STYLE_USAGE(.BOTH.,#12567);
#12567 = SURFACE_SIDE_STYLE('',(#12568));
#12568 = SURFACE_STYLE_FILL_AREA(#12569);
#12569 = FILL_AREA_STYLE('',(#12570));
#12570 = FILL_AREA_STYLE_COLOUR('',#12291);
#12571 = CURVE_STYLE('',#12572,POSITIVE_LENGTH_MEASURE(0.1),#12291);
#12572 = DRAUGHTING_PRE_DEFINED_CURVE_FONT('continuous');
#12573 = STYLED_ITEM('color',(#12574),#1142);
#12574 = PRESENTATION_STYLE_ASSIGNMENT((#12575,#12580));
#12575 = SURFACE_STYLE_USAGE(.BOTH.,#12576);
#12576 = SURFACE_SIDE_STYLE('',(#12577));
#12577 = SURFACE_STYLE_FILL_AREA(#12578);
#12578 = FILL_AREA_STYLE('',(#12579));
#12579 = FILL_AREA_STYLE_COLOUR('',#12291);
#12580 = CURVE_STYLE('',#12581,POSITIVE_LENGTH_MEASURE(0.1),#12291);
#12581 = DRAUGHTING_PRE_DEFINED_CURVE_FONT('continuous');
#12582 = STYLED_ITEM('color',(#12583),#1165);
#12583 = PRESENTATION_STYLE_ASSIGNMENT((#12584,#12589));
#12584 = SURFACE_STYLE_USAGE(.BOTH.,#12585);
#12585 = SURFACE_SIDE_STYLE('',(#12586));
#12586 = SURFACE_STYLE_FILL_AREA(#12587);
#12587 = FILL_AREA_STYLE('',(#12588));
#12588 = FILL_AREA_STYLE_COLOUR('',#12291);
#12589 = CURVE_STYLE('',#12590,POSITIVE_LENGTH_MEASURE(0.1),#12291);
#12590 = DRAUGHTING_PRE_DEFINED_CURVE_FONT('continuous');
#12591 = STYLED_ITEM('color',(#12592),#1182);
#12592 = PRESENTATION_STYLE_ASSIGNMENT((#12593,#12598));
#12593 = SURFACE_STYLE_USAGE(.BOTH.,#12594);
#12594 = SURFACE_SIDE_STYLE('',(#12595));
#12595 = SURFACE_STYLE_FILL_AREA(#12596);
#12596 = FILL_AREA_STYLE('',(#12597));
#12597 = FILL_AREA_STYLE_COLOUR('',#12105);
#12598 = CURVE_STYLE('',#12599,POSITIVE_LENGTH_MEASURE(0.1),#12105);
#12599 = DRAUGHTING_PRE_DEFINED_CURVE_FONT('continuous');
#12600 = STYLED_ITEM('color',(#12601),#1227);
#12601 = PRESENTATION_STYLE_ASSIGNMENT((#12602,#12607));
#12602 = SURFACE_STYLE_USAGE(.BOTH.,#12603);
#12603 = SURFACE_SIDE_STYLE('',(#12604));
#12604 = SURFACE_STYLE_FILL_AREA(#12605);
#12605 = FILL_AREA_STYLE('',(#12606));
#12606 = FILL_AREA_STYLE_COLOUR('',#12291);
#12607 = CURVE_STYLE('',#12608,POSITIVE_LENGTH_MEASURE(0.1),#12291);
#12608 = DRAUGHTING_PRE_DEFINED_CURVE_FONT('continuous');
#12609 = STYLED_ITEM('color',(#12610),#1313);
#12610 = PRESENTATION_STYLE_ASSIGNMENT((#12611,#12616));
#12611 = SURFACE_STYLE_USAGE(.BOTH.,#12612);
#12612 = SURFACE_SIDE_STYLE('',(#12613));
#12613 = SURFACE_STYLE_FILL_AREA(#12614);
#12614 = FILL_AREA_STYLE('',(#12615));
#12615 = FILL_AREA_STYLE_COLOUR('',#12291);
#12616 = CURVE_STYLE('',#12617,POSITIVE_LENGTH_MEASURE(0.1),#12291);
#12617 = DRAUGHTING_PRE_DEFINED_CURVE_FONT('continuous');
#12618 = STYLED_ITEM('color',(#12619),#1336);
#12619 = PRESENTATION_STYLE_ASSIGNMENT((#12620,#12625));
#12620 = SURFACE_STYLE_USAGE(.BOTH.,#12621);
#12621 = SURFACE_SIDE_STYLE('',(#12622));
#12622 = SURFACE_STYLE_FILL_AREA(#12623);
#12623 = FILL_AREA_STYLE('',(#12624));
#12624 = FILL_AREA_STYLE_COLOUR('',#12291);
#12625 = CURVE_STYLE('',#12626,POSITIVE_LENGTH_MEASURE(0.1),#12291);
#12626 = DRAUGHTING_PRE_DEFINED_CURVE_FONT('continuous');
#12627 = STYLED_ITEM('color',(#12628),#1359);
#12628 = PRESENTATION_STYLE_ASSIGNMENT((#12629,#12634));
#12629 = SURFACE_STYLE_USAGE(.BOTH.,#12630);
#12630 = SURFACE_SIDE_STYLE('',(#12631));
#12631 = SURFACE_STYLE_FILL_AREA(#12632);
#12632 = FILL_AREA_STYLE('',(#12633));
#12633 = FILL_AREA_STYLE_COLOUR('',#12291);
#12634 = CURVE_STYLE('',#12635,POSITIVE_LENGTH_MEASURE(0.1),#12291);
#12635 = DRAUGHTING_PRE_DEFINED_CURVE_FONT('continuous');
#12636 = STYLED_ITEM('color',(#12637),#1382);
#12637 = PRESENTATION_STYLE_ASSIGNMENT((#12638,#12643));
#12638 = SURFACE_STYLE_USAGE(.BOTH.,#12639);
#12639 = SURFACE_SIDE_STYLE('',(#12640));
#12640 = SURFACE_STYLE_FILL_AREA(#12641);
#12641 = FILL_AREA_STYLE('',(#12642));
#12642 = FILL_AREA_STYLE_COLOUR('',#12291);
#12643 = CURVE_STYLE('',#12644,POSITIVE_LENGTH_MEASURE(0.1),#12291);
#12644 = DRAUGHTING_PRE_DEFINED_CURVE_FONT('continuous');
#12645 = STYLED_ITEM('color',(#12646),#1469);
#12646 = PRESENTATION_STYLE_ASSIGNMENT((#12647,#12652));
#12647 = SURFACE_STYLE_USAGE(.BOTH.,#12648);
#12648 = SURFACE_SIDE_STYLE('',(#12649));
#12649 = SURFACE_STYLE_FILL_AREA(#12650);
#12650 = FILL_AREA_STYLE('',(#12651));
#12651 = FILL_AREA_STYLE_COLOUR('',#12105);
#12652 = CURVE_STYLE('',#12653,POSITIVE_LENGTH_MEASURE(0.1),#12105);
#12653 = DRAUGHTING_PRE_DEFINED_CURVE_FONT('continuous');
#12654 = STYLED_ITEM('color',(#12655),#1507);
#12655 = PRESENTATION_STYLE_ASSIGNMENT((#12656,#12661));
#12656 = SURFACE_STYLE_USAGE(.BOTH.,#12657);
#12657 = SURFACE_SIDE_STYLE('',(#12658));
#12658 = SURFACE_STYLE_FILL_AREA(#12659);
#12659 = FILL_AREA_STYLE('',(#12660));
#12660 = FILL_AREA_STYLE_COLOUR('',#12291);
#12661 = CURVE_STYLE('',#12662,POSITIVE_LENGTH_MEASURE(0.1),#12291);
#12662 = DRAUGHTING_PRE_DEFINED_CURVE_FONT('continuous');
#12663 = STYLED_ITEM('color',(#12664),#1556);
#12664 = PRESENTATION_STYLE_ASSIGNMENT((#12665,#12670));
#12665 = SURFACE_STYLE_USAGE(.BOTH.,#12666);
#12666 = SURFACE_SIDE_STYLE('',(#12667));
#12667 = SURFACE_STYLE_FILL_AREA(#12668);
#12668 = FILL_AREA_STYLE('',(#12669));
#12669 = FILL_AREA_STYLE_COLOUR('',#12105);
#12670 = CURVE_STYLE('',#12671,POSITIVE_LENGTH_MEASURE(0.1),#12105);
#12671 = DRAUGHTING_PRE_DEFINED_CURVE_FONT('continuous');
#12672 = STYLED_ITEM('color',(#12673),#1648);
#12673 = PRESENTATION_STYLE_ASSIGNMENT((#12674,#12679));
#12674 = SURFACE_STYLE_USAGE(.BOTH.,#12675);
#12675 = SURFACE_SIDE_STYLE('',(#12676));
#12676 = SURFACE_STYLE_FILL_AREA(#12677);
#12677 = FILL_AREA_STYLE('',(#12678));
#12678 = FILL_AREA_STYLE_COLOUR('',#12105);
#12679 = CURVE_STYLE('',#12680,POSITIVE_LENGTH_MEASURE(0.1),#12105);
#12680 = DRAUGHTING_PRE_DEFINED_CURVE_FONT('continuous');
#12681 = STYLED_ITEM('color',(#12682),#1673);
#12682 = PRESENTATION_STYLE_ASSIGNMENT((#12683,#12688));
#12683 = SURFACE_STYLE_USAGE(.BOTH.,#12684);
#12684 = SURFACE_SIDE_STYLE('',(#12685));
#12685 = SURFACE_STYLE_FILL_AREA(#12686);
#12686 = FILL_AREA_STYLE('',(#12687));
#12687 = FILL_AREA_STYLE_COLOUR('',#12105);
#12688 = CURVE_STYLE('',#12689,POSITIVE_LENGTH_MEASURE(0.1),#12105);
#12689 = DRAUGHTING_PRE_DEFINED_CURVE_FONT('continuous');
#12690 = STYLED_ITEM('color',(#12691),#1757);
#12691 = PRESENTATION_STYLE_ASSIGNMENT((#12692,#12697));
#12692 = SURFACE_STYLE_USAGE(.BOTH.,#12693);
#12693 = SURFACE_SIDE_STYLE('',(#12694));
#12694 = SURFACE_STYLE_FILL_AREA(#12695);
#12695 = FILL_AREA_STYLE('',(#12696));
#12696 = FILL_AREA_STYLE_COLOUR('',#12291);
#12697 = CURVE_STYLE('',#12698,POSITIVE_LENGTH_MEASURE(0.1),#12291);
#12698 = DRAUGHTING_PRE_DEFINED_CURVE_FONT('continuous');
#12699 = STYLED_ITEM('color',(#12700),#1779);
#12700 = PRESENTATION_STYLE_ASSIGNMENT((#12701,#12706));
#12701 = SURFACE_STYLE_USAGE(.BOTH.,#12702);
#12702 = SURFACE_SIDE_STYLE('',(#12703));
#12703 = SURFACE_STYLE_FILL_AREA(#12704);
#12704 = FILL_AREA_STYLE('',(#12705));
#12705 = FILL_AREA_STYLE_COLOUR('',#12105);
#12706 = CURVE_STYLE('',#12707,POSITIVE_LENGTH_MEASURE(0.1),#12105);
#12707 = DRAUGHTING_PRE_DEFINED_CURVE_FONT('continuous');
#12708 = STYLED_ITEM('color',(#12709),#1871);
#12709 = PRESENTATION_STYLE_ASSIGNMENT((#12710,#12715));
#12710 = SURFACE_STYLE_USAGE(.BOTH.,#12711);
#12711 = SURFACE_SIDE_STYLE('',(#12712));
#12712 = SURFACE_STYLE_FILL_AREA(#12713);
#12713 = FILL_AREA_STYLE('',(#12714));
#12714 = FILL_AREA_STYLE_COLOUR('',#12105);
#12715 = CURVE_STYLE('',#12716,POSITIVE_LENGTH_MEASURE(0.1),#12105);
#12716 = DRAUGHTING_PRE_DEFINED_CURVE_FONT('continuous');
#12717 = STYLED_ITEM('color',(#12718),#1896);
#12718 = PRESENTATION_STYLE_ASSIGNMENT((#12719,#12724));
#12719 = SURFACE_STYLE_USAGE(.BOTH.,#12720);
#12720 = SURFACE_SIDE_STYLE('',(#12721));
#12721 = SURFACE_STYLE_FILL_AREA(#12722);
#12722 = FILL_AREA_STYLE('',(#12723));
#12723 = FILL_AREA_STYLE_COLOUR('',#12105);
#12724 = CURVE_STYLE('',#12725,POSITIVE_LENGTH_MEASURE(0.1),#12105);
#12725 = DRAUGHTING_PRE_DEFINED_CURVE_FONT('continuous');
#12726 = STYLED_ITEM('color',(#12727),#1980);
#12727 = PRESENTATION_STYLE_ASSIGNMENT((#12728,#12733));
#12728 = SURFACE_STYLE_USAGE(.BOTH.,#12729);
#12729 = SURFACE_SIDE_STYLE('',(#12730));
#12730 = SURFACE_STYLE_FILL_AREA(#12731);
#12731 = FILL_AREA_STYLE('',(#12732));
#12732 = FILL_AREA_STYLE_COLOUR('',#12291);
#12733 = CURVE_STYLE('',#12734,POSITIVE_LENGTH_MEASURE(0.1),#12291);
#12734 = DRAUGHTING_PRE_DEFINED_CURVE_FONT('continuous');
#12735 = STYLED_ITEM('color',(#12736),#2002);
#12736 = PRESENTATION_STYLE_ASSIGNMENT((#12737,#12742));
#12737 = SURFACE_STYLE_USAGE(.BOTH.,#12738);
#12738 = SURFACE_SIDE_STYLE('',(#12739));
#12739 = SURFACE_STYLE_FILL_AREA(#12740);
#12740 = FILL_AREA_STYLE('',(#12741));
#12741 = FILL_AREA_STYLE_COLOUR('',#12105);
#12742 = CURVE_STYLE('',#12743,POSITIVE_LENGTH_MEASURE(0.1),#12105);
#12743 = DRAUGHTING_PRE_DEFINED_CURVE_FONT('continuous');
#12744 = STYLED_ITEM('color',(#12745),#2094);
#12745 = PRESENTATION_STYLE_ASSIGNMENT((#12746,#12751));
#12746 = SURFACE_STYLE_USAGE(.BOTH.,#12747);
#12747 = SURFACE_SIDE_STYLE('',(#12748));
#12748 = SURFACE_STYLE_FILL_AREA(#12749);
#12749 = FILL_AREA_STYLE('',(#12750));
#12750 = FILL_AREA_STYLE_COLOUR('',#12105);
#12751 = CURVE_STYLE('',#12752,POSITIVE_LENGTH_MEASURE(0.1),#12105);
#12752 = DRAUGHTING_PRE_DEFINED_CURVE_FONT('continuous');
#12753 = STYLED_ITEM('color',(#12754),#2119);
#12754 = PRESENTATION_STYLE_ASSIGNMENT((#12755,#12760));
#12755 = SURFACE_STYLE_USAGE(.BOTH.,#12756);
#12756 = SURFACE_SIDE_STYLE('',(#12757));
#12757 = SURFACE_STYLE_FILL_AREA(#12758);
#12758 = FILL_AREA_STYLE('',(#12759));
#12759 = FILL_AREA_STYLE_COLOUR('',#12105);
#12760 = CURVE_STYLE('',#12761,POSITIVE_LENGTH_MEASURE(0.1),#12105);
#12761 = DRAUGHTING_PRE_DEFINED_CURVE_FONT('continuous');
#12762 = STYLED_ITEM('color',(#12763),#2203);
#12763 = PRESENTATION_STYLE_ASSIGNMENT((#12764,#12769));
#12764 = SURFACE_STYLE_USAGE(.BOTH.,#12765);
#12765 = SURFACE_SIDE_STYLE('',(#12766));
#12766 = SURFACE_STYLE_FILL_AREA(#12767);
#12767 = FILL_AREA_STYLE('',(#12768));
#12768 = FILL_AREA_STYLE_COLOUR('',#12291);
#12769 = CURVE_STYLE('',#12770,POSITIVE_LENGTH_MEASURE(0.1),#12291);
#12770 = DRAUGHTING_PRE_DEFINED_CURVE_FONT('continuous');
#12771 = STYLED_ITEM('color',(#12772),#2220);
#12772 = PRESENTATION_STYLE_ASSIGNMENT((#12773,#12778));
#12773 = SURFACE_STYLE_USAGE(.BOTH.,#12774);
#12774 = SURFACE_SIDE_STYLE('',(#12775));
#12775 = SURFACE_STYLE_FILL_AREA(#12776);
#12776 = FILL_AREA_STYLE('',(#12777));
#12777 = FILL_AREA_STYLE_COLOUR('',#12105);
#12778 = CURVE_STYLE('',#12779,POSITIVE_LENGTH_MEASURE(0.1),#12105);
#12779 = DRAUGHTING_PRE_DEFINED_CURVE_FONT('continuous');
#12780 = STYLED_ITEM('color',(#12781),#2305);
#12781 = PRESENTATION_STYLE_ASSIGNMENT((#12782,#12787));
#12782 = SURFACE_STYLE_USAGE(.BOTH.,#12783);
#12783 = SURFACE_SIDE_STYLE('',(#12784));
#12784 = SURFACE_STYLE_FILL_AREA(#12785);
#12785 = FILL_AREA_STYLE('',(#12786));
#12786 = FILL_AREA_STYLE_COLOUR('',#12105);
#12787 = CURVE_STYLE('',#12788,POSITIVE_LENGTH_MEASURE(0.1),#12105);
#12788 = DRAUGHTING_PRE_DEFINED_CURVE_FONT('continuous');
#12789 = STYLED_ITEM('color',(#12790),#2330);
#12790 = PRESENTATION_STYLE_ASSIGNMENT((#12791,#12796));
#12791 = SURFACE_STYLE_USAGE(.BOTH.,#12792);
#12792 = SURFACE_SIDE_STYLE('',(#12793));
#12793 = SURFACE_STYLE_FILL_AREA(#12794);
#12794 = FILL_AREA_STYLE('',(#12795));
#12795 = FILL_AREA_STYLE_COLOUR('',#12105);
#12796 = CURVE_STYLE('',#12797,POSITIVE_LENGTH_MEASURE(0.1),#12105);
#12797 = DRAUGHTING_PRE_DEFINED_CURVE_FONT('continuous');
#12798 = STYLED_ITEM('color',(#12799),#2407);
#12799 = PRESENTATION_STYLE_ASSIGNMENT((#12800,#12805));
#12800 = SURFACE_STYLE_USAGE(.BOTH.,#12801);
#12801 = SURFACE_SIDE_STYLE('',(#12802));
#12802 = SURFACE_STYLE_FILL_AREA(#12803);
#12803 = FILL_AREA_STYLE('',(#12804));
#12804 = FILL_AREA_STYLE_COLOUR('',#12105);
#12805 = CURVE_STYLE('',#12806,POSITIVE_LENGTH_MEASURE(0.1),#12105);
#12806 = DRAUGHTING_PRE_DEFINED_CURVE_FONT('continuous');
#12807 = STYLED_ITEM('color',(#12808),#2492);
#12808 = PRESENTATION_STYLE_ASSIGNMENT((#12809,#12814));
#12809 = SURFACE_STYLE_USAGE(.BOTH.,#12810);
#12810 = SURFACE_SIDE_STYLE('',(#12811));
#12811 = SURFACE_STYLE_FILL_AREA(#12812);
#12812 = FILL_AREA_STYLE('',(#12813));
#12813 = FILL_AREA_STYLE_COLOUR('',#12105);
#12814 = CURVE_STYLE('',#12815,POSITIVE_LENGTH_MEASURE(0.1),#12105);
#12815 = DRAUGHTING_PRE_DEFINED_CURVE_FONT('continuous');
#12816 = STYLED_ITEM('color',(#12817),#2517);
#12817 = PRESENTATION_STYLE_ASSIGNMENT((#12818,#12823));
#12818 = SURFACE_STYLE_USAGE(.BOTH.,#12819);
#12819 = SURFACE_SIDE_STYLE('',(#12820));
#12820 = SURFACE_STYLE_FILL_AREA(#12821);
#12821 = FILL_AREA_STYLE('',(#12822));
#12822 = FILL_AREA_STYLE_COLOUR('',#12105);
#12823 = CURVE_STYLE('',#12824,POSITIVE_LENGTH_MEASURE(0.1),#12105);
#12824 = DRAUGHTING_PRE_DEFINED_CURVE_FONT('continuous');
#12825 = STYLED_ITEM('color',(#12826),#2594);
#12826 = PRESENTATION_STYLE_ASSIGNMENT((#12827,#12832));
#12827 = SURFACE_STYLE_USAGE(.BOTH.,#12828);
#12828 = SURFACE_SIDE_STYLE('',(#12829));
#12829 = SURFACE_STYLE_FILL_AREA(#12830);
#12830 = FILL_AREA_STYLE('',(#12831));
#12831 = FILL_AREA_STYLE_COLOUR('',#12291);
#12832 = CURVE_STYLE('',#12833,POSITIVE_LENGTH_MEASURE(0.1),#12291);
#12833 = DRAUGHTING_PRE_DEFINED_CURVE_FONT('continuous');
#12834 = STYLED_ITEM('color',(#12835),#2611);
#12835 = PRESENTATION_STYLE_ASSIGNMENT((#12836,#12841));
#12836 = SURFACE_STYLE_USAGE(.BOTH.,#12837);
#12837 = SURFACE_SIDE_STYLE('',(#12838));
#12838 = SURFACE_STYLE_FILL_AREA(#12839);
#12839 = FILL_AREA_STYLE('',(#12840));
#12840 = FILL_AREA_STYLE_COLOUR('',#12105);
#12841 = CURVE_STYLE('',#12842,POSITIVE_LENGTH_MEASURE(0.1),#12105);
#12842 = DRAUGHTING_PRE_DEFINED_CURVE_FONT('continuous');
#12843 = STYLED_ITEM('color',(#12844),#2703);
#12844 = PRESENTATION_STYLE_ASSIGNMENT((#12845,#12850));
#12845 = SURFACE_STYLE_USAGE(.BOTH.,#12846);
#12846 = SURFACE_SIDE_STYLE('',(#12847));
#12847 = SURFACE_STYLE_FILL_AREA(#12848);
#12848 = FILL_AREA_STYLE('',(#12849));
#12849 = FILL_AREA_STYLE_COLOUR('',#12105);
#12850 = CURVE_STYLE('',#12851,POSITIVE_LENGTH_MEASURE(0.1),#12105);
#12851 = DRAUGHTING_PRE_DEFINED_CURVE_FONT('continuous');
#12852 = STYLED_ITEM('color',(#12853),#2728);
#12853 = PRESENTATION_STYLE_ASSIGNMENT((#12854,#12859));
#12854 = SURFACE_STYLE_USAGE(.BOTH.,#12855);
#12855 = SURFACE_SIDE_STYLE('',(#12856));
#12856 = SURFACE_STYLE_FILL_AREA(#12857);
#12857 = FILL_AREA_STYLE('',(#12858));
#12858 = FILL_AREA_STYLE_COLOUR('',#12105);
#12859 = CURVE_STYLE('',#12860,POSITIVE_LENGTH_MEASURE(0.1),#12105);
#12860 = DRAUGHTING_PRE_DEFINED_CURVE_FONT('continuous');
#12861 = STYLED_ITEM('color',(#12862),#2812);
#12862 = PRESENTATION_STYLE_ASSIGNMENT((#12863,#12868));
#12863 = SURFACE_STYLE_USAGE(.BOTH.,#12864);
#12864 = SURFACE_SIDE_STYLE('',(#12865));
#12865 = SURFACE_STYLE_FILL_AREA(#12866);
#12866 = FILL_AREA_STYLE('',(#12867));
#12867 = FILL_AREA_STYLE_COLOUR('',#12291);
#12868 = CURVE_STYLE('',#12869,POSITIVE_LENGTH_MEASURE(0.1),#12291);
#12869 = DRAUGHTING_PRE_DEFINED_CURVE_FONT('continuous');
#12870 = STYLED_ITEM('color',(#12871),#2834);
#12871 = PRESENTATION_STYLE_ASSIGNMENT((#12872,#12877));
#12872 = SURFACE_STYLE_USAGE(.BOTH.,#12873);
#12873 = SURFACE_SIDE_STYLE('',(#12874));
#12874 = SURFACE_STYLE_FILL_AREA(#12875);
#12875 = FILL_AREA_STYLE('',(#12876));
#12876 = FILL_AREA_STYLE_COLOUR('',#12105);
#12877 = CURVE_STYLE('',#12878,POSITIVE_LENGTH_MEASURE(0.1),#12105);
#12878 = DRAUGHTING_PRE_DEFINED_CURVE_FONT('continuous');
#12879 = STYLED_ITEM('color',(#12880),#2926);
#12880 = PRESENTATION_STYLE_ASSIGNMENT((#12881,#12886));
#12881 = SURFACE_STYLE_USAGE(.BOTH.,#12882);
#12882 = SURFACE_SIDE_STYLE('',(#12883));
#12883 = SURFACE_STYLE_FILL_AREA(#12884);
#12884 = FILL_AREA_STYLE('',(#12885));
#12885 = FILL_AREA_STYLE_COLOUR('',#12105);
#12886 = CURVE_STYLE('',#12887,POSITIVE_LENGTH_MEASURE(0.1),#12105);
#12887 = DRAUGHTING_PRE_DEFINED_CURVE_FONT('continuous');
#12888 = STYLED_ITEM('color',(#12889),#2951);
#12889 = PRESENTATION_STYLE_ASSIGNMENT((#12890,#12895));
#12890 = SURFACE_STYLE_USAGE(.BOTH.,#12891);
#12891 = SURFACE_SIDE_STYLE('',(#12892));
#12892 = SURFACE_STYLE_FILL_AREA(#12893);
#12893 = FILL_AREA_STYLE('',(#12894));
#12894 = FILL_AREA_STYLE_COLOUR('',#12105);
#12895 = CURVE_STYLE('',#12896,POSITIVE_LENGTH_MEASURE(0.1),#12105);
#12896 = DRAUGHTING_PRE_DEFINED_CURVE_FONT('continuous');
#12897 = STYLED_ITEM('color',(#12898),#3035);
#12898 = PRESENTATION_STYLE_ASSIGNMENT((#12899,#12904));
#12899 = SURFACE_STYLE_USAGE(.BOTH.,#12900);
#12900 = SURFACE_SIDE_STYLE('',(#12901));
#12901 = SURFACE_STYLE_FILL_AREA(#12902);
#12902 = FILL_AREA_STYLE('',(#12903));
#12903 = FILL_AREA_STYLE_COLOUR('',#12291);
#12904 = CURVE_STYLE('',#12905,POSITIVE_LENGTH_MEASURE(0.1),#12291);
#12905 = DRAUGHTING_PRE_DEFINED_CURVE_FONT('continuous');
#12906 = STYLED_ITEM('color',(#12907),#3057);
#12907 = PRESENTATION_STYLE_ASSIGNMENT((#12908,#12913));
#12908 = SURFACE_STYLE_USAGE(.BOTH.,#12909);
#12909 = SURFACE_SIDE_STYLE('',(#12910));
#12910 = SURFACE_STYLE_FILL_AREA(#12911);
#12911 = FILL_AREA_STYLE('',(#12912));
#12912 = FILL_AREA_STYLE_COLOUR('',#12105);
#12913 = CURVE_STYLE('',#12914,POSITIVE_LENGTH_MEASURE(0.1),#12105);
#12914 = DRAUGHTING_PRE_DEFINED_CURVE_FONT('continuous');
#12915 = STYLED_ITEM('color',(#12916),#3149);
#12916 = PRESENTATION_STYLE_ASSIGNMENT((#12917,#12922));
#12917 = SURFACE_STYLE_USAGE(.BOTH.,#12918);
#12918 = SURFACE_SIDE_STYLE('',(#12919));
#12919 = SURFACE_STYLE_FILL_AREA(#12920);
#12920 = FILL_AREA_STYLE('',(#12921));
#12921 = FILL_AREA_STYLE_COLOUR('',#12105);
#12922 = CURVE_STYLE('',#12923,POSITIVE_LENGTH_MEASURE(0.1),#12105);
#12923 = DRAUGHTING_PRE_DEFINED_CURVE_FONT('continuous');
#12924 = STYLED_ITEM('color',(#12925),#3174);
#12925 = PRESENTATION_STYLE_ASSIGNMENT((#12926,#12931));
#12926 = SURFACE_STYLE_USAGE(.BOTH.,#12927);
#12927 = SURFACE_SIDE_STYLE('',(#12928));
#12928 = SURFACE_STYLE_FILL_AREA(#12929);
#12929 = FILL_AREA_STYLE('',(#12930));
#12930 = FILL_AREA_STYLE_COLOUR('',#12105);
#12931 = CURVE_STYLE('',#12932,POSITIVE_LENGTH_MEASURE(0.1),#12105);
#12932 = DRAUGHTING_PRE_DEFINED_CURVE_FONT('continuous');
#12933 = STYLED_ITEM('color',(#12934),#3258);
#12934 = PRESENTATION_STYLE_ASSIGNMENT((#12935,#12940));
#12935 = SURFACE_STYLE_USAGE(.BOTH.,#12936);
#12936 = SURFACE_SIDE_STYLE('',(#12937));
#12937 = SURFACE_STYLE_FILL_AREA(#12938);
#12938 = FILL_AREA_STYLE('',(#12939));
#12939 = FILL_AREA_STYLE_COLOUR('',#12105);
#12940 = CURVE_STYLE('',#12941,POSITIVE_LENGTH_MEASURE(0.1),#12105);
#12941 = DRAUGHTING_PRE_DEFINED_CURVE_FONT('continuous');
#12942 = STYLED_ITEM('color',(#12943),#3275);
#12943 = PRESENTATION_STYLE_ASSIGNMENT((#12944,#12949));
#12944 = SURFACE_STYLE_USAGE(.BOTH.,#12945);
#12945 = SURFACE_SIDE_STYLE('',(#12946));
#12946 = SURFACE_STYLE_FILL_AREA(#12947);
#12947 = FILL_AREA_STYLE('',(#12948));
#12948 = FILL_AREA_STYLE_COLOUR('',#12105);
#12949 = CURVE_STYLE('',#12950,POSITIVE_LENGTH_MEASURE(0.1),#12105);
#12950 = DRAUGHTING_PRE_DEFINED_CURVE_FONT('continuous');
#12951 = STYLED_ITEM('color',(#12952),#3294);
#12952 = PRESENTATION_STYLE_ASSIGNMENT((#12953,#12958));
#12953 = SURFACE_STYLE_USAGE(.BOTH.,#12954);
#12954 = SURFACE_SIDE_STYLE('',(#12955));
#12955 = SURFACE_STYLE_FILL_AREA(#12956);
#12956 = FILL_AREA_STYLE('',(#12957));
#12957 = FILL_AREA_STYLE_COLOUR('',#12105);
#12958 = CURVE_STYLE('',#12959,POSITIVE_LENGTH_MEASURE(0.1),#12105);
#12959 = DRAUGHTING_PRE_DEFINED_CURVE_FONT('continuous');
#12960 = STYLED_ITEM('color',(#12961),#3313);
#12961 = PRESENTATION_STYLE_ASSIGNMENT((#12962,#12967));
#12962 = SURFACE_STYLE_USAGE(.BOTH.,#12963);
#12963 = SURFACE_SIDE_STYLE('',(#12964));
#12964 = SURFACE_STYLE_FILL_AREA(#12965);
#12965 = FILL_AREA_STYLE('',(#12966));
#12966 = FILL_AREA_STYLE_COLOUR('',#12105);
#12967 = CURVE_STYLE('',#12968,POSITIVE_LENGTH_MEASURE(0.1),#12105);
#12968 = DRAUGHTING_PRE_DEFINED_CURVE_FONT('continuous');
#12969 = STYLED_ITEM('color',(#12970),#3332);
#12970 = PRESENTATION_STYLE_ASSIGNMENT((#12971,#12976));
#12971 = SURFACE_STYLE_USAGE(.BOTH.,#12972);
#12972 = SURFACE_SIDE_STYLE('',(#12973));
#12973 = SURFACE_STYLE_FILL_AREA(#12974);
#12974 = FILL_AREA_STYLE('',(#12975));
#12975 = FILL_AREA_STYLE_COLOUR('',#12291);
#12976 = CURVE_STYLE('',#12977,POSITIVE_LENGTH_MEASURE(0.1),#12291);
#12977 = DRAUGHTING_PRE_DEFINED_CURVE_FONT('continuous');
#12978 = STYLED_ITEM('color',(#12979),#3378);
#12979 = PRESENTATION_STYLE_ASSIGNMENT((#12980,#12985));
#12980 = SURFACE_STYLE_USAGE(.BOTH.,#12981);
#12981 = SURFACE_SIDE_STYLE('',(#12982));
#12982 = SURFACE_STYLE_FILL_AREA(#12983);
#12983 = FILL_AREA_STYLE('',(#12984));
#12984 = FILL_AREA_STYLE_COLOUR('',#12291);
#12985 = CURVE_STYLE('',#12986,POSITIVE_LENGTH_MEASURE(0.1),#12291);
#12986 = DRAUGHTING_PRE_DEFINED_CURVE_FONT('continuous');
#12987 = STYLED_ITEM('color',(#12988),#3394);
#12988 = PRESENTATION_STYLE_ASSIGNMENT((#12989,#12994));
#12989 = SURFACE_STYLE_USAGE(.BOTH.,#12990);
#12990 = SURFACE_SIDE_STYLE('',(#12991));
#12991 = SURFACE_STYLE_FILL_AREA(#12992);
#12992 = FILL_AREA_STYLE('',(#12993));
#12993 = FILL_AREA_STYLE_COLOUR('',#12105);
#12994 = CURVE_STYLE('',#12995,POSITIVE_LENGTH_MEASURE(0.1),#12105);
#12995 = DRAUGHTING_PRE_DEFINED_CURVE_FONT('continuous');
#12996 = STYLED_ITEM('color',(#12997),#3413);
#12997 = PRESENTATION_STYLE_ASSIGNMENT((#12998,#13003));
#12998 = SURFACE_STYLE_USAGE(.BOTH.,#12999);
#12999 = SURFACE_SIDE_STYLE('',(#13000));
#13000 = SURFACE_STYLE_FILL_AREA(#13001);
#13001 = FILL_AREA_STYLE('',(#13002));
#13002 = FILL_AREA_STYLE_COLOUR('',#12105);
#13003 = CURVE_STYLE('',#13004,POSITIVE_LENGTH_MEASURE(0.1),#12105);
#13004 = DRAUGHTING_PRE_DEFINED_CURVE_FONT('continuous');
#13005 = STYLED_ITEM('color',(#13006),#3432);
#13006 = PRESENTATION_STYLE_ASSIGNMENT((#13007,#13012));
#13007 = SURFACE_STYLE_USAGE(.BOTH.,#13008);
#13008 = SURFACE_SIDE_STYLE('',(#13009));
#13009 = SURFACE_STYLE_FILL_AREA(#13010);
#13010 = FILL_AREA_STYLE('',(#13011));
#13011 = FILL_AREA_STYLE_COLOUR('',#12105);
#13012 = CURVE_STYLE('',#13013,POSITIVE_LENGTH_MEASURE(0.1),#12105);
#13013 = DRAUGHTING_PRE_DEFINED_CURVE_FONT('continuous');
#13014 = STYLED_ITEM('color',(#13015),#3451);
#13015 = PRESENTATION_STYLE_ASSIGNMENT((#13016,#13021));
#13016 = SURFACE_STYLE_USAGE(.BOTH.,#13017);
#13017 = SURFACE_SIDE_STYLE('',(#13018));
#13018 = SURFACE_STYLE_FILL_AREA(#13019);
#13019 = FILL_AREA_STYLE('',(#13020));
#13020 = FILL_AREA_STYLE_COLOUR('',#12291);
#13021 = CURVE_STYLE('',#13022,POSITIVE_LENGTH_MEASURE(0.1),#12291);
#13022 = DRAUGHTING_PRE_DEFINED_CURVE_FONT('continuous');
#13023 = STYLED_ITEM('color',(#13024),#3467);
#13024 = PRESENTATION_STYLE_ASSIGNMENT((#13025,#13030));
#13025 = SURFACE_STYLE_USAGE(.BOTH.,#13026);
#13026 = SURFACE_SIDE_STYLE('',(#13027));
#13027 = SURFACE_STYLE_FILL_AREA(#13028);
#13028 = FILL_AREA_STYLE('',(#13029));
#13029 = FILL_AREA_STYLE_COLOUR('',#12105);
#13030 = CURVE_STYLE('',#13031,POSITIVE_LENGTH_MEASURE(0.1),#12105);
#13031 = DRAUGHTING_PRE_DEFINED_CURVE_FONT('continuous');
#13032 = STYLED_ITEM('color',(#13033),#3484);
#13033 = PRESENTATION_STYLE_ASSIGNMENT((#13034,#13039));
#13034 = SURFACE_STYLE_USAGE(.BOTH.,#13035);
#13035 = SURFACE_SIDE_STYLE('',(#13036));
#13036 = SURFACE_STYLE_FILL_AREA(#13037);
#13037 = FILL_AREA_STYLE('',(#13038));
#13038 = FILL_AREA_STYLE_COLOUR('',#12291);
#13039 = CURVE_STYLE('',#13040,POSITIVE_LENGTH_MEASURE(0.1),#12291);
#13040 = DRAUGHTING_PRE_DEFINED_CURVE_FONT('continuous');
#13041 = STYLED_ITEM('color',(#13042),#3496);
#13042 = PRESENTATION_STYLE_ASSIGNMENT((#13043,#13048));
#13043 = SURFACE_STYLE_USAGE(.BOTH.,#13044);
#13044 = SURFACE_SIDE_STYLE('',(#13045));
#13045 = SURFACE_STYLE_FILL_AREA(#13046);
#13046 = FILL_AREA_STYLE('',(#13047));
#13047 = FILL_AREA_STYLE_COLOUR('',#12105);
#13048 = CURVE_STYLE('',#13049,POSITIVE_LENGTH_MEASURE(0.1),#12105);
#13049 = DRAUGHTING_PRE_DEFINED_CURVE_FONT('continuous');
#13050 = STYLED_ITEM('color',(#13051),#3513);
#13051 = PRESENTATION_STYLE_ASSIGNMENT((#13052,#13057));
#13052 = SURFACE_STYLE_USAGE(.BOTH.,#13053);
#13053 = SURFACE_SIDE_STYLE('',(#13054));
#13054 = SURFACE_STYLE_FILL_AREA(#13055);
#13055 = FILL_AREA_STYLE('',(#13056));
#13056 = FILL_AREA_STYLE_COLOUR('',#12105);
#13057 = CURVE_STYLE('',#13058,POSITIVE_LENGTH_MEASURE(0.1),#12105);
#13058 = DRAUGHTING_PRE_DEFINED_CURVE_FONT('continuous');
#13059 = STYLED_ITEM('color',(#13060),#3530);
#13060 = PRESENTATION_STYLE_ASSIGNMENT((#13061,#13066));
#13061 = SURFACE_STYLE_USAGE(.BOTH.,#13062);
#13062 = SURFACE_SIDE_STYLE('',(#13063));
#13063 = SURFACE_STYLE_FILL_AREA(#13064);
#13064 = FILL_AREA_STYLE('',(#13065));
#13065 = FILL_AREA_STYLE_COLOUR('',#12105);
#13066 = CURVE_STYLE('',#13067,POSITIVE_LENGTH_MEASURE(0.1),#12105);
#13067 = DRAUGHTING_PRE_DEFINED_CURVE_FONT('continuous');
#13068 = STYLED_ITEM('color',(#13069),#3547);
#13069 = PRESENTATION_STYLE_ASSIGNMENT((#13070,#13075));
#13070 = SURFACE_STYLE_USAGE(.BOTH.,#13071);
#13071 = SURFACE_SIDE_STYLE('',(#13072));
#13072 = SURFACE_STYLE_FILL_AREA(#13073);
#13073 = FILL_AREA_STYLE('',(#13074));
#13074 = FILL_AREA_STYLE_COLOUR('',#12105);
#13075 = CURVE_STYLE('',#13076,POSITIVE_LENGTH_MEASURE(0.1),#12105);
#13076 = DRAUGHTING_PRE_DEFINED_CURVE_FONT('continuous');
#13077 = STYLED_ITEM('color',(#13078),#3564);
#13078 = PRESENTATION_STYLE_ASSIGNMENT((#13079,#13084));
#13079 = SURFACE_STYLE_USAGE(.BOTH.,#13080);
#13080 = SURFACE_SIDE_STYLE('',(#13081));
#13081 = SURFACE_STYLE_FILL_AREA(#13082);
#13082 = FILL_AREA_STYLE('',(#13083));
#13083 = FILL_AREA_STYLE_COLOUR('',#12105);
#13084 = CURVE_STYLE('',#13085,POSITIVE_LENGTH_MEASURE(0.1),#12105);
#13085 = DRAUGHTING_PRE_DEFINED_CURVE_FONT('continuous');
#13086 = STYLED_ITEM('color',(#13087),#3581);
#13087 = PRESENTATION_STYLE_ASSIGNMENT((#13088,#13093));
#13088 = SURFACE_STYLE_USAGE(.BOTH.,#13089);
#13089 = SURFACE_SIDE_STYLE('',(#13090));
#13090 = SURFACE_STYLE_FILL_AREA(#13091);
#13091 = FILL_AREA_STYLE('',(#13092));
#13092 = FILL_AREA_STYLE_COLOUR('',#12105);
#13093 = CURVE_STYLE('',#13094,POSITIVE_LENGTH_MEASURE(0.1),#12105);
#13094 = DRAUGHTING_PRE_DEFINED_CURVE_FONT('continuous');
#13095 = STYLED_ITEM('color',(#13096),#3598);
#13096 = PRESENTATION_STYLE_ASSIGNMENT((#13097,#13102));
#13097 = SURFACE_STYLE_USAGE(.BOTH.,#13098);
#13098 = SURFACE_SIDE_STYLE('',(#13099));
#13099 = SURFACE_STYLE_FILL_AREA(#13100);
#13100 = FILL_AREA_STYLE('',(#13101));
#13101 = FILL_AREA_STYLE_COLOUR('',#12105);
#13102 = CURVE_STYLE('',#13103,POSITIVE_LENGTH_MEASURE(0.1),#12105);
#13103 = DRAUGHTING_PRE_DEFINED_CURVE_FONT('continuous');
#13104 = STYLED_ITEM('color',(#13105),#3615);
#13105 = PRESENTATION_STYLE_ASSIGNMENT((#13106,#13111));
#13106 = SURFACE_STYLE_USAGE(.BOTH.,#13107);
#13107 = SURFACE_SIDE_STYLE('',(#13108));
#13108 = SURFACE_STYLE_FILL_AREA(#13109);
#13109 = FILL_AREA_STYLE('',(#13110));
#13110 = FILL_AREA_STYLE_COLOUR('',#12105);
#13111 = CURVE_STYLE('',#13112,POSITIVE_LENGTH_MEASURE(0.1),#12105);
#13112 = DRAUGHTING_PRE_DEFINED_CURVE_FONT('continuous');
#13113 = STYLED_ITEM('color',(#13114),#3627);
#13114 = PRESENTATION_STYLE_ASSIGNMENT((#13115,#13120));
#13115 = SURFACE_STYLE_USAGE(.BOTH.,#13116);
#13116 = SURFACE_SIDE_STYLE('',(#13117));
#13117 = SURFACE_STYLE_FILL_AREA(#13118);
#13118 = FILL_AREA_STYLE('',(#13119));
#13119 = FILL_AREA_STYLE_COLOUR('',#12105);
#13120 = CURVE_STYLE('',#13121,POSITIVE_LENGTH_MEASURE(0.1),#12105);
#13121 = DRAUGHTING_PRE_DEFINED_CURVE_FONT('continuous');
#13122 = STYLED_ITEM('color',(#13123),#3644);
#13123 = PRESENTATION_STYLE_ASSIGNMENT((#13124,#13129));
#13124 = SURFACE_STYLE_USAGE(.BOTH.,#13125);
#13125 = SURFACE_SIDE_STYLE('',(#13126));
#13126 = SURFACE_STYLE_FILL_AREA(#13127);
#13127 = FILL_AREA_STYLE('',(#13128));
#13128 = FILL_AREA_STYLE_COLOUR('',#12105);
#13129 = CURVE_STYLE('',#13130,POSITIVE_LENGTH_MEASURE(0.1),#12105);
#13130 = DRAUGHTING_PRE_DEFINED_CURVE_FONT('continuous');
#13131 = STYLED_ITEM('color',(#13132),#3661);
#13132 = PRESENTATION_STYLE_ASSIGNMENT((#13133,#13138));
#13133 = SURFACE_STYLE_USAGE(.BOTH.,#13134);
#13134 = SURFACE_SIDE_STYLE('',(#13135));
#13135 = SURFACE_STYLE_FILL_AREA(#13136);
#13136 = FILL_AREA_STYLE('',(#13137));
#13137 = FILL_AREA_STYLE_COLOUR('',#12105);
#13138 = CURVE_STYLE('',#13139,POSITIVE_LENGTH_MEASURE(0.1),#12105);
#13139 = DRAUGHTING_PRE_DEFINED_CURVE_FONT('continuous');
#13140 = STYLED_ITEM('color',(#13141),#3678);
#13141 = PRESENTATION_STYLE_ASSIGNMENT((#13142,#13147));
#13142 = SURFACE_STYLE_USAGE(.BOTH.,#13143);
#13143 = SURFACE_SIDE_STYLE('',(#13144));
#13144 = SURFACE_STYLE_FILL_AREA(#13145);
#13145 = FILL_AREA_STYLE('',(#13146));
#13146 = FILL_AREA_STYLE_COLOUR('',#12105);
#13147 = CURVE_STYLE('',#13148,POSITIVE_LENGTH_MEASURE(0.1),#12105);
#13148 = DRAUGHTING_PRE_DEFINED_CURVE_FONT('continuous');
#13149 = STYLED_ITEM('color',(#13150),#3695);
#13150 = PRESENTATION_STYLE_ASSIGNMENT((#13151,#13156));
#13151 = SURFACE_STYLE_USAGE(.BOTH.,#13152);
#13152 = SURFACE_SIDE_STYLE('',(#13153));
#13153 = SURFACE_STYLE_FILL_AREA(#13154);
#13154 = FILL_AREA_STYLE('',(#13155));
#13155 = FILL_AREA_STYLE_COLOUR('',#12105);
#13156 = CURVE_STYLE('',#13157,POSITIVE_LENGTH_MEASURE(0.1),#12105);
#13157 = DRAUGHTING_PRE_DEFINED_CURVE_FONT('continuous');
#13158 = STYLED_ITEM('color',(#13159),#3712);
#13159 = PRESENTATION_STYLE_ASSIGNMENT((#13160,#13165));
#13160 = SURFACE_STYLE_USAGE(.BOTH.,#13161);
#13161 = SURFACE_SIDE_STYLE('',(#13162));
#13162 = SURFACE_STYLE_FILL_AREA(#13163);
#13163 = FILL_AREA_STYLE('',(#13164));
#13164 = FILL_AREA_STYLE_COLOUR('',#12105);
#13165 = CURVE_STYLE('',#13166,POSITIVE_LENGTH_MEASURE(0.1),#12105);
#13166 = DRAUGHTING_PRE_DEFINED_CURVE_FONT('continuous');
#13167 = STYLED_ITEM('color',(#13168),#3729);
#13168 = PRESENTATION_STYLE_ASSIGNMENT((#13169,#13174));
#13169 = SURFACE_STYLE_USAGE(.BOTH.,#13170);
#13170 = SURFACE_SIDE_STYLE('',(#13171));
#13171 = SURFACE_STYLE_FILL_AREA(#13172);
#13172 = FILL_AREA_STYLE('',(#13173));
#13173 = FILL_AREA_STYLE_COLOUR('',#12105);
#13174 = CURVE_STYLE('',#13175,POSITIVE_LENGTH_MEASURE(0.1),#12105);
#13175 = DRAUGHTING_PRE_DEFINED_CURVE_FONT('continuous');
#13176 = STYLED_ITEM('color',(#13177),#3746);
#13177 = PRESENTATION_STYLE_ASSIGNMENT((#13178,#13183));
#13178 = SURFACE_STYLE_USAGE(.BOTH.,#13179);
#13179 = SURFACE_SIDE_STYLE('',(#13180));
#13180 = SURFACE_STYLE_FILL_AREA(#13181);
#13181 = FILL_AREA_STYLE('',(#13182));
#13182 = FILL_AREA_STYLE_COLOUR('',#12105);
#13183 = CURVE_STYLE('',#13184,POSITIVE_LENGTH_MEASURE(0.1),#12105);
#13184 = DRAUGHTING_PRE_DEFINED_CURVE_FONT('continuous');
#13185 = STYLED_ITEM('color',(#13186),#3758);
#13186 = PRESENTATION_STYLE_ASSIGNMENT((#13187,#13192));
#13187 = SURFACE_STYLE_USAGE(.BOTH.,#13188);
#13188 = SURFACE_SIDE_STYLE('',(#13189));
#13189 = SURFACE_STYLE_FILL_AREA(#13190);
#13190 = FILL_AREA_STYLE('',(#13191));
#13191 = FILL_AREA_STYLE_COLOUR('',#12105);
#13192 = CURVE_STYLE('',#13193,POSITIVE_LENGTH_MEASURE(0.1),#12105);
#13193 = DRAUGHTING_PRE_DEFINED_CURVE_FONT('continuous');
#13194 = STYLED_ITEM('color',(#13195),#3775);
#13195 = PRESENTATION_STYLE_ASSIGNMENT((#13196,#13201));
#13196 = SURFACE_STYLE_USAGE(.BOTH.,#13197);
#13197 = SURFACE_SIDE_STYLE('',(#13198));
#13198 = SURFACE_STYLE_FILL_AREA(#13199);
#13199 = FILL_AREA_STYLE('',(#13200));
#13200 = FILL_AREA_STYLE_COLOUR('',#12105);
#13201 = CURVE_STYLE('',#13202,POSITIVE_LENGTH_MEASURE(0.1),#12105);
#13202 = DRAUGHTING_PRE_DEFINED_CURVE_FONT('continuous');
#13203 = STYLED_ITEM('color',(#13204),#3792);
#13204 = PRESENTATION_STYLE_ASSIGNMENT((#13205,#13210));
#13205 = SURFACE_STYLE_USAGE(.BOTH.,#13206);
#13206 = SURFACE_SIDE_STYLE('',(#13207));
#13207 = SURFACE_STYLE_FILL_AREA(#13208);
#13208 = FILL_AREA_STYLE('',(#13209));
#13209 = FILL_AREA_STYLE_COLOUR('',#12105);
#13210 = CURVE_STYLE('',#13211,POSITIVE_LENGTH_MEASURE(0.1),#12105);
#13211 = DRAUGHTING_PRE_DEFINED_CURVE_FONT('continuous');
#13212 = STYLED_ITEM('color',(#13213),#3809);
#13213 = PRESENTATION_STYLE_ASSIGNMENT((#13214,#13219));
#13214 = SURFACE_STYLE_USAGE(.BOTH.,#13215);
#13215 = SURFACE_SIDE_STYLE('',(#13216));
#13216 = SURFACE_STYLE_FILL_AREA(#13217);
#13217 = FILL_AREA_STYLE('',(#13218));
#13218 = FILL_AREA_STYLE_COLOUR('',#12105);
#13219 = CURVE_STYLE('',#13220,POSITIVE_LENGTH_MEASURE(0.1),#12105);
#13220 = DRAUGHTING_PRE_DEFINED_CURVE_FONT('continuous');
#13221 = STYLED_ITEM('color',(#13222),#3826);
#13222 = PRESENTATION_STYLE_ASSIGNMENT((#13223,#13228));
#13223 = SURFACE_STYLE_USAGE(.BOTH.,#13224);
#13224 = SURFACE_SIDE_STYLE('',(#13225));
#13225 = SURFACE_STYLE_FILL_AREA(#13226);
#13226 = FILL_AREA_STYLE('',(#13227));
#13227 = FILL_AREA_STYLE_COLOUR('',#12105);
#13228 = CURVE_STYLE('',#13229,POSITIVE_LENGTH_MEASURE(0.1),#12105);
#13229 = DRAUGHTING_PRE_DEFINED_CURVE_FONT('continuous');
#13230 = STYLED_ITEM('color',(#13231),#3843);
#13231 = PRESENTATION_STYLE_ASSIGNMENT((#13232,#13237));
#13232 = SURFACE_STYLE_USAGE(.BOTH.,#13233);
#13233 = SURFACE_SIDE_STYLE('',(#13234));
#13234 = SURFACE_STYLE_FILL_AREA(#13235);
#13235 = FILL_AREA_STYLE('',(#13236));
#13236 = FILL_AREA_STYLE_COLOUR('',#12105);
#13237 = CURVE_STYLE('',#13238,POSITIVE_LENGTH_MEASURE(0.1),#12105);
#13238 = DRAUGHTING_PRE_DEFINED_CURVE_FONT('continuous');
#13239 = STYLED_ITEM('color',(#13240),#3860);
#13240 = PRESENTATION_STYLE_ASSIGNMENT((#13241,#13246));
#13241 = SURFACE_STYLE_USAGE(.BOTH.,#13242);
#13242 = SURFACE_SIDE_STYLE('',(#13243));
#13243 = SURFACE_STYLE_FILL_AREA(#13244);
#13244 = FILL_AREA_STYLE('',(#13245));
#13245 = FILL_AREA_STYLE_COLOUR('',#12105);
#13246 = CURVE_STYLE('',#13247,POSITIVE_LENGTH_MEASURE(0.1),#12105);
#13247 = DRAUGHTING_PRE_DEFINED_CURVE_FONT('continuous');
#13248 = STYLED_ITEM('color',(#13249),#3877);
#13249 = PRESENTATION_STYLE_ASSIGNMENT((#13250,#13255));
#13250 = SURFACE_STYLE_USAGE(.BOTH.,#13251);
#13251 = SURFACE_SIDE_STYLE('',(#13252));
#13252 = SURFACE_STYLE_FILL_AREA(#13253);
#13253 = FILL_AREA_STYLE('',(#13254));
#13254 = FILL_AREA_STYLE_COLOUR('',#12105);
#13255 = CURVE_STYLE('',#13256,POSITIVE_LENGTH_MEASURE(0.1),#12105);
#13256 = DRAUGHTING_PRE_DEFINED_CURVE_FONT('continuous');
#13257 = STYLED_ITEM('color',(#13258),#3889);
#13258 = PRESENTATION_STYLE_ASSIGNMENT((#13259,#13264));
#13259 = SURFACE_STYLE_USAGE(.BOTH.,#13260);
#13260 = SURFACE_SIDE_STYLE('',(#13261));
#13261 = SURFACE_STYLE_FILL_AREA(#13262);
#13262 = FILL_AREA_STYLE('',(#13263));
#13263 = FILL_AREA_STYLE_COLOUR('',#12105);
#13264 = CURVE_STYLE('',#13265,POSITIVE_LENGTH_MEASURE(0.1),#12105);
#13265 = DRAUGHTING_PRE_DEFINED_CURVE_FONT('continuous');
#13266 = STYLED_ITEM('color',(#13267),#3906);
#13267 = PRESENTATION_STYLE_ASSIGNMENT((#13268,#13273));
#13268 = SURFACE_STYLE_USAGE(.BOTH.,#13269);
#13269 = SURFACE_SIDE_STYLE('',(#13270));
#13270 = SURFACE_STYLE_FILL_AREA(#13271);
#13271 = FILL_AREA_STYLE('',(#13272));
#13272 = FILL_AREA_STYLE_COLOUR('',#12105);
#13273 = CURVE_STYLE('',#13274,POSITIVE_LENGTH_MEASURE(0.1),#12105);
#13274 = DRAUGHTING_PRE_DEFINED_CURVE_FONT('continuous');
#13275 = STYLED_ITEM('color',(#13276),#3923);
#13276 = PRESENTATION_STYLE_ASSIGNMENT((#13277,#13282));
#13277 = SURFACE_STYLE_USAGE(.BOTH.,#13278);
#13278 = SURFACE_SIDE_STYLE('',(#13279));
#13279 = SURFACE_STYLE_FILL_AREA(#13280);
#13280 = FILL_AREA_STYLE('',(#13281));
#13281 = FILL_AREA_STYLE_COLOUR('',#12105);
#13282 = CURVE_STYLE('',#13283,POSITIVE_LENGTH_MEASURE(0.1),#12105);
#13283 = DRAUGHTING_PRE_DEFINED_CURVE_FONT('continuous');
#13284 = STYLED_ITEM('color',(#13285),#3940);
#13285 = PRESENTATION_STYLE_ASSIGNMENT((#13286,#13291));
#13286 = SURFACE_STYLE_USAGE(.BOTH.,#13287);
#13287 = SURFACE_SIDE_STYLE('',(#13288));
#13288 = SURFACE_STYLE_FILL_AREA(#13289);
#13289 = FILL_AREA_STYLE('',(#13290));
#13290 = FILL_AREA_STYLE_COLOUR('',#12105);
#13291 = CURVE_STYLE('',#13292,POSITIVE_LENGTH_MEASURE(0.1),#12105);
#13292 = DRAUGHTING_PRE_DEFINED_CURVE_FONT('continuous');
#13293 = STYLED_ITEM('color',(#13294),#3957);
#13294 = PRESENTATION_STYLE_ASSIGNMENT((#13295,#13300));
#13295 = SURFACE_STYLE_USAGE(.BOTH.,#13296);
#13296 = SURFACE_SIDE_STYLE('',(#13297));
#13297 = SURFACE_STYLE_FILL_AREA(#13298);
#13298 = FILL_AREA_STYLE('',(#13299));
#13299 = FILL_AREA_STYLE_COLOUR('',#12105);
#13300 = CURVE_STYLE('',#13301,POSITIVE_LENGTH_MEASURE(0.1),#12105);
#13301 = DRAUGHTING_PRE_DEFINED_CURVE_FONT('continuous');
#13302 = STYLED_ITEM('color',(#13303),#3974);
#13303 = PRESENTATION_STYLE_ASSIGNMENT((#13304,#13309));
#13304 = SURFACE_STYLE_USAGE(.BOTH.,#13305);
#13305 = SURFACE_SIDE_STYLE('',(#13306));
#13306 = SURFACE_STYLE_FILL_AREA(#13307);
#13307 = FILL_AREA_STYLE('',(#13308));
#13308 = FILL_AREA_STYLE_COLOUR('',#12105);
#13309 = CURVE_STYLE('',#13310,POSITIVE_LENGTH_MEASURE(0.1),#12105);
#13310 = DRAUGHTING_PRE_DEFINED_CURVE_FONT('continuous');
#13311 = STYLED_ITEM('color',(#13312),#3991);
#13312 = PRESENTATION_STYLE_ASSIGNMENT((#13313,#13318));
#13313 = SURFACE_STYLE_USAGE(.BOTH.,#13314);
#13314 = SURFACE_SIDE_STYLE('',(#13315));
#13315 = SURFACE_STYLE_FILL_AREA(#13316);
#13316 = FILL_AREA_STYLE('',(#13317));
#13317 = FILL_AREA_STYLE_COLOUR('',#12105);
#13318 = CURVE_STYLE('',#13319,POSITIVE_LENGTH_MEASURE(0.1),#12105);
#13319 = DRAUGHTING_PRE_DEFINED_CURVE_FONT('continuous');
#13320 = STYLED_ITEM('color',(#13321),#4003);
#13321 = PRESENTATION_STYLE_ASSIGNMENT((#13322,#13327));
#13322 = SURFACE_STYLE_USAGE(.BOTH.,#13323);
#13323 = SURFACE_SIDE_STYLE('',(#13324));
#13324 = SURFACE_STYLE_FILL_AREA(#13325);
#13325 = FILL_AREA_STYLE('',(#13326));
#13326 = FILL_AREA_STYLE_COLOUR('',#12105);
#13327 = CURVE_STYLE('',#13328,POSITIVE_LENGTH_MEASURE(0.1),#12105);
#13328 = DRAUGHTING_PRE_DEFINED_CURVE_FONT('continuous');
#13329 = STYLED_ITEM('color',(#13330),#4020);
#13330 = PRESENTATION_STYLE_ASSIGNMENT((#13331,#13336));
#13331 = SURFACE_STYLE_USAGE(.BOTH.,#13332);
#13332 = SURFACE_SIDE_STYLE('',(#13333));
#13333 = SURFACE_STYLE_FILL_AREA(#13334);
#13334 = FILL_AREA_STYLE('',(#13335));
#13335 = FILL_AREA_STYLE_COLOUR('',#12105);
#13336 = CURVE_STYLE('',#13337,POSITIVE_LENGTH_MEASURE(0.1),#12105);
#13337 = DRAUGHTING_PRE_DEFINED_CURVE_FONT('continuous');
#13338 = STYLED_ITEM('color',(#13339),#4037);
#13339 = PRESENTATION_STYLE_ASSIGNMENT((#13340,#13345));
#13340 = SURFACE_STYLE_USAGE(.BOTH.,#13341);
#13341 = SURFACE_SIDE_STYLE('',(#13342));
#13342 = SURFACE_STYLE_FILL_AREA(#13343);
#13343 = FILL_AREA_STYLE('',(#13344));
#13344 = FILL_AREA_STYLE_COLOUR('',#12105);
#13345 = CURVE_STYLE('',#13346,POSITIVE_LENGTH_MEASURE(0.1),#12105);
#13346 = DRAUGHTING_PRE_DEFINED_CURVE_FONT('continuous');
#13347 = STYLED_ITEM('color',(#13348),#4054);
#13348 = PRESENTATION_STYLE_ASSIGNMENT((#13349,#13354));
#13349 = SURFACE_STYLE_USAGE(.BOTH.,#13350);
#13350 = SURFACE_SIDE_STYLE('',(#13351));
#13351 = SURFACE_STYLE_FILL_AREA(#13352);
#13352 = FILL_AREA_STYLE('',(#13353));
#13353 = FILL_AREA_STYLE_COLOUR('',#12105);
#13354 = CURVE_STYLE('',#13355,POSITIVE_LENGTH_MEASURE(0.1),#12105);
#13355 = DRAUGHTING_PRE_DEFINED_CURVE_FONT('continuous');
#13356 = STYLED_ITEM('color',(#13357),#4071);
#13357 = PRESENTATION_STYLE_ASSIGNMENT((#13358,#13363));
#13358 = SURFACE_STYLE_USAGE(.BOTH.,#13359);
#13359 = SURFACE_SIDE_STYLE('',(#13360));
#13360 = SURFACE_STYLE_FILL_AREA(#13361);
#13361 = FILL_AREA_STYLE('',(#13362));
#13362 = FILL_AREA_STYLE_COLOUR('',#12105);
#13363 = CURVE_STYLE('',#13364,POSITIVE_LENGTH_MEASURE(0.1),#12105);
#13364 = DRAUGHTING_PRE_DEFINED_CURVE_FONT('continuous');
#13365 = STYLED_ITEM('color',(#13366),#4088);
#13366 = PRESENTATION_STYLE_ASSIGNMENT((#13367,#13372));
#13367 = SURFACE_STYLE_USAGE(.BOTH.,#13368);
#13368 = SURFACE_SIDE_STYLE('',(#13369));
#13369 = SURFACE_STYLE_FILL_AREA(#13370);
#13370 = FILL_AREA_STYLE('',(#13371));
#13371 = FILL_AREA_STYLE_COLOUR('',#12105);
#13372 = CURVE_STYLE('',#13373,POSITIVE_LENGTH_MEASURE(0.1),#12105);
#13373 = DRAUGHTING_PRE_DEFINED_CURVE_FONT('continuous');
#13374 = STYLED_ITEM('color',(#13375),#4105);
#13375 = PRESENTATION_STYLE_ASSIGNMENT((#13376,#13381));
#13376 = SURFACE_STYLE_USAGE(.BOTH.,#13377);
#13377 = SURFACE_SIDE_STYLE('',(#13378));
#13378 = SURFACE_STYLE_FILL_AREA(#13379);
#13379 = FILL_AREA_STYLE('',(#13380));
#13380 = FILL_AREA_STYLE_COLOUR('',#12105);
#13381 = CURVE_STYLE('',#13382,POSITIVE_LENGTH_MEASURE(0.1),#12105);
#13382 = DRAUGHTING_PRE_DEFINED_CURVE_FONT('continuous');
#13383 = STYLED_ITEM('color',(#13384),#4117);
#13384 = PRESENTATION_STYLE_ASSIGNMENT((#13385,#13390));
#13385 = SURFACE_STYLE_USAGE(.BOTH.,#13386);
#13386 = SURFACE_SIDE_STYLE('',(#13387));
#13387 = SURFACE_STYLE_FILL_AREA(#13388);
#13388 = FILL_AREA_STYLE('',(#13389));
#13389 = FILL_AREA_STYLE_COLOUR('',#12105);
#13390 = CURVE_STYLE('',#13391,POSITIVE_LENGTH_MEASURE(0.1),#12105);
#13391 = DRAUGHTING_PRE_DEFINED_CURVE_FONT('continuous');
#13392 = STYLED_ITEM('color',(#13393),#4134);
#13393 = PRESENTATION_STYLE_ASSIGNMENT((#13394,#13399));
#13394 = SURFACE_STYLE_USAGE(.BOTH.,#13395);
#13395 = SURFACE_SIDE_STYLE('',(#13396));
#13396 = SURFACE_STYLE_FILL_AREA(#13397);
#13397 = FILL_AREA_STYLE('',(#13398));
#13398 = FILL_AREA_STYLE_COLOUR('',#12105);
#13399 = CURVE_STYLE('',#13400,POSITIVE_LENGTH_MEASURE(0.1),#12105);
#13400 = DRAUGHTING_PRE_DEFINED_CURVE_FONT('continuous');
#13401 = STYLED_ITEM('color',(#13402),#4151);
#13402 = PRESENTATION_STYLE_ASSIGNMENT((#13403,#13408));
#13403 = SURFACE_STYLE_USAGE(.BOTH.,#13404);
#13404 = SURFACE_SIDE_STYLE('',(#13405));
#13405 = SURFACE_STYLE_FILL_AREA(#13406);
#13406 = FILL_AREA_STYLE('',(#13407));
#13407 = FILL_AREA_STYLE_COLOUR('',#12105);
#13408 = CURVE_STYLE('',#13409,POSITIVE_LENGTH_MEASURE(0.1),#12105);
#13409 = DRAUGHTING_PRE_DEFINED_CURVE_FONT('continuous');
#13410 = STYLED_ITEM('color',(#13411),#4168);
#13411 = PRESENTATION_STYLE_ASSIGNMENT((#13412,#13417));
#13412 = SURFACE_STYLE_USAGE(.BOTH.,#13413);
#13413 = SURFACE_SIDE_STYLE('',(#13414));
#13414 = SURFACE_STYLE_FILL_AREA(#13415);
#13415 = FILL_AREA_STYLE('',(#13416));
#13416 = FILL_AREA_STYLE_COLOUR('',#12105);
#13417 = CURVE_STYLE('',#13418,POSITIVE_LENGTH_MEASURE(0.1),#12105);
#13418 = DRAUGHTING_PRE_DEFINED_CURVE_FONT('continuous');
#13419 = STYLED_ITEM('color',(#13420),#4185);
#13420 = PRESENTATION_STYLE_ASSIGNMENT((#13421,#13426));
#13421 = SURFACE_STYLE_USAGE(.BOTH.,#13422);
#13422 = SURFACE_SIDE_STYLE('',(#13423));
#13423 = SURFACE_STYLE_FILL_AREA(#13424);
#13424 = FILL_AREA_STYLE('',(#13425));
#13425 = FILL_AREA_STYLE_COLOUR('',#12105);
#13426 = CURVE_STYLE('',#13427,POSITIVE_LENGTH_MEASURE(0.1),#12105);
#13427 = DRAUGHTING_PRE_DEFINED_CURVE_FONT('continuous');
#13428 = STYLED_ITEM('color',(#13429),#4202);
#13429 = PRESENTATION_STYLE_ASSIGNMENT((#13430,#13435));
#13430 = SURFACE_STYLE_USAGE(.BOTH.,#13431);
#13431 = SURFACE_SIDE_STYLE('',(#13432));
#13432 = SURFACE_STYLE_FILL_AREA(#13433);
#13433 = FILL_AREA_STYLE('',(#13434));
#13434 = FILL_AREA_STYLE_COLOUR('',#12105);
#13435 = CURVE_STYLE('',#13436,POSITIVE_LENGTH_MEASURE(0.1),#12105);
#13436 = DRAUGHTING_PRE_DEFINED_CURVE_FONT('continuous');
#13437 = STYLED_ITEM('color',(#13438),#4219);
#13438 = PRESENTATION_STYLE_ASSIGNMENT((#13439,#13444));
#13439 = SURFACE_STYLE_USAGE(.BOTH.,#13440);
#13440 = SURFACE_SIDE_STYLE('',(#13441));
#13441 = SURFACE_STYLE_FILL_AREA(#13442);
#13442 = FILL_AREA_STYLE('',(#13443));
#13443 = FILL_AREA_STYLE_COLOUR('',#12105);
#13444 = CURVE_STYLE('',#13445,POSITIVE_LENGTH_MEASURE(0.1),#12105);
#13445 = DRAUGHTING_PRE_DEFINED_CURVE_FONT('continuous');
#13446 = STYLED_ITEM('color',(#13447),#4236);
#13447 = PRESENTATION_STYLE_ASSIGNMENT((#13448,#13453));
#13448 = SURFACE_STYLE_USAGE(.BOTH.,#13449);
#13449 = SURFACE_SIDE_STYLE('',(#13450));
#13450 = SURFACE_STYLE_FILL_AREA(#13451);
#13451 = FILL_AREA_STYLE('',(#13452));
#13452 = FILL_AREA_STYLE_COLOUR('',#12105);
#13453 = CURVE_STYLE('',#13454,POSITIVE_LENGTH_MEASURE(0.1),#12105);
#13454 = DRAUGHTING_PRE_DEFINED_CURVE_FONT('continuous');
#13455 = STYLED_ITEM('color',(#13456),#4248);
#13456 = PRESENTATION_STYLE_ASSIGNMENT((#13457,#13462));
#13457 = SURFACE_STYLE_USAGE(.BOTH.,#13458);
#13458 = SURFACE_SIDE_STYLE('',(#13459));
#13459 = SURFACE_STYLE_FILL_AREA(#13460);
#13460 = FILL_AREA_STYLE('',(#13461));
#13461 = FILL_AREA_STYLE_COLOUR('',#12105);
#13462 = CURVE_STYLE('',#13463,POSITIVE_LENGTH_MEASURE(0.1),#12105);
#13463 = DRAUGHTING_PRE_DEFINED_CURVE_FONT('continuous');
#13464 = STYLED_ITEM('color',(#13465),#4265);
#13465 = PRESENTATION_STYLE_ASSIGNMENT((#13466,#13471));
#13466 = SURFACE_STYLE_USAGE(.BOTH.,#13467);
#13467 = SURFACE_SIDE_STYLE('',(#13468));
#13468 = SURFACE_STYLE_FILL_AREA(#13469);
#13469 = FILL_AREA_STYLE('',(#13470));
#13470 = FILL_AREA_STYLE_COLOUR('',#12105);
#13471 = CURVE_STYLE('',#13472,POSITIVE_LENGTH_MEASURE(0.1),#12105);
#13472 = DRAUGHTING_PRE_DEFINED_CURVE_FONT('continuous');
#13473 = STYLED_ITEM('color',(#13474),#4282);
#13474 = PRESENTATION_STYLE_ASSIGNMENT((#13475,#13480));
#13475 = SURFACE_STYLE_USAGE(.BOTH.,#13476);
#13476 = SURFACE_SIDE_STYLE('',(#13477));
#13477 = SURFACE_STYLE_FILL_AREA(#13478);
#13478 = FILL_AREA_STYLE('',(#13479));
#13479 = FILL_AREA_STYLE_COLOUR('',#12105);
#13480 = CURVE_STYLE('',#13481,POSITIVE_LENGTH_MEASURE(0.1),#12105);
#13481 = DRAUGHTING_PRE_DEFINED_CURVE_FONT('continuous');
#13482 = STYLED_ITEM('color',(#13483),#4299);
#13483 = PRESENTATION_STYLE_ASSIGNMENT((#13484,#13489));
#13484 = SURFACE_STYLE_USAGE(.BOTH.,#13485);
#13485 = SURFACE_SIDE_STYLE('',(#13486));
#13486 = SURFACE_STYLE_FILL_AREA(#13487);
#13487 = FILL_AREA_STYLE('',(#13488));
#13488 = FILL_AREA_STYLE_COLOUR('',#12105);
#13489 = CURVE_STYLE('',#13490,POSITIVE_LENGTH_MEASURE(0.1),#12105);
#13490 = DRAUGHTING_PRE_DEFINED_CURVE_FONT('continuous');
#13491 = STYLED_ITEM('color',(#13492),#4316);
#13492 = PRESENTATION_STYLE_ASSIGNMENT((#13493,#13498));
#13493 = SURFACE_STYLE_USAGE(.BOTH.,#13494);
#13494 = SURFACE_SIDE_STYLE('',(#13495));
#13495 = SURFACE_STYLE_FILL_AREA(#13496);
#13496 = FILL_AREA_STYLE('',(#13497));
#13497 = FILL_AREA_STYLE_COLOUR('',#12105);
#13498 = CURVE_STYLE('',#13499,POSITIVE_LENGTH_MEASURE(0.1),#12105);
#13499 = DRAUGHTING_PRE_DEFINED_CURVE_FONT('continuous');
#13500 = STYLED_ITEM('color',(#13501),#4333);
#13501 = PRESENTATION_STYLE_ASSIGNMENT((#13502,#13507));
#13502 = SURFACE_STYLE_USAGE(.BOTH.,#13503);
#13503 = SURFACE_SIDE_STYLE('',(#13504));
#13504 = SURFACE_STYLE_FILL_AREA(#13505);
#13505 = FILL_AREA_STYLE('',(#13506));
#13506 = FILL_AREA_STYLE_COLOUR('',#12105);
#13507 = CURVE_STYLE('',#13508,POSITIVE_LENGTH_MEASURE(0.1),#12105);
#13508 = DRAUGHTING_PRE_DEFINED_CURVE_FONT('continuous');
#13509 = STYLED_ITEM('color',(#13510),#4350);
#13510 = PRESENTATION_STYLE_ASSIGNMENT((#13511,#13516));
#13511 = SURFACE_STYLE_USAGE(.BOTH.,#13512);
#13512 = SURFACE_SIDE_STYLE('',(#13513));
#13513 = SURFACE_STYLE_FILL_AREA(#13514);
#13514 = FILL_AREA_STYLE('',(#13515));
#13515 = FILL_AREA_STYLE_COLOUR('',#12105);
#13516 = CURVE_STYLE('',#13517,POSITIVE_LENGTH_MEASURE(0.1),#12105);
#13517 = DRAUGHTING_PRE_DEFINED_CURVE_FONT('continuous');
#13518 = STYLED_ITEM('color',(#13519),#4367);
#13519 = PRESENTATION_STYLE_ASSIGNMENT((#13520,#13525));
#13520 = SURFACE_STYLE_USAGE(.BOTH.,#13521);
#13521 = SURFACE_SIDE_STYLE('',(#13522));
#13522 = SURFACE_STYLE_FILL_AREA(#13523);
#13523 = FILL_AREA_STYLE('',(#13524));
#13524 = FILL_AREA_STYLE_COLOUR('',#12105);
#13525 = CURVE_STYLE('',#13526,POSITIVE_LENGTH_MEASURE(0.1),#12105);
#13526 = DRAUGHTING_PRE_DEFINED_CURVE_FONT('continuous');
#13527 = STYLED_ITEM('color',(#13528),#4379);
#13528 = PRESENTATION_STYLE_ASSIGNMENT((#13529,#13534));
#13529 = SURFACE_STYLE_USAGE(.BOTH.,#13530);
#13530 = SURFACE_SIDE_STYLE('',(#13531));
#13531 = SURFACE_STYLE_FILL_AREA(#13532);
#13532 = FILL_AREA_STYLE('',(#13533));
#13533 = FILL_AREA_STYLE_COLOUR('',#12105);
#13534 = CURVE_STYLE('',#13535,POSITIVE_LENGTH_MEASURE(0.1),#12105);
#13535 = DRAUGHTING_PRE_DEFINED_CURVE_FONT('continuous');
#13536 = STYLED_ITEM('color',(#13537),#4396);
#13537 = PRESENTATION_STYLE_ASSIGNMENT((#13538,#13543));
#13538 = SURFACE_STYLE_USAGE(.BOTH.,#13539);
#13539 = SURFACE_SIDE_STYLE('',(#13540));
#13540 = SURFACE_STYLE_FILL_AREA(#13541);
#13541 = FILL_AREA_STYLE('',(#13542));
#13542 = FILL_AREA_STYLE_COLOUR('',#12105);
#13543 = CURVE_STYLE('',#13544,POSITIVE_LENGTH_MEASURE(0.1),#12105);
#13544 = DRAUGHTING_PRE_DEFINED_CURVE_FONT('continuous');
#13545 = STYLED_ITEM('color',(#13546),#4413);
#13546 = PRESENTATION_STYLE_ASSIGNMENT((#13547,#13552));
#13547 = SURFACE_STYLE_USAGE(.BOTH.,#13548);
#13548 = SURFACE_SIDE_STYLE('',(#13549));
#13549 = SURFACE_STYLE_FILL_AREA(#13550);
#13550 = FILL_AREA_STYLE('',(#13551));
#13551 = FILL_AREA_STYLE_COLOUR('',#12105);
#13552 = CURVE_STYLE('',#13553,POSITIVE_LENGTH_MEASURE(0.1),#12105);
#13553 = DRAUGHTING_PRE_DEFINED_CURVE_FONT('continuous');
#13554 = STYLED_ITEM('color',(#13555),#4430);
#13555 = PRESENTATION_STYLE_ASSIGNMENT((#13556,#13561));
#13556 = SURFACE_STYLE_USAGE(.BOTH.,#13557);
#13557 = SURFACE_SIDE_STYLE('',(#13558));
#13558 = SURFACE_STYLE_FILL_AREA(#13559);
#13559 = FILL_AREA_STYLE('',(#13560));
#13560 = FILL_AREA_STYLE_COLOUR('',#12105);
#13561 = CURVE_STYLE('',#13562,POSITIVE_LENGTH_MEASURE(0.1),#12105);
#13562 = DRAUGHTING_PRE_DEFINED_CURVE_FONT('continuous');
#13563 = STYLED_ITEM('color',(#13564),#4447);
#13564 = PRESENTATION_STYLE_ASSIGNMENT((#13565,#13570));
#13565 = SURFACE_STYLE_USAGE(.BOTH.,#13566);
#13566 = SURFACE_SIDE_STYLE('',(#13567));
#13567 = SURFACE_STYLE_FILL_AREA(#13568);
#13568 = FILL_AREA_STYLE('',(#13569));
#13569 = FILL_AREA_STYLE_COLOUR('',#12105);
#13570 = CURVE_STYLE('',#13571,POSITIVE_LENGTH_MEASURE(0.1),#12105);
#13571 = DRAUGHTING_PRE_DEFINED_CURVE_FONT('continuous');
#13572 = STYLED_ITEM('color',(#13573),#4464);
#13573 = PRESENTATION_STYLE_ASSIGNMENT((#13574,#13579));
#13574 = SURFACE_STYLE_USAGE(.BOTH.,#13575);
#13575 = SURFACE_SIDE_STYLE('',(#13576));
#13576 = SURFACE_STYLE_FILL_AREA(#13577);
#13577 = FILL_AREA_STYLE('',(#13578));
#13578 = FILL_AREA_STYLE_COLOUR('',#12105);
#13579 = CURVE_STYLE('',#13580,POSITIVE_LENGTH_MEASURE(0.1),#12105);
#13580 = DRAUGHTING_PRE_DEFINED_CURVE_FONT('continuous');
#13581 = STYLED_ITEM('color',(#13582),#4481);
#13582 = PRESENTATION_STYLE_ASSIGNMENT((#13583,#13588));
#13583 = SURFACE_STYLE_USAGE(.BOTH.,#13584);
#13584 = SURFACE_SIDE_STYLE('',(#13585));
#13585 = SURFACE_STYLE_FILL_AREA(#13586);
#13586 = FILL_AREA_STYLE('',(#13587));
#13587 = FILL_AREA_STYLE_COLOUR('',#12105);
#13588 = CURVE_STYLE('',#13589,POSITIVE_LENGTH_MEASURE(0.1),#12105);
#13589 = DRAUGHTING_PRE_DEFINED_CURVE_FONT('continuous');
#13590 = STYLED_ITEM('color',(#13591),#4498);
#13591 = PRESENTATION_STYLE_ASSIGNMENT((#13592,#13597));
#13592 = SURFACE_STYLE_USAGE(.BOTH.,#13593);
#13593 = SURFACE_SIDE_STYLE('',(#13594));
#13594 = SURFACE_STYLE_FILL_AREA(#13595);
#13595 = FILL_AREA_STYLE('',(#13596));
#13596 = FILL_AREA_STYLE_COLOUR('',#12105);
#13597 = CURVE_STYLE('',#13598,POSITIVE_LENGTH_MEASURE(0.1),#12105);
#13598 = DRAUGHTING_PRE_DEFINED_CURVE_FONT('continuous');
#13599 = STYLED_ITEM('color',(#13600),#4510);
#13600 = PRESENTATION_STYLE_ASSIGNMENT((#13601,#13607));
#13601 = SURFACE_STYLE_USAGE(.BOTH.,#13602);
#13602 = SURFACE_SIDE_STYLE('',(#13603));
#13603 = SURFACE_STYLE_FILL_AREA(#13604);
#13604 = FILL_AREA_STYLE('',(#13605));
#13605 = FILL_AREA_STYLE_COLOUR('',#13606);
#13606 = COLOUR_RGB('',0.690999998585,0.664000007176,0.597999987832);
#13607 = CURVE_STYLE('',#13608,POSITIVE_LENGTH_MEASURE(0.1),#13606);
#13608 = DRAUGHTING_PRE_DEFINED_CURVE_FONT('continuous');
#13609 = MECHANICAL_DESIGN_GEOMETRIC_PRESENTATION_REPRESENTATION('',(
    #13610,#13617,#13624,#13631,#13638,#13645,#13652,#13659,#13666,
    #13673,#13680,#13688,#13695,#13702,#13709,#13716,#13723,#13730,
    #13737,#13744,#13751,#13758,#13765,#13772,#13779,#13786,#13793,
    #13800),#10654);
#13610 = STYLED_ITEM('color',(#13611),#9802);
#13611 = PRESENTATION_STYLE_ASSIGNMENT((#13612));
#13612 = SURFACE_STYLE_USAGE(.BOTH.,#13613);
#13613 = SURFACE_SIDE_STYLE('',(#13614));
#13614 = SURFACE_STYLE_FILL_AREA(#13615);
#13615 = FILL_AREA_STYLE('',(#13616));
#13616 = FILL_AREA_STYLE_COLOUR('',#12105);
#13617 = STYLED_ITEM('color',(#13618),#9878);
#13618 = PRESENTATION_STYLE_ASSIGNMENT((#13619));
#13619 = SURFACE_STYLE_USAGE(.BOTH.,#13620);
#13620 = SURFACE_SIDE_STYLE('',(#13621));
#13621 = SURFACE_STYLE_FILL_AREA(#13622);
#13622 = FILL_AREA_STYLE('',(#13623));
#13623 = FILL_AREA_STYLE_COLOUR('',#12105);
#13624 = STYLED_ITEM('color',(#13625),#9909);
#13625 = PRESENTATION_STYLE_ASSIGNMENT((#13626));
#13626 = SURFACE_STYLE_USAGE(.BOTH.,#13627);
#13627 = SURFACE_SIDE_STYLE('',(#13628));
#13628 = SURFACE_STYLE_FILL_AREA(#13629);
#13629 = FILL_AREA_STYLE('',(#13630));
#13630 = FILL_AREA_STYLE_COLOUR('',#12105);
#13631 = STYLED_ITEM('color',(#13632),#9934);
#13632 = PRESENTATION_STYLE_ASSIGNMENT((#13633));
#13633 = SURFACE_STYLE_USAGE(.BOTH.,#13634);
#13634 = SURFACE_SIDE_STYLE('',(#13635));
#13635 = SURFACE_STYLE_FILL_AREA(#13636);
#13636 = FILL_AREA_STYLE('',(#13637));
#13637 = FILL_AREA_STYLE_COLOUR('',#12105);
#13638 = STYLED_ITEM('color',(#13639),#9959);
#13639 = PRESENTATION_STYLE_ASSIGNMENT((#13640));
#13640 = SURFACE_STYLE_USAGE(.BOTH.,#13641);
#13641 = SURFACE_SIDE_STYLE('',(#13642));
#13642 = SURFACE_STYLE_FILL_AREA(#13643);
#13643 = FILL_AREA_STYLE('',(#13644));
#13644 = FILL_AREA_STYLE_COLOUR('',#12105);
#13645 = STYLED_ITEM('color',(#13646),#9983);
#13646 = PRESENTATION_STYLE_ASSIGNMENT((#13647));
#13647 = SURFACE_STYLE_USAGE(.BOTH.,#13648);
#13648 = SURFACE_SIDE_STYLE('',(#13649));
#13649 = SURFACE_STYLE_FILL_AREA(#13650);
#13650 = FILL_AREA_STYLE('',(#13651));
#13651 = FILL_AREA_STYLE_COLOUR('',#12105);
#13652 = STYLED_ITEM('color',(#13653),#10007);
#13653 = PRESENTATION_STYLE_ASSIGNMENT((#13654));
#13654 = SURFACE_STYLE_USAGE(.BOTH.,#13655);
#13655 = SURFACE_SIDE_STYLE('',(#13656));
#13656 = SURFACE_STYLE_FILL_AREA(#13657);
#13657 = FILL_AREA_STYLE('',(#13658));
#13658 = FILL_AREA_STYLE_COLOUR('',#12105);
#13659 = STYLED_ITEM('color',(#13660),#10032);
#13660 = PRESENTATION_STYLE_ASSIGNMENT((#13661));
#13661 = SURFACE_STYLE_USAGE(.BOTH.,#13662);
#13662 = SURFACE_SIDE_STYLE('',(#13663));
#13663 = SURFACE_STYLE_FILL_AREA(#13664);
#13664 = FILL_AREA_STYLE('',(#13665));
#13665 = FILL_AREA_STYLE_COLOUR('',#12105);
#13666 = STYLED_ITEM('color',(#13667),#10057);
#13667 = PRESENTATION_STYLE_ASSIGNMENT((#13668));
#13668 = SURFACE_STYLE_USAGE(.BOTH.,#13669);
#13669 = SURFACE_SIDE_STYLE('',(#13670));
#13670 = SURFACE_STYLE_FILL_AREA(#13671);
#13671 = FILL_AREA_STYLE('',(#13672));
#13672 = FILL_AREA_STYLE_COLOUR('',#12105);
#13673 = STYLED_ITEM('color',(#13674),#10074);
#13674 = PRESENTATION_STYLE_ASSIGNMENT((#13675));
#13675 = SURFACE_STYLE_USAGE(.BOTH.,#13676);
#13676 = SURFACE_SIDE_STYLE('',(#13677));
#13677 = SURFACE_STYLE_FILL_AREA(#13678);
#13678 = FILL_AREA_STYLE('',(#13679));
#13679 = FILL_AREA_STYLE_COLOUR('',#12105);
#13680 = STYLED_ITEM('color',(#13681),#10160);
#13681 = PRESENTATION_STYLE_ASSIGNMENT((#13682));
#13682 = SURFACE_STYLE_USAGE(.BOTH.,#13683);
#13683 = SURFACE_SIDE_STYLE('',(#13684));
#13684 = SURFACE_STYLE_FILL_AREA(#13685);
#13685 = FILL_AREA_STYLE('',(#13686));
#13686 = FILL_AREA_STYLE_COLOUR('',#13687);
#13687 = COLOUR_RGB('',0.379000005575,0.270000008848,0.214999999939);
#13688 = STYLED_ITEM('color',(#13689),#10192);
#13689 = PRESENTATION_STYLE_ASSIGNMENT((#13690));
#13690 = SURFACE_STYLE_USAGE(.BOTH.,#13691);
#13691 = SURFACE_SIDE_STYLE('',(#13692));
#13692 = SURFACE_STYLE_FILL_AREA(#13693);
#13693 = FILL_AREA_STYLE('',(#13694));
#13694 = FILL_AREA_STYLE_COLOUR('',#13687);
#13695 = STYLED_ITEM('color',(#13696),#10216);
#13696 = PRESENTATION_STYLE_ASSIGNMENT((#13697));
#13697 = SURFACE_STYLE_USAGE(.BOTH.,#13698);
#13698 = SURFACE_SIDE_STYLE('',(#13699));
#13699 = SURFACE_STYLE_FILL_AREA(#13700);
#13700 = FILL_AREA_STYLE('',(#13701));
#13701 = FILL_AREA_STYLE_COLOUR('',#13687);
#13702 = STYLED_ITEM('color',(#13703),#10241);
#13703 = PRESENTATION_STYLE_ASSIGNMENT((#13704));
#13704 = SURFACE_STYLE_USAGE(.BOTH.,#13705);
#13705 = SURFACE_SIDE_STYLE('',(#13706));
#13706 = SURFACE_STYLE_FILL_AREA(#13707);
#13707 = FILL_AREA_STYLE('',(#13708));
#13708 = FILL_AREA_STYLE_COLOUR('',#13687);
#13709 = STYLED_ITEM('color',(#13710),#10265);
#13710 = PRESENTATION_STYLE_ASSIGNMENT((#13711));
#13711 = SURFACE_STYLE_USAGE(.BOTH.,#13712);
#13712 = SURFACE_SIDE_STYLE('',(#13713));
#13713 = SURFACE_STYLE_FILL_AREA(#13714);
#13714 = FILL_AREA_STYLE('',(#13715));
#13715 = FILL_AREA_STYLE_COLOUR('',#13687);
#13716 = STYLED_ITEM('color',(#13717),#10290);
#13717 = PRESENTATION_STYLE_ASSIGNMENT((#13718));
#13718 = SURFACE_STYLE_USAGE(.BOTH.,#13719);
#13719 = SURFACE_SIDE_STYLE('',(#13720));
#13720 = SURFACE_STYLE_FILL_AREA(#13721);
#13721 = FILL_AREA_STYLE('',(#13722));
#13722 = FILL_AREA_STYLE_COLOUR('',#13687);
#13723 = STYLED_ITEM('color',(#13724),#10314);
#13724 = PRESENTATION_STYLE_ASSIGNMENT((#13725));
#13725 = SURFACE_STYLE_USAGE(.BOTH.,#13726);
#13726 = SURFACE_SIDE_STYLE('',(#13727));
#13727 = SURFACE_STYLE_FILL_AREA(#13728);
#13728 = FILL_AREA_STYLE('',(#13729));
#13729 = FILL_AREA_STYLE_COLOUR('',#13687);
#13730 = STYLED_ITEM('color',(#13731),#10339);
#13731 = PRESENTATION_STYLE_ASSIGNMENT((#13732));
#13732 = SURFACE_STYLE_USAGE(.BOTH.,#13733);
#13733 = SURFACE_SIDE_STYLE('',(#13734));
#13734 = SURFACE_STYLE_FILL_AREA(#13735);
#13735 = FILL_AREA_STYLE('',(#13736));
#13736 = FILL_AREA_STYLE_COLOUR('',#13687);
#13737 = STYLED_ITEM('color',(#13738),#10356);
#13738 = PRESENTATION_STYLE_ASSIGNMENT((#13739));
#13739 = SURFACE_STYLE_USAGE(.BOTH.,#13740);
#13740 = SURFACE_SIDE_STYLE('',(#13741));
#13741 = SURFACE_STYLE_FILL_AREA(#13742);
#13742 = FILL_AREA_STYLE('',(#13743));
#13743 = FILL_AREA_STYLE_COLOUR('',#12105);
#13744 = STYLED_ITEM('color',(#13745),#10442);
#13745 = PRESENTATION_STYLE_ASSIGNMENT((#13746));
#13746 = SURFACE_STYLE_USAGE(.BOTH.,#13747);
#13747 = SURFACE_SIDE_STYLE('',(#13748));
#13748 = SURFACE_STYLE_FILL_AREA(#13749);
#13749 = FILL_AREA_STYLE('',(#13750));
#13750 = FILL_AREA_STYLE_COLOUR('',#12105);
#13751 = STYLED_ITEM('color',(#13752),#10473);
#13752 = PRESENTATION_STYLE_ASSIGNMENT((#13753));
#13753 = SURFACE_STYLE_USAGE(.BOTH.,#13754);
#13754 = SURFACE_SIDE_STYLE('',(#13755));
#13755 = SURFACE_STYLE_FILL_AREA(#13756);
#13756 = FILL_AREA_STYLE('',(#13757));
#13757 = FILL_AREA_STYLE_COLOUR('',#12105);
#13758 = STYLED_ITEM('color',(#13759),#10498);
#13759 = PRESENTATION_STYLE_ASSIGNMENT((#13760));
#13760 = SURFACE_STYLE_USAGE(.BOTH.,#13761);
#13761 = SURFACE_SIDE_STYLE('',(#13762));
#13762 = SURFACE_STYLE_FILL_AREA(#13763);
#13763 = FILL_AREA_STYLE('',(#13764));
#13764 = FILL_AREA_STYLE_COLOUR('',#12105);
#13765 = STYLED_ITEM('color',(#13766),#10523);
#13766 = PRESENTATION_STYLE_ASSIGNMENT((#13767));
#13767 = SURFACE_STYLE_USAGE(.BOTH.,#13768);
#13768 = SURFACE_SIDE_STYLE('',(#13769));
#13769 = SURFACE_STYLE_FILL_AREA(#13770);
#13770 = FILL_AREA_STYLE('',(#13771));
#13771 = FILL_AREA_STYLE_COLOUR('',#12105);
#13772 = STYLED_ITEM('color',(#13773),#10547);
#13773 = PRESENTATION_STYLE_ASSIGNMENT((#13774));
#13774 = SURFACE_STYLE_USAGE(.BOTH.,#13775);
#13775 = SURFACE_SIDE_STYLE('',(#13776));
#13776 = SURFACE_STYLE_FILL_AREA(#13777);
#13777 = FILL_AREA_STYLE('',(#13778));
#13778 = FILL_AREA_STYLE_COLOUR('',#12105);
#13779 = STYLED_ITEM('color',(#13780),#10571);
#13780 = PRESENTATION_STYLE_ASSIGNMENT((#13781));
#13781 = SURFACE_STYLE_USAGE(.BOTH.,#13782);
#13782 = SURFACE_SIDE_STYLE('',(#13783));
#13783 = SURFACE_STYLE_FILL_AREA(#13784);
#13784 = FILL_AREA_STYLE('',(#13785));
#13785 = FILL_AREA_STYLE_COLOUR('',#12105);
#13786 = STYLED_ITEM('color',(#13787),#10596);
#13787 = PRESENTATION_STYLE_ASSIGNMENT((#13788));
#13788 = SURFACE_STYLE_USAGE(.BOTH.,#13789);
#13789 = SURFACE_SIDE_STYLE('',(#13790));
#13790 = SURFACE_STYLE_FILL_AREA(#13791);
#13791 = FILL_AREA_STYLE('',(#13792));
#13792 = FILL_AREA_STYLE_COLOUR('',#12105);
#13793 = STYLED_ITEM('color',(#13794),#10621);
#13794 = PRESENTATION_STYLE_ASSIGNMENT((#13795));
#13795 = SURFACE_STYLE_USAGE(.BOTH.,#13796);
#13796 = SURFACE_SIDE_STYLE('',(#13797));
#13797 = SURFACE_STYLE_FILL_AREA(#13798);
#13798 = FILL_AREA_STYLE('',(#13799));
#13799 = FILL_AREA_STYLE_COLOUR('',#12105);
#13800 = STYLED_ITEM('color',(#13801),#10638);
#13801 = PRESENTATION_STYLE_ASSIGNMENT((#13802));
#13802 = SURFACE_STYLE_USAGE(.BOTH.,#13803);
#13803 = SURFACE_SIDE_STYLE('',(#13804));
#13804 = SURFACE_STYLE_FILL_AREA(#13805);
#13805 = FILL_AREA_STYLE('',(#13806));
#13806 = FILL_AREA_STYLE_COLOUR('',#12105);
ENDSEC;
END-ISO-10303-21;
